{
  "hasZ": true,
  "hasM": true,
  "type": "FeatureCollection",
  "features": [
    {
      "type": "Feature",
      "id": 0,
      "geometry": {
        "type": "Point",
        "coordinates": [
          54.513241892000053,
          24.377590695000038,
          0
        ]
      },
      "properties": {
        "FID": 0,
        "X": 54.513241999999998,
        "Y": 24.377590694599998,
        "name": "شارع الهضاب 3 / شارع الر\u0651\u064Eشاد 4\n- ب",
        "zones": "منطقة المصفح",
        "direction": "ب",
        "description": "شارع الهضاب 3 / شارع الر\u0651\u064Eشاد 4",
        "stationType": 3,
        "regionCode": "AE-ABU-DHABI",
        "OBJECTID": 1,
        "landmark": ""
      }
    },
    {
      "type": "Feature",
      "id": 1,
      "geometry": {
        "type": "Point",
        "coordinates": [
          54.513266157000032,
          24.377922149000028,
          0
        ]
      },
      "properties": {
        "FID": 1,
        "X": 54.513266000000002,
        "Y": 24.377922148700002,
        "name": "شارع الهضاب 3 / شارع الر\u0651\u064Eشاد 4\n- أ",
        "zones": "منطقة المصفح",
        "direction": "أ",
        "description": "شارع الهضاب 3 / شارع الر\u0651\u064Eشاد 4",
        "stationType": 3,
        "regionCode": "AE-ABU-DHABI",
        "OBJECTID": 2,
        "landmark": ""
      }
    },
    {
      "type": "Feature",
      "id": 2,
      "geometry": {
        "type": "Point",
        "coordinates": [
          54.513490257000058,
          24.373083727000051,
          0
        ]
      },
      "properties": {
        "FID": 2,
        "X": 54.513489999999997,
        "Y": 24.373083727099999,
        "name": "شارع سلطان بن محمد القبيسي / شارع الرحى 8\n- ب",
        "zones": "منطقة المصفح",
        "direction": "ب",
        "description": "شارع سلطان بن محمد القبيسي / شارع الرحى 8",
        "stationType": 3,
        "regionCode": "AE-ABU-DHABI",
        "OBJECTID": 3,
        "landmark": ""
      }
    },
    {
      "type": "Feature",
      "id": 3,
      "geometry": {
        "type": "Point",
        "coordinates": [
          54.513869881000062,
          24.373572661000026,
          0
        ]
      },
      "properties": {
        "FID": 3,
        "X": 54.513869999999997,
        "Y": 24.373572660800001,
        "name": "شارع سلطان بن محمد القبيسي / شارع الرحى 8\n- أ",
        "zones": "منطقة المصفح",
        "direction": "أ",
        "description": "شارع سلطان بن محمد القبيسي / شارع الرحى 8",
        "stationType": 3,
        "regionCode": "AE-ABU-DHABI",
        "OBJECTID": 4,
        "landmark": ""
      }
    },
    {
      "type": "Feature",
      "id": 4,
      "geometry": {
        "type": "Point",
        "coordinates": [
          54.519280440000045,
          24.380204589000073,
          0
        ]
      },
      "properties": {
        "FID": 4,
        "X": 54.519280000000002,
        "Y": 24.380204588600002,
        "name": "مصفح (1) -أ",
        "zones": "منطقة المصفح",
        "direction": "أ",
        "description": "مصفح (1)",
        "stationType": 2,
        "regionCode": "AE-ABU-DHABI",
        "OBJECTID": 5,
        "landmark": ""
      }
    },
    {
      "type": "Feature",
      "id": 5,
      "geometry": {
        "type": "Point",
        "coordinates": [
          54.522307412000032,
          24.361857275000034,
          0
        ]
      },
      "properties": {
        "FID": 5,
        "X": 54.522306999999998,
        "Y": 24.361857274799998,
        "name": "مصفح (24)-ب",
        "zones": "منطقة المصفح",
        "direction": "ب",
        "description": "مصفح (24)",
        "stationType": 2,
        "regionCode": "AE-ABU-DHABI",
        "OBJECTID": 6,
        "landmark": ""
      }
    },
    {
      "type": "Feature",
      "id": 6,
      "geometry": {
        "type": "Point",
        "coordinates": [
          54.513137541000049,
          24.380013736000024,
          0
        ]
      },
      "properties": {
        "FID": 6,
        "X": 54.513137999999998,
        "Y": 24.380013735999999,
        "name": "مصفح (8) - أ",
        "zones": "منطقة المصفح",
        "direction": "أ",
        "description": "مصفح (8)",
        "stationType": 2,
        "regionCode": "AE-ABU-DHABI",
        "OBJECTID": 7,
        "landmark": ""
      }
    },
    {
      "type": "Feature",
      "id": 7,
      "geometry": {
        "type": "Point",
        "coordinates": [
          54.518536438000069,
          24.361607080000056,
          0
        ]
      },
      "properties": {
        "FID": 7,
        "X": 54.518535999999997,
        "Y": 24.361607079999999,
        "name": "مصفح (24)- أ",
        "zones": "منطقة المصفح",
        "direction": "أ",
        "description": "مصفح (24)",
        "stationType": 2,
        "regionCode": "AE-ABU-DHABI",
        "OBJECTID": 8,
        "landmark": ""
      }
    },
    {
      "type": "Feature",
      "id": 8,
      "geometry": {
        "type": "Point",
        "coordinates": [
          54.519410328000049,
          24.366303111000036,
          0
        ]
      },
      "properties": {
        "FID": 8,
        "X": 54.519410000000001,
        "Y": 24.366303110699999,
        "name": "مصفح (4) -أ",
        "zones": "منطقة المصفح",
        "direction": "أ",
        "description": "مصفح (4)",
        "stationType": 2,
        "regionCode": "AE-ABU-DHABI",
        "OBJECTID": 9,
        "landmark": ""
      }
    },
    {
      "type": "Feature",
      "id": 9,
      "geometry": {
        "type": "Point",
        "coordinates": [
          54.520187646000068,
          24.376124553000068,
          0
        ]
      },
      "properties": {
        "FID": 9,
        "X": 54.520187999999997,
        "Y": 24.3761245526,
        "name": "مصفح (2) - ب",
        "zones": "منطقة المصفح",
        "direction": "ب",
        "description": "مصفح (2)",
        "stationType": 2,
        "regionCode": "AE-ABU-DHABI",
        "OBJECTID": 10,
        "landmark": ""
      }
    },
    {
      "type": "Feature",
      "id": 10,
      "geometry": {
        "type": "Point",
        "coordinates": [
          54.519149491000064,
          24.371160435000036,
          0
        ]
      },
      "properties": {
        "FID": 10,
        "X": 54.519148999999999,
        "Y": 24.371160435099998,
        "name": "مصفح (3) - أ",
        "zones": "منطقة المصفح",
        "direction": "أ",
        "description": "مصفح (3)",
        "stationType": 2,
        "regionCode": "AE-ABU-DHABI",
        "OBJECTID": 11,
        "landmark": ""
      }
    },
    {
      "type": "Feature",
      "id": 11,
      "geometry": {
        "type": "Point",
        "coordinates": [
          54.513398385000073,
          24.375537848000079,
          0
        ]
      },
      "properties": {
        "FID": 11,
        "X": 54.513398000000002,
        "Y": 24.3755378478,
        "name": "مصفح (7)",
        "zones": "منطقة المصفح",
        "direction": "أ",
        "description": "مصفح (7)",
        "stationType": 2,
        "regionCode": "AE-ABU-DHABI",
        "OBJECTID": 12,
        "landmark": ""
      }
    },
    {
      "type": "Feature",
      "id": 12,
      "geometry": {
        "type": "Point",
        "coordinates": [
          54.522716440000067,
          24.357677308000063,
          0
        ]
      },
      "properties": {
        "FID": 12,
        "X": 54.522716000000003,
        "Y": 24.357677307900001,
        "name": "مصفح (23)",
        "zones": "منطقة المصفح",
        "direction": "أ",
        "description": "مصفح (23)",
        "stationType": 2,
        "regionCode": "AE-ABU-DHABI",
        "OBJECTID": 13,
        "landmark": ""
      }
    },
    {
      "type": "Feature",
      "id": 13,
      "geometry": {
        "type": "Point",
        "coordinates": [
          54.514381397000079,
          24.353042984000069,
          0
        ]
      },
      "properties": {
        "FID": 13,
        "X": 54.514381,
        "Y": 24.353042983600002,
        "name": "مصفح (32-1) - أ",
        "zones": "منطقة المصفح",
        "direction": "أ",
        "description": "مصفح (32-1)",
        "stationType": 2,
        "regionCode": "AE-ABU-DHABI",
        "OBJECTID": 14,
        "landmark": ""
      }
    },
    {
      "type": "Feature",
      "id": 14,
      "geometry": {
        "type": "Point",
        "coordinates": [
          54.513456733000055,
          24.370925055000043,
          0
        ]
      },
      "properties": {
        "FID": 14,
        "X": 54.513457000000002,
        "Y": 24.370925054499999,
        "name": "مصفح (6) - أ",
        "zones": "منطقة المصفح",
        "direction": "أ",
        "description": "مصفح (6)",
        "stationType": 2,
        "regionCode": "AE-ABU-DHABI",
        "OBJECTID": 15,
        "landmark": ""
      }
    },
    {
      "type": "Feature",
      "id": 15,
      "geometry": {
        "type": "Point",
        "coordinates": [
          54.513689310000075,
          24.366395601000079,
          0
        ]
      },
      "properties": {
        "FID": 15,
        "X": 54.513688999999999,
        "Y": 24.366395601400001,
        "name": "مصفح (5) - أ",
        "zones": "منطقة المصفح",
        "direction": "أ",
        "description": "مصفح (5)",
        "stationType": 2,
        "regionCode": "AE-ABU-DHABI",
        "OBJECTID": 16,
        "landmark": ""
      }
    },
    {
      "type": "Feature",
      "id": 16,
      "geometry": {
        "type": "Point",
        "coordinates": [
          54.514116861000048,
          24.357448967000039,
          0
        ]
      },
      "properties": {
        "FID": 16,
        "X": 54.514116999999999,
        "Y": 24.357448966700002,
        "name": "مصفح (32-2)",
        "zones": "منطقة المصفح",
        "direction": "أ",
        "description": "مصفح (32-2)",
        "stationType": 2,
        "regionCode": "AE-ABU-DHABI",
        "OBJECTID": 17,
        "landmark": ""
      }
    },
    {
      "type": "Feature",
      "id": 17,
      "geometry": {
        "type": "Point",
        "coordinates": [
          54.513864759000057,
          24.362044212000058,
          0
        ]
      },
      "properties": {
        "FID": 17,
        "X": 54.513865000000003,
        "Y": 24.362044212299999,
        "name": "مصفح (23) - أ",
        "zones": "منطقة المصفح",
        "direction": "أ",
        "description": "مصفح (23)",
        "stationType": 2,
        "regionCode": "AE-ABU-DHABI",
        "OBJECTID": 18,
        "landmark": ""
      }
    },
    {
      "type": "Feature",
      "id": 18,
      "geometry": {
        "type": "Point",
        "coordinates": [
          54.508288956000058,
          24.370860074000063,
          0
        ]
      },
      "properties": {
        "FID": 18,
        "X": 54.508288999999998,
        "Y": 24.370860073900001,
        "name": "مصفح (10) - ب",
        "zones": "منطقة المصفح",
        "direction": "ب",
        "description": "مصفح (10)",
        "stationType": 2,
        "regionCode": "AE-ABU-DHABI",
        "OBJECTID": 19,
        "landmark": ""
      }
    },
    {
      "type": "Feature",
      "id": 19,
      "geometry": {
        "type": "Point",
        "coordinates": [
          54.505938012000058,
          24.375099083000066,
          0
        ]
      },
      "properties": {
        "FID": 19,
        "X": 54.505938,
        "Y": 24.375099082599998,
        "name": "مصفح (9) - أ",
        "zones": "منطقة المصفح",
        "direction": "أ",
        "description": "مصفح (9)",
        "stationType": 2,
        "regionCode": "AE-ABU-DHABI",
        "OBJECTID": 20,
        "landmark": ""
      }
    },
    {
      "type": "Feature",
      "id": 20,
      "geometry": {
        "type": "Point",
        "coordinates": [
          54.52045071100008,
          24.348840191000079,
          0
        ]
      },
      "properties": {
        "FID": 20,
        "X": 54.520451000000001,
        "Y": 24.348840191299999,
        "name": "مصفح (26) - أ",
        "zones": "منطقة المصفح",
        "direction": "أ",
        "description": "مصفح (26)",
        "stationType": 2,
        "regionCode": "AE-ABU-DHABI",
        "OBJECTID": 21,
        "landmark": ""
      }
    },
    {
      "type": "Feature",
      "id": 21,
      "geometry": {
        "type": "Point",
        "coordinates": [
          54.520255155000029,
          24.353555737000079,
          0
        ]
      },
      "properties": {
        "FID": 21,
        "X": 54.520254999999999,
        "Y": 24.353555736600001,
        "name": "مصفح (26) - ب",
        "zones": "منطقة المصفح",
        "direction": "ب",
        "description": "مصفح (26)",
        "stationType": 2,
        "regionCode": "AE-ABU-DHABI",
        "OBJECTID": 22,
        "landmark": ""
      }
    },
    {
      "type": "Feature",
      "id": 22,
      "geometry": {
        "type": "Point",
        "coordinates": [
          54.514718670000036,
          24.34849878600005,
          0
        ]
      },
      "properties": {
        "FID": 22,
        "X": 54.514718999999999,
        "Y": 24.3484987864,
        "name": "مصفح (32-1)- ب",
        "zones": "منطقة المصفح",
        "direction": "ب",
        "description": "مصفح (32-1)",
        "stationType": 2,
        "regionCode": "AE-ABU-DHABI",
        "OBJECTID": 23,
        "landmark": ""
      }
    },
    {
      "type": "Feature",
      "id": 23,
      "geometry": {
        "type": "Point",
        "coordinates": [
          54.50569936100004,
          24.379940461000047,
          0
        ]
      },
      "properties": {
        "FID": 23,
        "X": 54.505699,
        "Y": 24.379940460899999,
        "name": "مصفح (9) - ب",
        "zones": "منطقة المصفح",
        "direction": "ب",
        "description": "مصفح (9)",
        "stationType": 2,
        "regionCode": "AE-ABU-DHABI",
        "OBJECTID": 24,
        "landmark": ""
      }
    },
    {
      "type": "Feature",
      "id": 24,
      "geometry": {
        "type": "Point",
        "coordinates": [
          54.509098504000065,
          24.357255130000055,
          0
        ]
      },
      "properties": {
        "FID": 24,
        "X": 54.509098999999999,
        "Y": 24.3572551295,
        "name": "مصفح (33) - أ",
        "zones": "منطقة المصفح",
        "direction": "أ",
        "description": "مصفح (33)",
        "stationType": 2,
        "regionCode": "AE-ABU-DHABI",
        "OBJECTID": 25,
        "landmark": ""
      }
    },
    {
      "type": "Feature",
      "id": 25,
      "geometry": {
        "type": "Point",
        "coordinates": [
          54.505783234000035,
          24.362245302000076,
          0
        ]
      },
      "properties": {
        "FID": 25,
        "X": 54.505783000000001,
        "Y": 24.3622453019,
        "name": "مصفح (11) - أ",
        "zones": "منطقة المصفح",
        "direction": "أ",
        "description": "مصفح (11)",
        "stationType": 2,
        "regionCode": "AE-ABU-DHABI",
        "OBJECTID": 26,
        "landmark": ""
      }
    },
    {
      "type": "Feature",
      "id": 26,
      "geometry": {
        "type": "Point",
        "coordinates": [
          54.504005100000029,
          24.370688216000076,
          0
        ]
      },
      "properties": {
        "FID": 26,
        "X": 54.504004999999999,
        "Y": 24.3706882155,
        "name": "مصفح (10) - أ",
        "zones": "منطقة المصفح",
        "direction": "أ",
        "description": "مصفح (10)",
        "stationType": 2,
        "regionCode": "AE-ABU-DHABI",
        "OBJECTID": 27,
        "landmark": ""
      }
    },
    {
      "type": "Feature",
      "id": 27,
      "geometry": {
        "type": "Point",
        "coordinates": [
          54.508686197000031,
          24.36506877100004,
          0
        ]
      },
      "properties": {
        "FID": 27,
        "X": 54.508685999999997,
        "Y": 24.365068771099999,
        "name": "مصفح (11) - ب",
        "zones": "منطقة المصفح",
        "direction": "ب",
        "description": "مصفح (11)",
        "stationType": 2,
        "regionCode": "AE-ABU-DHABI",
        "OBJECTID": 28,
        "landmark": ""
      }
    },
    {
      "type": "Feature",
      "id": 28,
      "geometry": {
        "type": "Point",
        "coordinates": [
          54.504557396000052,
          24.35715880500004,
          0
        ]
      },
      "properties": {
        "FID": 28,
        "X": 54.504556999999998,
        "Y": 24.357158804600001,
        "name": "مصفح (33) - ب",
        "zones": "منطقة المصفح",
        "direction": "ب",
        "description": "مصفح (33)",
        "stationType": 2,
        "regionCode": "AE-ABU-DHABI",
        "OBJECTID": 29,
        "landmark": ""
      }
    },
    {
      "type": "Feature",
      "id": 29,
      "geometry": {
        "type": "Point",
        "coordinates": [
          54.510577787000045,
          24.341723864000073,
          0
        ]
      },
      "properties": {
        "FID": 29,
        "X": 54.510578000000002,
        "Y": 24.341723864399999,
        "name": "مصفح (35) - ب",
        "zones": "منطقة المصفح",
        "direction": "ب",
        "description": "مصفح (35)",
        "stationType": 2,
        "regionCode": "AE-ABU-DHABI",
        "OBJECTID": 30,
        "landmark": ""
      }
    },
    {
      "type": "Feature",
      "id": 30,
      "geometry": {
        "type": "Point",
        "coordinates": [
          54.504897235000044,
          24.339274408000051,
          0
        ]
      },
      "properties": {
        "FID": 30,
        "X": 54.504897,
        "Y": 24.3392744075,
        "name": "مصفح (35) - ج",
        "zones": "منطقة المصفح",
        "direction": "ج",
        "description": "مصفح (35)",
        "stationType": 2,
        "regionCode": "AE-ABU-DHABI",
        "OBJECTID": 31,
        "landmark": ""
      }
    },
    {
      "type": "Feature",
      "id": 31,
      "geometry": {
        "type": "Point",
        "coordinates": [
          54.504465941000035,
          24.343701193000072,
          0
        ]
      },
      "properties": {
        "FID": 31,
        "X": 54.504466000000001,
        "Y": 24.343701192699999,
        "name": "مصفح (35) - أ",
        "zones": "منطقة المصفح",
        "direction": "أ",
        "description": "مصفح (35)",
        "stationType": 2,
        "regionCode": "AE-ABU-DHABI",
        "OBJECTID": 32,
        "landmark": ""
      }
    },
    {
      "type": "Feature",
      "id": 32,
      "geometry": {
        "type": "Point",
        "coordinates": [
          54.524112951000063,
          24.342306134000069,
          0
        ]
      },
      "properties": {
        "FID": 32,
        "X": 54.524113,
        "Y": 24.342306134000001,
        "name": "مصفح (28)",
        "zones": "منطقة المصفح",
        "direction": "أ",
        "description": "مصفح (28)",
        "stationType": 2,
        "regionCode": "AE-ABU-DHABI",
        "OBJECTID": 33,
        "landmark": ""
      }
    },
    {
      "type": "Feature",
      "id": 33,
      "geometry": {
        "type": "Point",
        "coordinates": [
          54.499115750000044,
          24.378547475000062,
          0
        ]
      },
      "properties": {
        "FID": 33,
        "X": 54.499116000000001,
        "Y": 24.378547475200001,
        "name": "مصفح (14) - أ",
        "zones": "منطقة المصفح",
        "direction": "أ",
        "description": "مصفح (14)",
        "stationType": 2,
        "regionCode": "AE-ABU-DHABI",
        "OBJECTID": 34,
        "landmark": ""
      }
    },
    {
      "type": "Feature",
      "id": 34,
      "geometry": {
        "type": "Point",
        "coordinates": [
          54.495080466000047,
          24.375535251000031,
          0
        ]
      },
      "properties": {
        "FID": 34,
        "X": 54.495080000000002,
        "Y": 24.3755352507,
        "name": "مصفح (14) - ب",
        "zones": "منطقة المصفح",
        "direction": "ب",
        "description": "مصفح (14)",
        "stationType": 2,
        "regionCode": "AE-ABU-DHABI",
        "OBJECTID": 35,
        "landmark": ""
      }
    },
    {
      "type": "Feature",
      "id": 35,
      "geometry": {
        "type": "Point",
        "coordinates": [
          54.494320868000045,
          24.370291050000048,
          0
        ]
      },
      "properties": {
        "FID": 35,
        "X": 54.494320999999999,
        "Y": 24.370291049999999,
        "name": "مصفح (13) - أ",
        "zones": "منطقة المصفح",
        "direction": "أ",
        "description": "مصفح (13)",
        "stationType": 2,
        "regionCode": "AE-ABU-DHABI",
        "OBJECTID": 36,
        "landmark": ""
      }
    },
    {
      "type": "Feature",
      "id": 36,
      "geometry": {
        "type": "Point",
        "coordinates": [
          54.499494484000081,
          24.348137388000055,
          0
        ]
      },
      "properties": {
        "FID": 36,
        "X": 54.499493999999999,
        "Y": 24.3481373879,
        "name": "مصفح (37) - د",
        "zones": "منطقة المصفح",
        "direction": "د",
        "description": "مصفح (37)",
        "stationType": 2,
        "regionCode": "AE-ABU-DHABI",
        "OBJECTID": 37,
        "landmark": ""
      }
    },
    {
      "type": "Feature",
      "id": 37,
      "geometry": {
        "type": "Point",
        "coordinates": [
          54.49539027600008,
          24.347981711000045,
          0
        ]
      },
      "properties": {
        "FID": 37,
        "X": 54.49539,
        "Y": 24.347981710799999,
        "name": "مصفح (37) - ج",
        "zones": "منطقة المصفح",
        "direction": "ج",
        "description": "مصفح (37)",
        "stationType": 2,
        "regionCode": "AE-ABU-DHABI",
        "OBJECTID": 38,
        "landmark": ""
      }
    },
    {
      "type": "Feature",
      "id": 38,
      "geometry": {
        "type": "Point",
        "coordinates": [
          54.498454700000082,
          24.37037470100006,
          0
        ]
      },
      "properties": {
        "FID": 38,
        "X": 54.498455,
        "Y": 24.370374700599999,
        "name": "مصفح (13) - ب",
        "zones": "منطقة المصفح",
        "direction": "ب",
        "description": "مصفح (13)",
        "stationType": 2,
        "regionCode": "AE-ABU-DHABI",
        "OBJECTID": 39,
        "landmark": ""
      }
    },
    {
      "type": "Feature",
      "id": 39,
      "geometry": {
        "type": "Point",
        "coordinates": [
          54.499683514000083,
          24.364854639000043,
          0
        ]
      },
      "properties": {
        "FID": 39,
        "X": 54.499684000000002,
        "Y": 24.364854638800001,
        "name": "مصفح (12) - أ",
        "zones": "منطقة المصفح",
        "direction": "أ",
        "description": "مصفح (12)",
        "stationType": 2,
        "regionCode": "AE-ABU-DHABI",
        "OBJECTID": 40,
        "landmark": ""
      }
    },
    {
      "type": "Feature",
      "id": 40,
      "geometry": {
        "type": "Point",
        "coordinates": [
          54.495703940000055,
          24.362192532000051,
          0
        ]
      },
      "properties": {
        "FID": 40,
        "X": 54.495704000000003,
        "Y": 24.362192531800002,
        "name": "مصفح (12) - ب",
        "zones": "منطقة المصفح",
        "direction": "ب",
        "description": "مصفح (12)",
        "stationType": 2,
        "regionCode": "AE-ABU-DHABI",
        "OBJECTID": 41,
        "landmark": ""
      }
    },
    {
      "type": "Feature",
      "id": 41,
      "geometry": {
        "type": "Point",
        "coordinates": [
          54.496376124000051,
          24.356522781000024,
          0
        ]
      },
      "properties": {
        "FID": 41,
        "X": 54.496375999999998,
        "Y": 24.356522781199999,
        "name": "مصفح (38)",
        "zones": "منطقة المصفح",
        "direction": "أ",
        "description": "مصفح (38)",
        "stationType": 2,
        "regionCode": "AE-ABU-DHABI",
        "OBJECTID": 42,
        "landmark": ""
      }
    },
    {
      "type": "Feature",
      "id": 42,
      "geometry": {
        "type": "Point",
        "coordinates": [
          54.49926890200004,
          24.352281315000027,
          0
        ]
      },
      "properties": {
        "FID": 42,
        "X": 54.499268999999998,
        "Y": 24.352281314799999,
        "name": "مصفح(37) - أ",
        "zones": "منطقة المصفح",
        "direction": "أ",
        "description": "مصفح (37)",
        "stationType": 2,
        "regionCode": "AE-ABU-DHABI",
        "OBJECTID": 43,
        "landmark": ""
      }
    },
    {
      "type": "Feature",
      "id": 43,
      "geometry": {
        "type": "Point",
        "coordinates": [
          54.495292570000061,
          24.352273976000049,
          0
        ]
      },
      "properties": {
        "FID": 43,
        "X": 54.495292999999997,
        "Y": 24.352273975900001,
        "name": "مصفح (37) - ب",
        "zones": "منطقة المصفح",
        "direction": "ب",
        "description": "مصفح (37)",
        "stationType": 2,
        "regionCode": "AE-ABU-DHABI",
        "OBJECTID": 44,
        "landmark": ""
      }
    },
    {
      "type": "Feature",
      "id": 44,
      "geometry": {
        "type": "Point",
        "coordinates": [
          54.496223658000076,
          24.372862724000072,
          0
        ]
      },
      "properties": {
        "FID": 44,
        "X": 54.496223999999998,
        "Y": 24.372862723699999,
        "name": "شارع سلطان بن محمد القبيسي / الدفاع المدني\n- أ",
        "zones": "منطقة المصفح",
        "direction": "أ",
        "description": "شارع سلطان بن محمد القبيسي / الدفاع المدني",
        "stationType": 3,
        "regionCode": "AE-ABU-DHABI",
        "OBJECTID": 45,
        "landmark": ""
      }
    },
    {
      "type": "Feature",
      "id": 45,
      "geometry": {
        "type": "Point",
        "coordinates": [
          54.519324162000032,
          24.382688874000053,
          0
        ]
      },
      "properties": {
        "FID": 45,
        "X": 54.519323999999997,
        "Y": 24.382688874399999,
        "name": "شارع الس\u0651\u064Eلام\u0650ي/ بلدية أبوظبي - مصفح",
        "zones": "منطقة المصفح",
        "direction": "أ",
        "description": "شارع الس\u0651\u064Eلام\u0650ي/ بلدية أبوظبي - مصفح",
        "stationType": 3,
        "regionCode": "AE-ABU-DHABI",
        "OBJECTID": 46,
        "landmark": ""
      }
    },
    {
      "type": "Feature",
      "id": 46,
      "geometry": {
        "type": "Point",
        "coordinates": [
          54.508227475000069,
          24.382234882000034,
          0
        ]
      },
      "properties": {
        "FID": 46,
        "X": 54.508226999999998,
        "Y": 24.382234882199999,
        "name": "شارع الس\u0651\u064Eلام\u0650ي / خدمات توجيه\n- أ",
        "zones": "منطقة المصفح",
        "direction": "أ",
        "description": "شارع الس\u0651\u064Eلام\u0650ي / خدمات توجيه",
        "stationType": 3,
        "regionCode": "AE-ABU-DHABI",
        "OBJECTID": 47,
        "landmark": ""
      }
    },
    {
      "type": "Feature",
      "id": 47,
      "geometry": {
        "type": "Point",
        "coordinates": [
          54.508083029000034,
          24.382034561000069,
          0
        ]
      },
      "properties": {
        "FID": 47,
        "X": 54.508082999999999,
        "Y": 24.382034561099999,
        "name": "شارع الس\u0651\u064Eلام\u0650ي / خدمات توجيه\n-ب",
        "zones": "منطقة المصفح",
        "direction": "ب",
        "description": "شارع الس\u0651\u064Eلام\u0650ي / خدمات توجيه",
        "stationType": 3,
        "regionCode": "AE-ABU-DHABI",
        "OBJECTID": 48,
        "landmark": ""
      }
    },
    {
      "type": "Feature",
      "id": 48,
      "geometry": {
        "type": "Point",
        "coordinates": [
          54.497638256000073,
          24.381839755000044,
          0
        ]
      },
      "properties": {
        "FID": 48,
        "X": 54.497638000000002,
        "Y": 24.381839755400001,
        "name": "شارع الس\u0651\u064Eلام\u0650ي / أكاديمية أبوظبي البحرية\n- أ",
        "zones": "منطقة المصفح",
        "direction": "أ",
        "description": "شارع الس\u0651\u064Eلام\u0650ي / أكاديمية أبوظبي البحرية",
        "stationType": 3,
        "regionCode": "AE-ABU-DHABI",
        "OBJECTID": 49,
        "landmark": ""
      }
    },
    {
      "type": "Feature",
      "id": 49,
      "geometry": {
        "type": "Point",
        "coordinates": [
          54.497435900000028,
          24.38162335100003,
          0
        ]
      },
      "properties": {
        "FID": 49,
        "X": 54.497436,
        "Y": 24.3816233509,
        "name": "شارع الس\u0651\u064Eلام\u0650ي / أكاديمية أبوظبي البحرية\n- ب",
        "zones": "منطقة المصفح",
        "direction": "ب",
        "description": "شارع الس\u0651\u064Eلام\u0650ي / أكاديمية أبوظبي البحرية",
        "stationType": 3,
        "regionCode": "AE-ABU-DHABI",
        "OBJECTID": 50,
        "landmark": ""
      }
    },
    {
      "type": "Feature",
      "id": 50,
      "geometry": {
        "type": "Point",
        "coordinates": [
          54.486324480000064,
          24.372497357000043,
          0
        ]
      },
      "properties": {
        "FID": 50,
        "X": 54.486324000000003,
        "Y": 24.372497357,
        "name": "شارع سلطان بن محمد القبيسي / شارع القنوت 6\n- أ",
        "zones": "منطقة المصفح",
        "direction": "أ",
        "description": "شارع سلطان بن محمد القبيسي / شارع القنوت 6",
        "stationType": 3,
        "regionCode": "AE-ABU-DHABI",
        "OBJECTID": 51,
        "landmark": ""
      }
    },
    {
      "type": "Feature",
      "id": 51,
      "geometry": {
        "type": "Point",
        "coordinates": [
          54.477976501000057,
          24.380791397000053,
          0
        ]
      },
      "properties": {
        "FID": 51,
        "X": 54.477977000000003,
        "Y": 24.380791396900001,
        "name": "شارع الس\u0651\u064Eلام\u0650ي / أدنوك\n- ب",
        "zones": "منطقة المصفح",
        "direction": "ب",
        "description": "شارع الس\u0651\u064Eلام\u0650ي / أدنوك",
        "stationType": 3,
        "regionCode": "AE-ABU-DHABI",
        "OBJECTID": 52,
        "landmark": ""
      }
    },
    {
      "type": "Feature",
      "id": 52,
      "geometry": {
        "type": "Point",
        "coordinates": [
          54.479640299000039,
          24.381116679000058,
          0
        ]
      },
      "properties": {
        "FID": 52,
        "X": 54.479640000000003,
        "Y": 24.381116678600002,
        "name": "شارع الس\u0651\u064Eلام\u0650ي / أدنوك\n- أ",
        "zones": "منطقة المصفح",
        "direction": "أ",
        "description": "شارع الس\u0651\u064Eلام\u0650ي / أدنوك",
        "stationType": 3,
        "regionCode": "AE-ABU-DHABI",
        "OBJECTID": 53,
        "landmark": ""
      }
    },
    {
      "type": "Feature",
      "id": 53,
      "geometry": {
        "type": "Point",
        "coordinates": [
          54.48567106400003,
          24.371933428000034,
          0
        ]
      },
      "properties": {
        "FID": 53,
        "X": 54.485671000000004,
        "Y": 24.371933428399998,
        "name": "شارع سلطان بن محمد القبيسي / شارع القنوت 6\n-ب",
        "zones": "منطقة المصفح",
        "direction": "ب",
        "description": "شارع سلطان بن محمد القبيسي / شارع القنوت 6",
        "stationType": 3,
        "regionCode": "AE-ABU-DHABI",
        "OBJECTID": 54,
        "landmark": ""
      }
    },
    {
      "type": "Feature",
      "id": 54,
      "geometry": {
        "type": "Point",
        "coordinates": [
          54.506060714000057,
          24.373251194000034,
          0
        ]
      },
      "properties": {
        "FID": 54,
        "X": 54.506061000000003,
        "Y": 24.3732511941,
        "name": "شارع سلطان بن محمد القبيسي / مصرف ابوظبي الاسلامي\n- أ",
        "zones": "منطقة المصفح",
        "direction": "أ",
        "description": "شارع سلطان بن محمد القبيسي / مصرف ابوظبي الاسلامي",
        "stationType": 3,
        "regionCode": "AE-ABU-DHABI",
        "OBJECTID": 55,
        "landmark": ""
      }
    },
    {
      "type": "Feature",
      "id": 55,
      "geometry": {
        "type": "Point",
        "coordinates": [
          54.494965539000077,
          24.37234888200004,
          0
        ]
      },
      "properties": {
        "FID": 55,
        "X": 54.494965999999998,
        "Y": 24.372348882400001,
        "name": "شارع سلطان بن محمد القبيسي / الدفاع المدني\n- ب",
        "zones": "منطقة المصفح",
        "direction": "ب",
        "description": "شارع سلطان بن محمد القبيسي / الدفاع المدني",
        "stationType": 3,
        "regionCode": "AE-ABU-DHABI",
        "OBJECTID": 56,
        "landmark": ""
      }
    },
    {
      "type": "Feature",
      "id": 56,
      "geometry": {
        "type": "Point",
        "coordinates": [
          54.50528685900008,
          24.372777080000048,
          0
        ]
      },
      "properties": {
        "FID": 56,
        "X": 54.505287000000003,
        "Y": 24.372777079700001,
        "name": "شارع سلطان بن محمد القبيسي / مصرف ابوظبي الاسلامي\n- ب",
        "zones": "منطقة المصفح",
        "direction": "ب",
        "description": "شارع سلطان بن محمد القبيسي / مصرف ابوظبي الاسلامي",
        "stationType": 3,
        "regionCode": "AE-ABU-DHABI",
        "OBJECTID": 57,
        "landmark": ""
      }
    },
    {
      "type": "Feature",
      "id": 57,
      "geometry": {
        "type": "Point",
        "coordinates": [
          54.522850922000032,
          24.369363931000066,
          0
        ]
      },
      "properties": {
        "FID": 57,
        "X": 54.522851000000003,
        "Y": 24.369363931199999,
        "name": "شارع الح\u0650ر\u064Eف / مسجد علي خلفان راشد المطوع الظاهري\n- أ",
        "zones": "منطقة المصفح",
        "direction": "أ",
        "description": "شارع الح\u0650ر\u064Eف / مسجد علي خلفان راشد المطوع الظاهري",
        "stationType": 3,
        "regionCode": "AE-ABU-DHABI",
        "OBJECTID": 58,
        "landmark": ""
      }
    },
    {
      "type": "Feature",
      "id": 58,
      "geometry": {
        "type": "Point",
        "coordinates": [
          54.523627973000032,
          24.369003306000025,
          0
        ]
      },
      "properties": {
        "FID": 58,
        "X": 54.523628000000002,
        "Y": 24.3690033058,
        "name": "شارع الح\u0650ر\u064Eف / مسجد علي خلفان راشد المطوع الظاهري\n- ب",
        "zones": "منطقة المصفح",
        "direction": "ب",
        "description": "شارع الح\u0650ر\u064Eف / مسجد علي خلفان راشد المطوع الظاهري",
        "stationType": 3,
        "regionCode": "AE-ABU-DHABI",
        "OBJECTID": 59,
        "landmark": ""
      }
    },
    {
      "type": "Feature",
      "id": 59,
      "geometry": {
        "type": "Point",
        "coordinates": [
          54.520453790000033,
          24.368864482000049,
          0
        ]
      },
      "properties": {
        "FID": 59,
        "X": 54.520454000000001,
        "Y": 24.368864481900001,
        "name": "شارع الح\u0650ر\u064Eف / مصرف الشارقة الإسلامي\n-ب",
        "zones": "منطقة المصفح",
        "direction": "ب",
        "description": "شارع الح\u0650ر\u064Eف / مصرف الشارقة الإسلامي",
        "stationType": 3,
        "regionCode": "AE-ABU-DHABI",
        "OBJECTID": 60,
        "landmark": ""
      }
    },
    {
      "type": "Feature",
      "id": 60,
      "geometry": {
        "type": "Point",
        "coordinates": [
          54.518242846000078,
          24.369237205000047,
          0
        ]
      },
      "properties": {
        "FID": 60,
        "X": 54.518242999999998,
        "Y": 24.369237204899999,
        "name": "شارع الح\u0650ر\u064Eف / مصرف الشارقة الإسلامي\n-أ",
        "zones": "منطقة المصفح",
        "direction": "أ",
        "description": "شارع الح\u0650ر\u064Eف / مصرف الشارقة الإسلامي",
        "stationType": 3,
        "regionCode": "AE-ABU-DHABI",
        "OBJECTID": 61,
        "landmark": ""
      }
    },
    {
      "type": "Feature",
      "id": 61,
      "geometry": {
        "type": "Point",
        "coordinates": [
          54.513718017000031,
          24.36900018800003,
          0
        ]
      },
      "properties": {
        "FID": 61,
        "X": 54.513717999999997,
        "Y": 24.369000188400001,
        "name": "شارع الح\u0650ر\u064Eف / شارع اله\u064Eي\u0651\u064Eال\n-أ",
        "zones": "منطقة المصفح",
        "direction": "أ",
        "description": "شارع الح\u0650ر\u064Eف / شارع اله\u064Eي\u0651\u064Eال",
        "stationType": 3,
        "regionCode": "AE-ABU-DHABI",
        "OBJECTID": 62,
        "landmark": ""
      }
    },
    {
      "type": "Feature",
      "id": 62,
      "geometry": {
        "type": "Point",
        "coordinates": [
          54.513826192000067,
          24.368606831000022,
          0
        ]
      },
      "properties": {
        "FID": 62,
        "X": 54.513826000000002,
        "Y": 24.368606830800001,
        "name": "شارع الح\u0650ر\u064Eف / شارع اله\u064Eي\u0651\u064Eال\n-ب",
        "zones": "منطقة المصفح",
        "direction": "ب",
        "description": "شارع الح\u0650ر\u064Eف / شارع اله\u064Eي\u0651\u064Eال",
        "stationType": 3,
        "regionCode": "AE-ABU-DHABI",
        "OBJECTID": 63,
        "landmark": ""
      }
    },
    {
      "type": "Feature",
      "id": 63,
      "geometry": {
        "type": "Point",
        "coordinates": [
          54.507009983000046,
          24.368760302000055,
          0
        ]
      },
      "properties": {
        "FID": 63,
        "X": 54.507010000000001,
        "Y": 24.368760301799998,
        "name": "مصفح(10) - ج",
        "zones": "منطقة المصفح",
        "direction": "ج",
        "description": "مصفح(10)",
        "stationType": 3,
        "regionCode": "AE-ABU-DHABI",
        "OBJECTID": 64,
        "landmark": ""
      }
    },
    {
      "type": "Feature",
      "id": 64,
      "geometry": {
        "type": "Point",
        "coordinates": [
          54.497174704000031,
          24.368335141000045,
          0
        ]
      },
      "properties": {
        "FID": 64,
        "X": 54.497174999999999,
        "Y": 24.368335140700001,
        "name": "مصفح (13) - ج",
        "zones": "منطقة المصفح",
        "direction": "ج",
        "description": "مصفح (13)",
        "stationType": 3,
        "regionCode": "AE-ABU-DHABI",
        "OBJECTID": 65,
        "landmark": ""
      }
    },
    {
      "type": "Feature",
      "id": 65,
      "geometry": {
        "type": "Point",
        "coordinates": [
          54.494070849000082,
          24.367803729000059,
          0
        ]
      },
      "properties": {
        "FID": 65,
        "X": 54.494070999999998,
        "Y": 24.367803728999998,
        "name": "مصفح (12) - ج",
        "zones": "منطقة المصفح",
        "direction": "ج",
        "description": "مصفح (12)",
        "stationType": 3,
        "regionCode": "AE-ABU-DHABI",
        "OBJECTID": 66,
        "landmark": ""
      }
    },
    {
      "type": "Feature",
      "id": 66,
      "geometry": {
        "type": "Point",
        "coordinates": [
          54.488578112000027,
          24.370072841000024,
          0
        ]
      },
      "properties": {
        "FID": 66,
        "X": 54.488577999999997,
        "Y": 24.370072840900001,
        "name": "مصفح (16) - أ",
        "zones": "منطقة المصفح",
        "direction": "أ",
        "description": "مصفح (16)",
        "stationType": 2,
        "regionCode": "AE-ABU-DHABI",
        "OBJECTID": 67,
        "landmark": ""
      }
    },
    {
      "type": "Feature",
      "id": 67,
      "geometry": {
        "type": "Point",
        "coordinates": [
          54.484427519000064,
          24.369937386000061,
          0
        ]
      },
      "properties": {
        "FID": 67,
        "X": 54.484428000000001,
        "Y": 24.369937386099998,
        "name": "مصفح(16)-ب",
        "zones": "منطقة المصفح",
        "direction": "ب",
        "description": "مصفح (16)",
        "stationType": 2,
        "regionCode": "AE-ABU-DHABI",
        "OBJECTID": 68,
        "landmark": ""
      }
    },
    {
      "type": "Feature",
      "id": 68,
      "geometry": {
        "type": "Point",
        "coordinates": [
          54.487374521000049,
          24.367951399000049,
          0
        ]
      },
      "properties": {
        "FID": 68,
        "X": 54.487375,
        "Y": 24.367951399500001,
        "name": "مصفح (16) - ج",
        "zones": "منطقة المصفح",
        "direction": "ج",
        "description": "مصفح(16)",
        "stationType": 3,
        "regionCode": "AE-ABU-DHABI",
        "OBJECTID": 69,
        "landmark": ""
      }
    },
    {
      "type": "Feature",
      "id": 69,
      "geometry": {
        "type": "Point",
        "coordinates": [
          54.488910358000055,
          24.363123932000065,
          0
        ]
      },
      "properties": {
        "FID": 69,
        "X": 54.488909999999997,
        "Y": 24.363123931699999,
        "name": "مصفح(17) - أ",
        "zones": "منطقة المصفح",
        "direction": "أ",
        "description": "مصفح(17)",
        "stationType": 2,
        "regionCode": "AE-ABU-DHABI",
        "OBJECTID": 70,
        "landmark": ""
      }
    },
    {
      "type": "Feature",
      "id": 70,
      "geometry": {
        "type": "Point",
        "coordinates": [
          54.484765064000044,
          24.363018961000023,
          0
        ]
      },
      "properties": {
        "FID": 70,
        "X": 54.484765000000003,
        "Y": 24.363018961000002,
        "name": "مصفح(17) - ب",
        "zones": "منطقة المصفح",
        "direction": "ب",
        "description": "مصفح(17)",
        "stationType": 2,
        "regionCode": "AE-ABU-DHABI",
        "OBJECTID": 71,
        "landmark": ""
      }
    },
    {
      "type": "Feature",
      "id": 71,
      "geometry": {
        "type": "Point",
        "coordinates": [
          54.48657225200003,
          24.367459451000059,
          0
        ]
      },
      "properties": {
        "FID": 71,
        "X": 54.486572000000002,
        "Y": 24.3674594511,
        "name": "مصفح(17) - ج",
        "zones": "منطقة المصفح",
        "direction": "ج",
        "description": "مصفح(17)",
        "stationType": 3,
        "regionCode": "AE-ABU-DHABI",
        "OBJECTID": 72,
        "landmark": ""
      }
    },
    {
      "type": "Feature",
      "id": 72,
      "geometry": {
        "type": "Point",
        "coordinates": [
          54.476462204000029,
          24.367530916000078,
          0
        ]
      },
      "properties": {
        "FID": 72,
        "X": 54.476461999999998,
        "Y": 24.367530915500001,
        "name": "مصفح(20) - د",
        "zones": "منطقة المصفح",
        "direction": "د",
        "description": "مصفح(20)",
        "stationType": 3,
        "regionCode": "AE-ABU-DHABI",
        "OBJECTID": 73,
        "landmark": ""
      }
    },
    {
      "type": "Feature",
      "id": 73,
      "geometry": {
        "type": "Point",
        "coordinates": [
          54.477875984000036,
          24.367129954000063,
          0
        ]
      },
      "properties": {
        "FID": 73,
        "X": 54.477876000000002,
        "Y": 24.367129954399999,
        "name": "مصفح(19) - ب",
        "zones": "منطقة المصفح",
        "direction": "ب",
        "description": "مصفح(19)",
        "stationType": 3,
        "regionCode": "AE-ABU-DHABI",
        "OBJECTID": 74,
        "landmark": ""
      }
    },
    {
      "type": "Feature",
      "id": 74,
      "geometry": {
        "type": "Point",
        "coordinates": [
          54.476273939000066,
          24.371546384000055,
          0
        ]
      },
      "properties": {
        "FID": 74,
        "X": 54.476273999999997,
        "Y": 24.371546383799998,
        "name": "مصفح(20) - ب",
        "zones": "منطقة المصفح",
        "direction": "ب",
        "description": "مصفح(20)",
        "stationType": 3,
        "regionCode": "AE-ABU-DHABI",
        "OBJECTID": 75,
        "landmark": ""
      }
    },
    {
      "type": "Feature",
      "id": 75,
      "geometry": {
        "type": "Point",
        "coordinates": [
          54.476363078000077,
          24.372065907000035,
          0
        ]
      },
      "properties": {
        "FID": 75,
        "X": 54.476362999999999,
        "Y": 24.372065907100001,
        "name": "مصفح (22) - ب",
        "zones": "منطقة المصفح",
        "direction": "ب",
        "description": "مصفح (22)",
        "stationType": 2,
        "regionCode": "AE-ABU-DHABI",
        "OBJECTID": 76,
        "landmark": ""
      }
    },
    {
      "type": "Feature",
      "id": 76,
      "geometry": {
        "type": "Point",
        "coordinates": [
          54.47690177000004,
          24.364916277000077,
          0
        ]
      },
      "properties": {
        "FID": 76,
        "X": 54.476902000000003,
        "Y": 24.364916276599999,
        "name": "مصفح (19) -أ",
        "zones": "منطقة المصفح",
        "direction": "أ",
        "description": "مصفح (19)",
        "stationType": 2,
        "regionCode": "AE-ABU-DHABI",
        "OBJECTID": 77,
        "landmark": ""
      }
    },
    {
      "type": "Feature",
      "id": 77,
      "geometry": {
        "type": "Point",
        "coordinates": [
          54.481321867000077,
          24.369690136000031,
          0
        ]
      },
      "properties": {
        "FID": 77,
        "X": 54.481321999999999,
        "Y": 24.369690135599999,
        "name": "مصفح(20) - ج",
        "zones": "منطقة المصفح",
        "direction": "ج",
        "description": "مصفح(20)",
        "stationType": 3,
        "regionCode": "AE-ABU-DHABI",
        "OBJECTID": 78,
        "landmark": ""
      }
    },
    {
      "type": "Feature",
      "id": 78,
      "geometry": {
        "type": "Point",
        "coordinates": [
          54.472003792000066,
          24.369114042000035,
          0
        ]
      },
      "properties": {
        "FID": 78,
        "X": 54.472003999999998,
        "Y": 24.369114042300001,
        "name": "شارع ص\u0650ر\u0650يف / شارع سلطان بن محمد القبيسي\n- أ",
        "zones": "منطقة المصفح",
        "direction": "أ",
        "description": "شارع ص\u0650ر\u0650يف / شارع سلطان بن محمد القبيسي",
        "stationType": 3,
        "regionCode": "AE-ABU-DHABI",
        "OBJECTID": 79,
        "landmark": ""
      }
    },
    {
      "type": "Feature",
      "id": 79,
      "geometry": {
        "type": "Point",
        "coordinates": [
          54.485923165000031,
          24.381368658000042,
          0
        ]
      },
      "properties": {
        "FID": 79,
        "X": 54.485923,
        "Y": 24.3813686584,
        "name": "مصفح (5) شمال - أ",
        "zones": "منطقة المصفح",
        "direction": "أ",
        "description": "مصفح (5) شمال",
        "stationType": 3,
        "regionCode": "AE-ABU-DHABI",
        "OBJECTID": 80,
        "landmark": ""
      }
    },
    {
      "type": "Feature",
      "id": 80,
      "geometry": {
        "type": "Point",
        "coordinates": [
          54.51586936800004,
          24.380397558000027,
          0
        ]
      },
      "properties": {
        "FID": 80,
        "X": 54.515869000000002,
        "Y": 24.380397557799999,
        "name": "مصفح(1) - ب",
        "zones": "منطقة المصفح",
        "direction": "ب",
        "description": "مصفح(1)",
        "stationType": 3,
        "regionCode": "AE-ABU-DHABI",
        "OBJECTID": 81,
        "landmark": ""
      }
    },
    {
      "type": "Feature",
      "id": 81,
      "geometry": {
        "type": "Point",
        "coordinates": [
          54.515414931000066,
          24.380169374000047,
          0
        ]
      },
      "properties": {
        "FID": 81,
        "X": 54.515414999999997,
        "Y": 24.380169374200001,
        "name": "مصفح (8) - ب",
        "zones": "منطقة المصفح",
        "direction": "ب",
        "description": "مصفح (8)",
        "stationType": 3,
        "regionCode": "AE-ABU-DHABI",
        "OBJECTID": 82,
        "landmark": ""
      }
    },
    {
      "type": "Feature",
      "id": 82,
      "geometry": {
        "type": "Point",
        "coordinates": [
          54.52031248600008,
          24.376144277000037,
          0
        ]
      },
      "properties": {
        "FID": 82,
        "X": 54.520311999999997,
        "Y": 24.3761442775,
        "name": "مصفح (2) - أ",
        "zones": "منطقة المصفح",
        "direction": "أ",
        "description": "مصفح (2)",
        "stationType": 2,
        "regionCode": "AE-ABU-DHABI",
        "OBJECTID": 83,
        "landmark": ""
      }
    },
    {
      "type": "Feature",
      "id": 83,
      "geometry": {
        "type": "Point",
        "coordinates": [
          54.510481570000081,
          24.380050483000048,
          0
        ]
      },
      "properties": {
        "FID": 83,
        "X": 54.510482000000003,
        "Y": 24.380050483200002,
        "name": "شارع اله\u064Eي\u0651\u064Eال / خدمات توجيه\n- ب",
        "zones": "منطقة المصفح",
        "direction": "ب",
        "description": "شارع اله\u064Eي\u0651\u064Eال / خدمات توجيه",
        "stationType": 3,
        "regionCode": "AE-ABU-DHABI",
        "OBJECTID": 84,
        "landmark": ""
      }
    },
    {
      "type": "Feature",
      "id": 84,
      "geometry": {
        "type": "Point",
        "coordinates": [
          54.510938177000071,
          24.380136723000078,
          0
        ]
      },
      "properties": {
        "FID": 84,
        "X": 54.510938000000003,
        "Y": 24.3801367232,
        "name": "شارع اله\u064Eي\u0651\u064Eال / خدمات توجيه\n- أ",
        "zones": "منطقة المصفح",
        "direction": "أ",
        "description": "شارع اله\u064Eي\u0651\u064Eال / خدمات توجيه",
        "stationType": 3,
        "regionCode": "AE-ABU-DHABI",
        "OBJECTID": 85,
        "landmark": ""
      }
    },
    {
      "type": "Feature",
      "id": 85,
      "geometry": {
        "type": "Point",
        "coordinates": [
          54.510697079000067,
          24.375019362000046,
          0
        ]
      },
      "properties": {
        "FID": 85,
        "X": 54.510697,
        "Y": 24.3750193622,
        "name": "شارع اله\u064Eي\u0651\u064Eال / مسجد محمد سلطان اليوسف\n- ب",
        "zones": "منطقة المصفح",
        "direction": "ب",
        "description": "شارع اله\u064Eي\u0651\u064Eال / مسجد محمد سلطان اليوسف",
        "stationType": 3,
        "regionCode": "AE-ABU-DHABI",
        "OBJECTID": 86,
        "landmark": ""
      }
    },
    {
      "type": "Feature",
      "id": 86,
      "geometry": {
        "type": "Point",
        "coordinates": [
          54.511200787000064,
          24.37531634000004,
          0
        ]
      },
      "properties": {
        "FID": 86,
        "X": 54.511201,
        "Y": 24.3753163405,
        "name": "شارع اله\u064Eي\u0651\u064Eال / مسجد محمد سلطان اليوسف\n- أ",
        "zones": "منطقة المصفح",
        "direction": "أ",
        "description": "شارع اله\u064Eي\u0651\u064Eال / مسجد محمد سلطان اليوسف",
        "stationType": 3,
        "regionCode": "AE-ABU-DHABI",
        "OBJECTID": 87,
        "landmark": ""
      }
    },
    {
      "type": "Feature",
      "id": 87,
      "geometry": {
        "type": "Point",
        "coordinates": [
          54.500991522000049,
          24.379746676000025,
          0
        ]
      },
      "properties": {
        "FID": 87,
        "X": 54.500991999999997,
        "Y": 24.379746676100002,
        "name": "مصفح (9) - ج",
        "zones": "منطقة المصفح",
        "direction": "ج",
        "description": "مصفح (9)32",
        "stationType": 0,
        "regionCode": "AE-ABU-DHABI",
        "OBJECTID": 88,
        "landmark": ""
      }
    },
    {
      "type": "Feature",
      "id": 88,
      "geometry": {
        "type": "Point",
        "coordinates": [
          54.500694208000027,
          24.379574946000048,
          0
        ]
      },
      "properties": {
        "FID": 88,
        "X": 54.500694000000003,
        "Y": 24.3795749461,
        "name": "مصفح (14) - ج",
        "zones": "منطقة المصفح",
        "direction": "ج",
        "description": "مصفح (14)",
        "stationType": 3,
        "regionCode": "AE-ABU-DHABI",
        "OBJECTID": 89,
        "landmark": ""
      }
    },
    {
      "type": "Feature",
      "id": 89,
      "geometry": {
        "type": "Point",
        "coordinates": [
          54.501272540000059,
          24.374941062000062,
          0
        ]
      },
      "properties": {
        "FID": 89,
        "X": 54.501272999999998,
        "Y": 24.3749410619,
        "name": "مصفح (9) - د",
        "zones": "منطقة المصفح",
        "direction": "د",
        "description": "مصفح (9)",
        "stationType": 3,
        "regionCode": "AE-ABU-DHABI",
        "OBJECTID": 90,
        "landmark": ""
      }
    },
    {
      "type": "Feature",
      "id": 90,
      "geometry": {
        "type": "Point",
        "coordinates": [
          54.500919621000037,
          24.375095159000068,
          0
        ]
      },
      "properties": {
        "FID": 90,
        "X": 54.500920000000001,
        "Y": 24.375095158600001,
        "name": "مصفح (14) - د",
        "zones": "منطقة المصفح",
        "direction": "د",
        "description": "مصفح (14)",
        "stationType": 3,
        "regionCode": "AE-ABU-DHABI",
        "OBJECTID": 91,
        "landmark": ""
      }
    },
    {
      "type": "Feature",
      "id": 91,
      "geometry": {
        "type": "Point",
        "coordinates": [
          54.491146034000053,
          24.379408968000064,
          0
        ]
      },
      "properties": {
        "FID": 91,
        "X": 54.491146000000001,
        "Y": 24.3794089682,
        "name": "شارع الب\u0650يص/ شارع الس\u0651\u064Eلام\u0650ي - أ",
        "zones": "منطقة المصفح",
        "direction": "أ",
        "description": "شارع الب\u0650يص/ شارع الس\u0651\u064Eلام\u0650ي",
        "stationType": 3,
        "regionCode": "AE-ABU-DHABI",
        "OBJECTID": 92,
        "landmark": ""
      }
    },
    {
      "type": "Feature",
      "id": 92,
      "geometry": {
        "type": "Point",
        "coordinates": [
          54.490852428000039,
          24.379027688000065,
          0
        ]
      },
      "properties": {
        "FID": 92,
        "X": 54.490851999999997,
        "Y": 24.379027687899999,
        "name": "شارع الب\u0650يص/ شارع الس\u0651\u064Eلام\u0650ي - ب",
        "zones": "منطقة المصفح",
        "direction": "ب",
        "description": "شارع الب\u0650يص/ شارع الس\u0651\u064Eلام\u0650ي",
        "stationType": 3,
        "regionCode": "AE-ABU-DHABI",
        "OBJECTID": 93,
        "landmark": ""
      }
    },
    {
      "type": "Feature",
      "id": 93,
      "geometry": {
        "type": "Point",
        "coordinates": [
          54.491367747000027,
          24.374507920000042,
          0
        ]
      },
      "properties": {
        "FID": 93,
        "X": 54.491368000000001,
        "Y": 24.374507919799999,
        "name": "شارع الب\u0650يص/ شارع سلطان بن محمد القبيسي - أ",
        "zones": "منطقة المصفح",
        "direction": "أ",
        "description": "شارع الب\u0650يص/ شارع سلطان بن محمد القبيسي",
        "stationType": 3,
        "regionCode": "AE-ABU-DHABI",
        "OBJECTID": 94,
        "landmark": ""
      }
    },
    {
      "type": "Feature",
      "id": 94,
      "geometry": {
        "type": "Point",
        "coordinates": [
          54.491041732000042,
          24.374888339000051,
          0
        ]
      },
      "properties": {
        "FID": 94,
        "X": 54.491042,
        "Y": 24.3748883395,
        "name": "شارع الب\u0650يص/ شارع سلطان بن محمد القبيسي - ب",
        "zones": "منطقة المصفح",
        "direction": "ب",
        "description": "شارع الب\u0650يص/ شارع سلطان بن محمد القبيسي",
        "stationType": 3,
        "regionCode": "AE-ABU-DHABI",
        "OBJECTID": 95,
        "landmark": ""
      }
    },
    {
      "type": "Feature",
      "id": 95,
      "geometry": {
        "type": "Point",
        "coordinates": [
          54.481615247000036,
          24.374180910000064,
          0
        ]
      },
      "properties": {
        "FID": 95,
        "X": 54.481614999999998,
        "Y": 24.3741809098,
        "name": "شارع البسال \\ شارع سلطان بن محمد القبيسي\n- أ",
        "zones": "منطقة المصفح",
        "direction": "أ",
        "description": "شارع البسال \\ شارع سلطان بن محمد القبيسي",
        "stationType": 3,
        "regionCode": "AE-ABU-DHABI",
        "OBJECTID": 96,
        "landmark": ""
      }
    },
    {
      "type": "Feature",
      "id": 96,
      "geometry": {
        "type": "Point",
        "coordinates": [
          54.481124560000069,
          24.374345514000026,
          0
        ]
      },
      "properties": {
        "FID": 96,
        "X": 54.481124999999999,
        "Y": 24.3743455145,
        "name": "شارع البسال \\ شارع سلطان بن محمد القبيسي\n- ب",
        "zones": "منطقة المصفح",
        "direction": "ب",
        "description": "شارع البسال \\ شارع سلطان بن محمد القبيسي",
        "stationType": 3,
        "regionCode": "AE-ABU-DHABI",
        "OBJECTID": 97,
        "landmark": ""
      }
    },
    {
      "type": "Feature",
      "id": 97,
      "geometry": {
        "type": "Point",
        "coordinates": [
          54.481376739000041,
          24.378728139000032,
          0
        ]
      },
      "properties": {
        "FID": 97,
        "X": 54.481377000000002,
        "Y": 24.3787281394,
        "name": "مصفح (15) - ج",
        "zones": "منطقة المصفح",
        "direction": "ج",
        "description": "مصفح (15)",
        "stationType": 3,
        "regionCode": "AE-ABU-DHABI",
        "OBJECTID": 98,
        "landmark": ""
      }
    },
    {
      "type": "Feature",
      "id": 98,
      "geometry": {
        "type": "Point",
        "coordinates": [
          54.484063645000049,
          24.376615165000032,
          0
        ]
      },
      "properties": {
        "FID": 98,
        "X": 54.484063999999996,
        "Y": 24.376615164899999,
        "name": "مصفح (15) - ب",
        "zones": "منطقة المصفح",
        "direction": "ب",
        "description": "مصفح (15)",
        "stationType": 2,
        "regionCode": "AE-ABU-DHABI",
        "OBJECTID": 99,
        "landmark": ""
      }
    },
    {
      "type": "Feature",
      "id": 99,
      "geometry": {
        "type": "Point",
        "coordinates": [
          54.488376263000077,
          24.376555428000074,
          0
        ]
      },
      "properties": {
        "FID": 99,
        "X": 54.488376000000002,
        "Y": 24.376555428100001,
        "name": "مصفح (15) - أ",
        "zones": "منطقة المصفح",
        "direction": "أ",
        "description": "مصفح (15)",
        "stationType": 2,
        "regionCode": "AE-ABU-DHABI",
        "OBJECTID": 100,
        "landmark": ""
      }
    },
    {
      "type": "Feature",
      "id": 100,
      "geometry": {
        "type": "Point",
        "coordinates": [
          54.476289105000035,
          24.376450183000031,
          0
        ]
      },
      "properties": {
        "FID": 100,
        "X": 54.476289000000001,
        "Y": 24.376450182799999,
        "name": "مصفح (22) - أ",
        "zones": "منطقة المصفح",
        "direction": "أ",
        "description": "مصفح (22)",
        "stationType": 2,
        "regionCode": "AE-ABU-DHABI",
        "OBJECTID": 101,
        "landmark": ""
      }
    },
    {
      "type": "Feature",
      "id": 101,
      "geometry": {
        "type": "Point",
        "coordinates": [
          54.47156889200005,
          24.378635192000047,
          0
        ]
      },
      "properties": {
        "FID": 101,
        "X": 54.471569000000002,
        "Y": 24.378635192400001,
        "name": "شارع ص\u0650ر\u0650يف / ميناء مصفح - ب",
        "zones": "منطقة المصفح",
        "direction": "ب",
        "description": "شارع ص\u0650ر\u0650يف / ميناء مصفح",
        "stationType": 3,
        "regionCode": "AE-ABU-DHABI",
        "OBJECTID": 102,
        "landmark": ""
      }
    },
    {
      "type": "Feature",
      "id": 102,
      "geometry": {
        "type": "Point",
        "coordinates": [
          54.471055814000067,
          24.378269218000071,
          0
        ]
      },
      "properties": {
        "FID": 102,
        "X": 54.471055999999997,
        "Y": 24.378269217500002,
        "name": "شارع ص\u0650ر\u0650يف / ميناء مصفح\n- ج",
        "zones": "منطقة المصفح",
        "direction": "ج",
        "description": "شارع ص\u0650ر\u0650يف / ميناء مصفح",
        "stationType": 3,
        "regionCode": "AE-ABU-DHABI",
        "OBJECTID": 103,
        "landmark": ""
      }
    },
    {
      "type": "Feature",
      "id": 103,
      "geometry": {
        "type": "Point",
        "coordinates": [
          54.471793750000074,
          24.373996107000039,
          0
        ]
      },
      "properties": {
        "FID": 103,
        "X": 54.471794000000003,
        "Y": 24.3739961066,
        "name": "شارع ص\u0650ر\u0650يف / مجموعة الجابر\n- أ",
        "zones": "منطقة المصفح",
        "direction": "أ",
        "description": "شارع ص\u0650ر\u0650يف / مجموعة الجابر",
        "stationType": 3,
        "regionCode": "AE-ABU-DHABI",
        "OBJECTID": 104,
        "landmark": ""
      }
    },
    {
      "type": "Feature",
      "id": 104,
      "geometry": {
        "type": "Point",
        "coordinates": [
          54.471259316000044,
          24.374144296000054,
          0
        ]
      },
      "properties": {
        "FID": 104,
        "X": 54.471259000000003,
        "Y": 24.374144296000001,
        "name": "شارع ص\u0650ر\u0650يف / مجموعة الجابر\n- ب",
        "zones": "منطقة المصفح",
        "direction": "ب",
        "description": "شارع ص\u0650ر\u0650يف / مجموعة الجابر",
        "stationType": 3,
        "regionCode": "AE-ABU-DHABI",
        "OBJECTID": 105,
        "landmark": ""
      }
    },
    {
      "type": "Feature",
      "id": 105,
      "geometry": {
        "type": "Point",
        "coordinates": [
          54.47150281100005,
          24.368986721000056,
          0
        ]
      },
      "properties": {
        "FID": 105,
        "X": 54.471502999999998,
        "Y": 24.368986721300001,
        "name": "شارع ص\u0650ر\u0650يف / شارع سلطان بن محمد القبيسي\n- ب",
        "zones": "منطقة المصفح",
        "direction": "ب",
        "description": "شارع ص\u0650ر\u0650يف / شارع سلطان بن محمد القبيسي",
        "stationType": 3,
        "regionCode": "AE-ABU-DHABI",
        "OBJECTID": 106,
        "landmark": ""
      }
    },
    {
      "type": "Feature",
      "id": 106,
      "geometry": {
        "type": "Point",
        "coordinates": [
          54.481791503000068,
          24.369755807000047,
          0
        ]
      },
      "properties": {
        "FID": 106,
        "X": 54.481791999999999,
        "Y": 24.369755806899999,
        "name": "مصفح (16) - د",
        "zones": "منطقة المصفح",
        "direction": "د",
        "description": "مصفح (16)",
        "stationType": 3,
        "regionCode": "AE-ABU-DHABI",
        "OBJECTID": 107,
        "landmark": ""
      }
    },
    {
      "type": "Feature",
      "id": 107,
      "geometry": {
        "type": "Point",
        "coordinates": [
          54.491285294000079,
          24.370143039000027,
          0
        ]
      },
      "properties": {
        "FID": 107,
        "X": 54.491284999999998,
        "Y": 24.370143038999998,
        "name": "مصفح (16) - ه",
        "zones": "منطقة المصفح",
        "direction": "ه",
        "description": "مصفح (16)",
        "stationType": 3,
        "regionCode": "AE-ABU-DHABI",
        "OBJECTID": 108,
        "landmark": ""
      }
    },
    {
      "type": "Feature",
      "id": 108,
      "geometry": {
        "type": "Point",
        "coordinates": [
          54.491559316000064,
          24.370173242000078,
          0
        ]
      },
      "properties": {
        "FID": 108,
        "X": 54.491559000000002,
        "Y": 24.370173241500002,
        "name": "مصفح (13) - د",
        "zones": "منطقة المصفح",
        "direction": "د",
        "description": "مصفح (13)",
        "stationType": 3,
        "regionCode": "AE-ABU-DHABI",
        "OBJECTID": 109,
        "landmark": ""
      }
    },
    {
      "type": "Feature",
      "id": 109,
      "geometry": {
        "type": "Point",
        "coordinates": [
          54.50109632200008,
          24.370533911000052,
          0
        ]
      },
      "properties": {
        "FID": 109,
        "X": 54.501095999999997,
        "Y": 24.370533911100001,
        "name": "شارع الج\u064Eز\u0651\u0650يم/ شارع أبو الح\u0650ن\u0651\u064Eاء - ب",
        "zones": "منطقة المصفح",
        "direction": "ب",
        "description": "شارع الج\u064Eز\u0651\u0650يم/ شارع أبو الح\u0650ن\u0651\u064Eاء",
        "stationType": 3,
        "regionCode": "AE-ABU-DHABI",
        "OBJECTID": 110,
        "landmark": ""
      }
    },
    {
      "type": "Feature",
      "id": 110,
      "geometry": {
        "type": "Point",
        "coordinates": [
          54.501422799000068,
          24.370592730000055,
          0
        ]
      },
      "properties": {
        "FID": 110,
        "X": 54.501423000000003,
        "Y": 24.370592729999998,
        "name": "شارع الج\u064Eز\u0651\u0650يم/ شارع أبو الح\u0650ن\u0651\u064Eاء - أ",
        "zones": "منطقة المصفح",
        "direction": "أ",
        "description": "شارع الج\u064Eز\u0651\u0650يم/ شارع أبو الح\u0650ن\u0651\u064Eاء",
        "stationType": 3,
        "regionCode": "AE-ABU-DHABI",
        "OBJECTID": 111,
        "landmark": ""
      }
    },
    {
      "type": "Feature",
      "id": 111,
      "geometry": {
        "type": "Point",
        "coordinates": [
          54.510875510000062,
          24.370971197000074,
          0
        ]
      },
      "properties": {
        "FID": 111,
        "X": 54.510876000000003,
        "Y": 24.370971197100001,
        "name": "شارع اله\u064Eي\u0651\u064Eال / مواصلات الامارات\n- ب",
        "zones": "منطقة المصفح",
        "direction": "ب",
        "description": "شارع اله\u064Eي\u0651\u064Eال / مواصلات الامارات",
        "stationType": 3,
        "regionCode": "AE-ABU-DHABI",
        "OBJECTID": 112,
        "landmark": ""
      }
    },
    {
      "type": "Feature",
      "id": 112,
      "geometry": {
        "type": "Point",
        "coordinates": [
          54.511376704000043,
          24.370976288000065,
          0
        ]
      },
      "properties": {
        "FID": 112,
        "X": 54.511377000000003,
        "Y": 24.370976288000001,
        "name": "شارع اله\u064Eي\u0651\u064Eال / مواصلات الامارات\n- أ",
        "zones": "منطقة المصفح",
        "direction": "أ",
        "description": "شارع اله\u064Eي\u0651\u064Eال / مواصلات الامارات",
        "stationType": 3,
        "regionCode": "AE-ABU-DHABI",
        "OBJECTID": 113,
        "landmark": ""
      }
    },
    {
      "type": "Feature",
      "id": 113,
      "geometry": {
        "type": "Point",
        "coordinates": [
          54.515825103000054,
          24.371160085000042,
          0
        ]
      },
      "properties": {
        "FID": 113,
        "X": 54.515825,
        "Y": 24.371160085300001,
        "name": "مصفح (6) - ب",
        "zones": "منطقة المصفح",
        "direction": "ب",
        "description": "مصفح(6)",
        "stationType": 3,
        "regionCode": "AE-ABU-DHABI",
        "OBJECTID": 114,
        "landmark": ""
      }
    },
    {
      "type": "Feature",
      "id": 114,
      "geometry": {
        "type": "Point",
        "coordinates": [
          54.51640423300006,
          24.370792760000029,
          0
        ]
      },
      "properties": {
        "FID": 114,
        "X": 54.516404000000001,
        "Y": 24.3707927598,
        "name": "مصفح (3) - ب",
        "zones": "منطقة المصفح",
        "direction": "ب",
        "description": "مصفح(3)",
        "stationType": 3,
        "regionCode": "AE-ABU-DHABI",
        "OBJECTID": 115,
        "landmark": ""
      }
    },
    {
      "type": "Feature",
      "id": 115,
      "geometry": {
        "type": "Point",
        "coordinates": [
          54.471892956000033,
          24.360436110000023,
          0
        ]
      },
      "properties": {
        "FID": 115,
        "X": 54.471893000000001,
        "Y": 24.3604361099,
        "name": "شارع ص\u0650ر\u0650يف / شارع الح\u0650ر\u064Eف\n- ب",
        "zones": "منطقة المصفح",
        "direction": "ب",
        "description": "شارع ص\u0650ر\u0650يف / شارع الح\u0650ر\u064Eف",
        "stationType": 3,
        "regionCode": "AE-ABU-DHABI",
        "OBJECTID": 116,
        "landmark": ""
      }
    },
    {
      "type": "Feature",
      "id": 116,
      "geometry": {
        "type": "Point",
        "coordinates": [
          54.472394124000061,
          24.360478874000023,
          0
        ]
      },
      "properties": {
        "FID": 116,
        "X": 54.472394000000001,
        "Y": 24.360478874199998,
        "name": "شارع ص\u0650ر\u0650يف / شارع الح\u0650ر\u064Eف\n- أ",
        "zones": "منطقة المصفح",
        "direction": "أ",
        "description": "شارع ص\u0650ر\u0650يف / شارع الح\u0650ر\u064Eف",
        "stationType": 3,
        "regionCode": "AE-ABU-DHABI",
        "OBJECTID": 117,
        "landmark": ""
      }
    },
    {
      "type": "Feature",
      "id": 117,
      "geometry": {
        "type": "Point",
        "coordinates": [
          54.481576347000043,
          24.365450858000031,
          0
        ]
      },
      "properties": {
        "FID": 117,
        "X": 54.481575999999997,
        "Y": 24.365450857999999,
        "name": "مصفح (19) - ج",
        "zones": "منطقة المصفح",
        "direction": "ج",
        "description": "مصفح (19)",
        "stationType": 3,
        "regionCode": "AE-ABU-DHABI",
        "OBJECTID": 118,
        "landmark": ""
      }
    },
    {
      "type": "Feature",
      "id": 118,
      "geometry": {
        "type": "Point",
        "coordinates": [
          54.481776296000078,
          24.360461788000066,
          0
        ]
      },
      "properties": {
        "FID": 118,
        "X": 54.481776000000004,
        "Y": 24.360461787799998,
        "name": "مصفح (19) - د",
        "zones": "منطقة المصفح",
        "direction": "د",
        "description": "مصفح (19)",
        "stationType": 3,
        "regionCode": "AE-ABU-DHABI",
        "OBJECTID": 119,
        "landmark": ""
      }
    },
    {
      "type": "Feature",
      "id": 119,
      "geometry": {
        "type": "Point",
        "coordinates": [
          54.482000841000058,
          24.365301386000056,
          0
        ]
      },
      "properties": {
        "FID": 119,
        "X": 54.482000999999997,
        "Y": 24.365301385599999,
        "name": "مصفح (17) - د",
        "zones": "منطقة المصفح",
        "direction": "د",
        "description": "مصفح (17)",
        "stationType": 3,
        "regionCode": "AE-ABU-DHABI",
        "OBJECTID": 120,
        "landmark": ""
      }
    },
    {
      "type": "Feature",
      "id": 120,
      "geometry": {
        "type": "Point",
        "coordinates": [
          54.482235551000031,
          24.36062544300006,
          0
        ]
      },
      "properties": {
        "FID": 120,
        "X": 54.482236,
        "Y": 24.360625442700002,
        "name": "مصفح (17) - ه",
        "zones": "منطقة المصفح",
        "direction": "ه",
        "description": "مصفح (17)",
        "stationType": 3,
        "regionCode": "AE-ABU-DHABI",
        "OBJECTID": 121,
        "landmark": ""
      }
    },
    {
      "type": "Feature",
      "id": 121,
      "geometry": {
        "type": "Point",
        "coordinates": [
          54.491482061000056,
          24.365660045000027,
          0
        ]
      },
      "properties": {
        "FID": 121,
        "X": 54.491481999999998,
        "Y": 24.365660044599998,
        "name": "شارع الب\u0650يص/ شارع الح\u0650ر\u064Eف\n- ب",
        "zones": "منطقة المصفح",
        "direction": "ب",
        "description": "شارع الب\u0650يص/ شارع الح\u0650ر\u064Eف",
        "stationType": 3,
        "regionCode": "AE-ABU-DHABI",
        "OBJECTID": 122,
        "landmark": ""
      }
    },
    {
      "type": "Feature",
      "id": 122,
      "geometry": {
        "type": "Point",
        "coordinates": [
          54.491785593000031,
          24.365820664000069,
          0
        ]
      },
      "properties": {
        "FID": 122,
        "X": 54.491785999999998,
        "Y": 24.365820664000001,
        "name": "شارع الب\u0650يص/ شارع الح\u0650ر\u064Eف\n- أ",
        "zones": "منطقة المصفح",
        "direction": "أ",
        "description": "شارع الب\u0650يص/ شارع الح\u0650ر\u064Eف",
        "stationType": 3,
        "regionCode": "AE-ABU-DHABI",
        "OBJECTID": 123,
        "landmark": ""
      }
    },
    {
      "type": "Feature",
      "id": 123,
      "geometry": {
        "type": "Point",
        "coordinates": [
          54.491706428000043,
          24.361217233000048,
          0
        ]
      },
      "properties": {
        "FID": 123,
        "X": 54.491706000000001,
        "Y": 24.361217233200001,
        "name": "شارع الب\u0650يص/ شارع الح\u0650ر\u064Eف\n- ج",
        "zones": "منطقة المصفح",
        "direction": "ج",
        "description": "شارع الب\u0650يص/ شارع الح\u0650ر\u064Eف",
        "stationType": 3,
        "regionCode": "AE-ABU-DHABI",
        "OBJECTID": 124,
        "landmark": ""
      }
    },
    {
      "type": "Feature",
      "id": 124,
      "geometry": {
        "type": "Point",
        "coordinates": [
          54.492010791000041,
          24.361010336000049,
          0
        ]
      },
      "properties": {
        "FID": 124,
        "X": 54.492010999999998,
        "Y": 24.3610103358,
        "name": "شارع الب\u0650يص/ شارع الح\u0650ر\u064Eف\n- د",
        "zones": "منطقة المصفح",
        "direction": "د",
        "description": "شارع الب\u0650يص/ شارع الح\u0650ر\u064Eف",
        "stationType": 3,
        "regionCode": "AE-ABU-DHABI",
        "OBJECTID": 125,
        "landmark": ""
      }
    },
    {
      "type": "Feature",
      "id": 125,
      "geometry": {
        "type": "Point",
        "coordinates": [
          54.501340327000037,
          24.366064422000022,
          0
        ]
      },
      "properties": {
        "FID": 125,
        "X": 54.501339999999999,
        "Y": 24.366064422200001,
        "name": "شارع الج\u064Eز\u0651\u0650يم/ وزارة التربية و التعليم\n- ب",
        "zones": "منطقة المصفح",
        "direction": "ب",
        "description": "شارع الج\u064Eز\u0651\u0650يم/ وزارة التربية و التعليم3",
        "stationType": 0,
        "regionCode": "AE-ABU-DHABI",
        "OBJECTID": 126,
        "landmark": ""
      }
    },
    {
      "type": "Feature",
      "id": 126,
      "geometry": {
        "type": "Point",
        "coordinates": [
          54.501636860000076,
          24.366204654000057,
          0
        ]
      },
      "properties": {
        "FID": 126,
        "X": 54.501637000000002,
        "Y": 24.366204654200001,
        "name": "شارع الج\u064Eز\u0651\u0650يم/ وزارة التربية و التعليم\n- أ",
        "zones": "منطقة المصفح",
        "direction": "أ",
        "description": "شارع الج\u064Eز\u0651\u0650يم/ وزارة التربية و التعليم",
        "stationType": 3,
        "regionCode": "AE-ABU-DHABI",
        "OBJECTID": 127,
        "landmark": ""
      }
    },
    {
      "type": "Feature",
      "id": 127,
      "geometry": {
        "type": "Point",
        "coordinates": [
          54.501548442000058,
          24.361565016000043,
          0
        ]
      },
      "properties": {
        "FID": 127,
        "X": 54.501548,
        "Y": 24.361565016299998,
        "name": "شارع الج\u064Eز\u0651\u0650يم / شارع الك\u064Eواك\u0650ب\n- ب",
        "zones": "منطقة المصفح",
        "direction": "ب",
        "description": "شارع الج\u064Eز\u0651\u0650يم / شارع الك\u064Eواك\u0650ب",
        "stationType": 3,
        "regionCode": "AE-ABU-DHABI",
        "OBJECTID": 128,
        "landmark": ""
      }
    },
    {
      "type": "Feature",
      "id": 128,
      "geometry": {
        "type": "Point",
        "coordinates": [
          54.501856297000074,
          24.361320192000051,
          0
        ]
      },
      "properties": {
        "FID": 128,
        "X": 54.501855999999997,
        "Y": 24.361320192400001,
        "name": "شارع الج\u064Eز\u0651\u0650يم / شارع الك\u064Eواك\u0650ب\n- أ",
        "zones": "منطقة المصفح",
        "direction": "أ",
        "description": "شارع الج\u064Eز\u0651\u0650يم / شارع الك\u064Eواك\u0650ب",
        "stationType": 3,
        "regionCode": "AE-ABU-DHABI",
        "OBJECTID": 129,
        "landmark": ""
      }
    },
    {
      "type": "Feature",
      "id": 129,
      "geometry": {
        "type": "Point",
        "coordinates": [
          54.506930031000081,
          24.36822655900005,
          0
        ]
      },
      "properties": {
        "FID": 129,
        "X": 54.506929999999997,
        "Y": 24.368226559099998,
        "name": "مصفح (11) - ج",
        "zones": "منطقة المصفح",
        "direction": "ج",
        "description": "مصفح (11)",
        "stationType": 3,
        "regionCode": "AE-ABU-DHABI",
        "OBJECTID": 130,
        "landmark": ""
      }
    },
    {
      "type": "Feature",
      "id": 130,
      "geometry": {
        "type": "Point",
        "coordinates": [
          54.51111392200005,
          24.366425338000056,
          0
        ]
      },
      "properties": {
        "FID": 130,
        "X": 54.511113999999999,
        "Y": 24.366425337799999,
        "name": "مصفح (11) - د",
        "zones": "منطقة المصفح",
        "direction": "د",
        "description": "مصفح (11)",
        "stationType": 3,
        "regionCode": "AE-ABU-DHABI",
        "OBJECTID": 131,
        "landmark": ""
      }
    },
    {
      "type": "Feature",
      "id": 131,
      "geometry": {
        "type": "Point",
        "coordinates": [
          54.511316904000068,
          24.361920201000032,
          0
        ]
      },
      "properties": {
        "FID": 131,
        "X": 54.511316999999998,
        "Y": 24.361920200699998,
        "name": "مصفح (11) - ه",
        "zones": "منطقة المصفح",
        "direction": "ه",
        "description": "مصفح (11)",
        "stationType": 3,
        "regionCode": "AE-ABU-DHABI",
        "OBJECTID": 132,
        "landmark": ""
      }
    },
    {
      "type": "Feature",
      "id": 132,
      "geometry": {
        "type": "Point",
        "coordinates": [
          54.511802984000042,
          24.361694026000066,
          0
        ]
      },
      "properties": {
        "FID": 132,
        "X": 54.511803,
        "Y": 24.3616940259,
        "name": "مصفح (23) - ب",
        "zones": "منطقة المصفح",
        "direction": "ب",
        "description": "مصفح (23)",
        "stationType": 3,
        "regionCode": "AE-ABU-DHABI",
        "OBJECTID": 133,
        "landmark": ""
      }
    },
    {
      "type": "Feature",
      "id": 133,
      "geometry": {
        "type": "Point",
        "coordinates": [
          54.513960761000078,
          24.359927305000042,
          0
        ]
      },
      "properties": {
        "FID": 133,
        "X": 54.513961000000002,
        "Y": 24.359927305399999,
        "name": "شارع الك\u064Eواك\u0650ب/ شارع اله\u064Eي\u0651\u064Eال\n- أ",
        "zones": "منطقة المصفح",
        "direction": "أ",
        "description": "شارع الك\u064Eواك\u0650ب/ شارع اله\u064Eي\u0651\u064Eال",
        "stationType": 3,
        "regionCode": "AE-ABU-DHABI",
        "OBJECTID": 134,
        "landmark": ""
      }
    },
    {
      "type": "Feature",
      "id": 134,
      "geometry": {
        "type": "Point",
        "coordinates": [
          54.514616526000054,
          24.359660494000025,
          0
        ]
      },
      "properties": {
        "FID": 134,
        "X": 54.514617000000001,
        "Y": 24.359660493900002,
        "name": "شارع الك\u064Eواك\u0650ب/ شارع اله\u064Eي\u0651\u064Eال\n- ب",
        "zones": "منطقة المصفح",
        "direction": "ب",
        "description": "شارع الك\u064Eواك\u0650ب/ شارع اله\u064Eي\u0651\u064Eال",
        "stationType": 3,
        "regionCode": "AE-ABU-DHABI",
        "OBJECTID": 135,
        "landmark": ""
      }
    },
    {
      "type": "Feature",
      "id": 135,
      "geometry": {
        "type": "Point",
        "coordinates": [
          54.511562798000057,
          24.366667733000043,
          0
        ]
      },
      "properties": {
        "FID": 135,
        "X": 54.511563000000002,
        "Y": 24.3666677332,
        "name": "مصفح (5) - ب",
        "zones": "منطقة المصفح",
        "direction": "ب",
        "description": "مصفح(5)",
        "stationType": 3,
        "regionCode": "AE-ABU-DHABI",
        "OBJECTID": 136,
        "landmark": ""
      }
    },
    {
      "type": "Feature",
      "id": 136,
      "geometry": {
        "type": "Point",
        "coordinates": [
          54.51379926900006,
          24.364501327000028,
          0
        ]
      },
      "properties": {
        "FID": 136,
        "X": 54.513798999999999,
        "Y": 24.364501326700001,
        "name": "مصفح(5) - ج",
        "zones": "منطقة المصفح",
        "direction": "ج",
        "description": "مصفح(5)",
        "stationType": 3,
        "regionCode": "AE-ABU-DHABI",
        "OBJECTID": 137,
        "landmark": ""
      }
    },
    {
      "type": "Feature",
      "id": 137,
      "geometry": {
        "type": "Point",
        "coordinates": [
          54.516001455000037,
          24.366632458000026,
          0
        ]
      },
      "properties": {
        "FID": 137,
        "X": 54.516001000000003,
        "Y": 24.366632457600002,
        "name": "مصفح(5) - د",
        "zones": "منطقة المصفح",
        "direction": "د",
        "description": "مصفح(5)",
        "stationType": 3,
        "regionCode": "AE-ABU-DHABI",
        "OBJECTID": 138,
        "landmark": ""
      }
    },
    {
      "type": "Feature",
      "id": 138,
      "geometry": {
        "type": "Point",
        "coordinates": [
          54.516577901000062,
          24.366568448000066,
          0
        ]
      },
      "properties": {
        "FID": 138,
        "X": 54.516578000000003,
        "Y": 24.366568447700001,
        "name": "مصفح(4) - ب",
        "zones": "منطقة المصفح",
        "direction": "ب",
        "description": "مصفح(4)",
        "stationType": 3,
        "regionCode": "AE-ABU-DHABI",
        "OBJECTID": 139,
        "landmark": ""
      }
    },
    {
      "type": "Feature",
      "id": 139,
      "geometry": {
        "type": "Point",
        "coordinates": [
          54.516711359000055,
          24.361919915000044,
          0
        ]
      },
      "properties": {
        "FID": 139,
        "X": 54.516711000000001,
        "Y": 24.361919914600001,
        "name": "شارع الرحى 8 \\ القرية العمالية\n- أ",
        "zones": "منطقة المصفح",
        "direction": "أ",
        "description": "شارع الرحى 8 \\ القرية العمالية",
        "stationType": 3,
        "regionCode": "AE-ABU-DHABI",
        "OBJECTID": 140,
        "landmark": ""
      }
    },
    {
      "type": "Feature",
      "id": 140,
      "geometry": {
        "type": "Point",
        "coordinates": [
          54.516228797000053,
          24.362132993000046,
          0
        ]
      },
      "properties": {
        "FID": 140,
        "X": 54.516229000000003,
        "Y": 24.362132993300001,
        "name": "شارع الرحى 8 \\ القرية العمالية\n- ب",
        "zones": "منطقة المصفح",
        "direction": "ب",
        "description": "شارع الرحى 8 \\ القرية العمالية",
        "stationType": 3,
        "regionCode": "AE-ABU-DHABI",
        "OBJECTID": 141,
        "landmark": ""
      }
    },
    {
      "type": "Feature",
      "id": 141,
      "geometry": {
        "type": "Point",
        "coordinates": [
          54.513858824000067,
          24.364097582000056,
          0
        ]
      },
      "properties": {
        "FID": 141,
        "X": 54.513858999999997,
        "Y": 24.364097581599999,
        "name": "مصفح (23) - ج",
        "zones": "منطقة المصفح",
        "direction": "ج",
        "description": "مصفح(23)",
        "stationType": 3,
        "regionCode": "AE-ABU-DHABI",
        "OBJECTID": 142,
        "landmark": ""
      }
    },
    {
      "type": "Feature",
      "id": 142,
      "geometry": {
        "type": "Point",
        "coordinates": [
          54.517590146000032,
          24.364412326000036,
          0
        ]
      },
      "properties": {
        "FID": 142,
        "X": 54.517589999999998,
        "Y": 24.364412325699998,
        "name": "شارع الج\u064Eم\u0651\u064Eال\u064Eة 1/ الكنيسة الانجليكانية\n- أ",
        "zones": "منطقة المصفح",
        "direction": "أ",
        "description": "شارع الج\u064Eم\u0651\u064Eال\u064Eة 1/ الكنيسة الانجليكانية",
        "stationType": 3,
        "regionCode": "AE-ABU-DHABI",
        "OBJECTID": 143,
        "landmark": ""
      }
    },
    {
      "type": "Feature",
      "id": 143,
      "geometry": {
        "type": "Point",
        "coordinates": [
          54.520624004000069,
          24.363791479000042,
          0
        ]
      },
      "properties": {
        "FID": 143,
        "X": 54.520623999999998,
        "Y": 24.363791479300001,
        "name": "شارع الج\u064Eم\u0651\u064Eال\u064Eة 8 / كنيسة مارثوما\n- أ",
        "zones": "منطقة المصفح",
        "direction": "أ",
        "description": "شارع الج\u064Eم\u0651\u064Eال\u064Eة 8 / كنيسة مارثوما",
        "stationType": 3,
        "regionCode": "AE-ABU-DHABI",
        "OBJECTID": 144,
        "landmark": ""
      }
    },
    {
      "type": "Feature",
      "id": 144,
      "geometry": {
        "type": "Point",
        "coordinates": [
          54.521177812000076,
          24.364534810000066,
          0
        ]
      },
      "properties": {
        "FID": 144,
        "X": 54.521177999999999,
        "Y": 24.3645348099,
        "name": "شارع الج\u064Eم\u0651\u064Eال\u064Eة 1/ كنيسة مارثوما\n- أ",
        "zones": "منطقة المصفح",
        "direction": "أ",
        "description": "شارع الج\u064Eم\u0651\u064Eال\u064Eة 1/ كنيسة مارثوما",
        "stationType": 3,
        "regionCode": "AE-ABU-DHABI",
        "OBJECTID": 145,
        "landmark": ""
      }
    },
    {
      "type": "Feature",
      "id": 145,
      "geometry": {
        "type": "Point",
        "coordinates": [
          54.524712756000042,
          24.365412382000045,
          0
        ]
      },
      "properties": {
        "FID": 145,
        "X": 54.524712999999998,
        "Y": 24.365412382300001,
        "name": "شارع الج\u064Eم\u0651\u064Eال\u064Eة 2 / مركز ادنوك لفحص المركبات\n- أ",
        "zones": "منطقة المصفح",
        "direction": "أ",
        "description": "شارع الج\u064Eم\u0651\u064Eال\u064Eة 2 / مركز ادنوك لفحص المركبات",
        "stationType": 3,
        "regionCode": "AE-ABU-DHABI",
        "OBJECTID": 146,
        "landmark": ""
      }
    },
    {
      "type": "Feature",
      "id": 146,
      "geometry": {
        "type": "Point",
        "coordinates": [
          54.524599228000056,
          24.365136824000047,
          0
        ]
      },
      "properties": {
        "FID": 146,
        "X": 54.524599000000002,
        "Y": 24.365136823699999,
        "name": "شارع الج\u064Eم\u0651\u064Eال\u064Eة 2 / مركز ادنوك لفحص المركبات - ب",
        "zones": "منطقة المصفح",
        "direction": "ب",
        "description": "شارع الج\u064Eم\u0651\u064Eال\u064Eة 2 / مركز ادنوك لفحص المركبات",
        "stationType": 3,
        "regionCode": "AE-ABU-DHABI",
        "OBJECTID": 147,
        "landmark": ""
      }
    },
    {
      "type": "Feature",
      "id": 147,
      "geometry": {
        "type": "Point",
        "coordinates": [
          54.524698177000062,
          24.362780746000055,
          0
        ]
      },
      "properties": {
        "FID": 147,
        "X": 54.524698000000001,
        "Y": 24.3627807459,
        "name": "شارع الج\u064Eم\u0651\u064Eال\u064Eة 2 / مستشفى الأهلية\n- أ",
        "zones": "منطقة المصفح",
        "direction": "أ",
        "description": "شارع الج\u064Eم\u0651\u064Eال\u064Eة 2 / مستشفى الأهلية",
        "stationType": 3,
        "regionCode": "AE-ABU-DHABI",
        "OBJECTID": 148,
        "landmark": ""
      }
    },
    {
      "type": "Feature",
      "id": 148,
      "geometry": {
        "type": "Point",
        "coordinates": [
          54.52155653300008,
          24.360239456000045,
          0
        ]
      },
      "properties": {
        "FID": 148,
        "X": 54.521557000000001,
        "Y": 24.360239455799999,
        "name": "شارع الك\u064Eواك\u0650ب / القرية العمالية\n- أ",
        "zones": "منطقة المصفح",
        "direction": "أ",
        "description": "شارع الك\u064Eواك\u0650ب / القرية العمالية",
        "stationType": 3,
        "regionCode": "AE-ABU-DHABI",
        "OBJECTID": 149,
        "landmark": ""
      }
    },
    {
      "type": "Feature",
      "id": 149,
      "geometry": {
        "type": "Point",
        "coordinates": [
          54.521864869000069,
          24.359701464000068,
          0
        ]
      },
      "properties": {
        "FID": 149,
        "X": 54.521864999999998,
        "Y": 24.3597014642,
        "name": "شارع الك\u064Eواك\u0650ب / القرية العمالية\n- ب",
        "zones": "منطقة المصفح",
        "direction": "ب",
        "description": "شارع الك\u064Eواك\u0650ب / القرية العمالية",
        "stationType": 3,
        "regionCode": "AE-ABU-DHABI",
        "OBJECTID": 150,
        "landmark": ""
      }
    },
    {
      "type": "Feature",
      "id": 150,
      "geometry": {
        "type": "Point",
        "coordinates": [
          54.494475838000028,
          24.358766922000029,
          0
        ]
      },
      "properties": {
        "FID": 150,
        "X": 54.494475999999999,
        "Y": 24.358766922299999,
        "name": "شارع الك\u064Eواك\u0650ب \\ شارع الب\u0650يص",
        "zones": "منطقة المصفح",
        "direction": "ب",
        "description": "شارع الك\u064Eواك\u0650ب \\ شارع الب\u0650يص",
        "stationType": 3,
        "regionCode": "AE-ABU-DHABI",
        "OBJECTID": 151,
        "landmark": ""
      }
    },
    {
      "type": "Feature",
      "id": 151,
      "geometry": {
        "type": "Point",
        "coordinates": [
          54.486911967000026,
          24.358437555000023,
          0
        ]
      },
      "properties": {
        "FID": 151,
        "X": 54.486911999999997,
        "Y": 24.358437555199998,
        "name": "مصفح (39) - أ",
        "zones": "منطقة المصفح",
        "direction": "أ",
        "description": "مصفح (39)",
        "stationType": 3,
        "regionCode": "AE-ABU-DHABI",
        "OBJECTID": 152,
        "landmark": ""
      }
    },
    {
      "type": "Feature",
      "id": 152,
      "geometry": {
        "type": "Point",
        "coordinates": [
          54.491941217000033,
          24.356271466000067,
          0
        ]
      },
      "properties": {
        "FID": 152,
        "X": 54.491940999999997,
        "Y": 24.356271466100001,
        "name": "مصفح (39) - ب",
        "zones": "منطقة المصفح",
        "direction": "ب",
        "description": "مصفح (39)",
        "stationType": 3,
        "regionCode": "AE-ABU-DHABI",
        "OBJECTID": 153,
        "landmark": ""
      }
    },
    {
      "type": "Feature",
      "id": 153,
      "geometry": {
        "type": "Point",
        "coordinates": [
          54.482050000000072,
          24.356313915000044,
          0
        ]
      },
      "properties": {
        "FID": 153,
        "X": 54.482050000000001,
        "Y": 24.356313915099999,
        "name": "مصفح( 46)",
        "zones": "منطقة المصفح",
        "direction": "ز",
        "description": "مصفح(46)",
        "stationType": 3,
        "regionCode": "AE-ABU-DHABI",
        "OBJECTID": 154,
        "landmark": ""
      }
    },
    {
      "type": "Feature",
      "id": 154,
      "geometry": {
        "type": "Point",
        "coordinates": [
          54.482460675000027,
          24.356289266000033,
          0
        ]
      },
      "properties": {
        "FID": 154,
        "X": 54.482461000000001,
        "Y": 24.356289266099999,
        "name": "مصفح (39)ح.",
        "zones": "منطقة المصفح",
        "direction": "ح",
        "description": "مصفح(39)",
        "stationType": 3,
        "regionCode": "AE-ABU-DHABI",
        "OBJECTID": 155,
        "landmark": ""
      }
    },
    {
      "type": "Feature",
      "id": 155,
      "geometry": {
        "type": "Point",
        "coordinates": [
          54.472500917000048,
          24.356062619000056,
          0
        ]
      },
      "properties": {
        "FID": 155,
        "X": 54.472501000000001,
        "Y": 24.356062618599999,
        "name": "شارع ص\u0650ر\u0650يف / مركز ادنوك لفحص المركبات",
        "zones": "منطقة المصفح",
        "direction": "أ",
        "description": "شارع ص\u0650ر\u0650يف / مركز ادنوك لفحص المركبات",
        "stationType": 3,
        "regionCode": "AE-ABU-DHABI",
        "OBJECTID": 156,
        "landmark": ""
      }
    },
    {
      "type": "Feature",
      "id": 156,
      "geometry": {
        "type": "Point",
        "coordinates": [
          54.472228027000028,
          24.356070220000049,
          0
        ]
      },
      "properties": {
        "FID": 156,
        "X": 54.472228000000001,
        "Y": 24.356070220100001,
        "name": "شارع ص\u0650ر\u0650يف / مركز ادنوك لفحص المركبات",
        "zones": "منطقة المصفح",
        "direction": "أ",
        "description": "شارع ص\u0650ر\u0650يف / مركز ادنوك لفحص المركبات",
        "stationType": 3,
        "regionCode": "AE-ABU-DHABI",
        "OBJECTID": 157,
        "landmark": ""
      }
    },
    {
      "type": "Feature",
      "id": 157,
      "geometry": {
        "type": "Point",
        "coordinates": [
          54.472739444000069,
          24.346453294000071,
          0
        ]
      },
      "properties": {
        "FID": 157,
        "X": 54.472738999999997,
        "Y": 24.346453294,
        "name": "شارع ص\u0650ر\u0650يف \\ شارع محمد بن خليفة الكندي",
        "zones": "منطقة المصفح",
        "direction": "ط",
        "description": "شارع ص\u0650ر\u0650يف \\ شارع محمد بن خليفة الكندي",
        "stationType": 3,
        "regionCode": "AE-ABU-DHABI",
        "OBJECTID": 158,
        "landmark": ""
      }
    },
    {
      "type": "Feature",
      "id": 158,
      "geometry": {
        "type": "Point",
        "coordinates": [
          54.472958031000076,
          24.346198961000027,
          0
        ]
      },
      "properties": {
        "FID": 158,
        "X": 54.472957999999998,
        "Y": 24.346198961500001,
        "name": "شارع ص\u0650ر\u0650يف \\ شارع محمد بن خليفة الكندي",
        "zones": "منطقة المصفح",
        "direction": "ى",
        "description": "شارع ص\u0650ر\u0650يف \\ شارع محمد بن خليفة الكندي",
        "stationType": 3,
        "regionCode": "AE-ABU-DHABI",
        "OBJECTID": 159,
        "landmark": ""
      }
    },
    {
      "type": "Feature",
      "id": 159,
      "geometry": {
        "type": "Point",
        "coordinates": [
          54.473099254000033,
          24.343379535000054,
          0
        ]
      },
      "properties": {
        "FID": 159,
        "X": 54.473098999999998,
        "Y": 24.343379535499999,
        "name": "مصفح (43)شارع ص\u0650ر\u0650يف/ شارع محمد بن خليفة الكندي",
        "zones": "منطقة المصفح",
        "direction": "ي",
        "description": "مصفح (43) شارع ص\u0650ر\u0650يف/ شارع محمد بن خليفة الكندي",
        "stationType": 3,
        "regionCode": "AE-ABU-DHABI",
        "OBJECTID": 160,
        "landmark": ""
      }
    },
    {
      "type": "Feature",
      "id": 160,
      "geometry": {
        "type": "Point",
        "coordinates": [
          54.472889042000077,
          24.34297934600005,
          0
        ]
      },
      "properties": {
        "FID": 160,
        "X": 54.472889000000002,
        "Y": 24.342979346100002,
        "name": "شارع ص\u0650ر\u0650يف/ شارع محمد بن خليفة الكندي",
        "zones": "منطقة المصفح",
        "direction": "ط",
        "description": "شارع ص\u0650ر\u0650يف/ شارع محمد بن خليفة الكندي",
        "stationType": 3,
        "regionCode": "AE-ABU-DHABI",
        "OBJECTID": 161,
        "landmark": ""
      }
    },
    {
      "type": "Feature",
      "id": 161,
      "geometry": {
        "type": "Point",
        "coordinates": [
          54.473371924000048,
          24.33688109700006,
          0
        ]
      },
      "properties": {
        "FID": 161,
        "X": 54.473371999999998,
        "Y": 24.336881097100001,
        "name": "مصفح (43) شارع ص\u0650ر\u0650يف / شارع الب\u0650ير\u0650ش",
        "zones": "منطقة المصفح",
        "direction": "ي",
        "description": "مصفح (43) شارع ص\u0650ر\u0650يف / شارع الب\u0650ير\u0650ش",
        "stationType": 3,
        "regionCode": "AE-ABU-DHABI",
        "OBJECTID": 162,
        "landmark": ""
      }
    },
    {
      "type": "Feature",
      "id": 162,
      "geometry": {
        "type": "Point",
        "coordinates": [
          54.473271734000036,
          24.332979673000068,
          0
        ]
      },
      "properties": {
        "FID": 162,
        "X": 54.473272000000001,
        "Y": 24.3329796726,
        "name": "شارع ص\u0650ر\u0650يف / شارع الب\u0650ير\u0650ش ايكاد",
        "zones": "منطقة المصفح",
        "direction": "ي",
        "description": "شارع ص\u0650ر\u0650يف / شارع الب\u0650ير\u0650ش ايكاد",
        "stationType": 3,
        "regionCode": "AE-ABU-DHABI",
        "OBJECTID": 163,
        "landmark": ""
      }
    },
    {
      "type": "Feature",
      "id": 163,
      "geometry": {
        "type": "Point",
        "coordinates": [
          54.473970884000039,
          24.327063334000059,
          0
        ]
      },
      "properties": {
        "FID": 163,
        "X": 54.473970999999999,
        "Y": 24.327063334200002,
        "name": "شارع - ص\u0650ر\u0650يف / مستودع شركة حديد الإمارات",
        "zones": "منطقة المصفح",
        "direction": "ك",
        "description": "شارع - ص\u0650ر\u0650يف / مستودع شركة حديد الإمارات",
        "stationType": 3,
        "regionCode": "AE-ABU-DHABI",
        "OBJECTID": 164,
        "landmark": ""
      }
    },
    {
      "type": "Feature",
      "id": 164,
      "geometry": {
        "type": "Point",
        "coordinates": [
          54.473586822000073,
          24.326881354000022,
          0
        ]
      },
      "properties": {
        "FID": 164,
        "X": 54.473587000000002,
        "Y": 24.326881353800001,
        "name": "شارع - ص\u0650ر\u0650يف / مستودع شركة حديد الإمارات",
        "zones": "منطقة المصفح",
        "direction": "ل",
        "description": "شارع - ص\u0650ر\u0650يف / مستودع شركة حديد الإمارات",
        "stationType": 3,
        "regionCode": "AE-ABU-DHABI",
        "OBJECTID": 165,
        "landmark": ""
      }
    },
    {
      "type": "Feature",
      "id": 165,
      "geometry": {
        "type": "Point",
        "coordinates": [
          54.474021649000065,
          24.32363484800004,
          0
        ]
      },
      "properties": {
        "FID": 165,
        "X": 54.474021999999998,
        "Y": 24.323634848200001,
        "name": "شارع ص\u0650ر\u0650يف / شركة حديد الامارات ايكاد",
        "zones": "منطقة المصفح",
        "direction": "ك",
        "description": "شارع ص\u0650ر\u0650يف / شركة حديد الامارات ايكاد",
        "stationType": 3,
        "regionCode": "AE-ABU-DHABI",
        "OBJECTID": 166,
        "landmark": ""
      }
    },
    {
      "type": "Feature",
      "id": 166,
      "geometry": {
        "type": "Point",
        "coordinates": [
          54.473888915000032,
          24.320536110000035,
          0
        ]
      },
      "properties": {
        "FID": 166,
        "X": 54.473889,
        "Y": 24.320536109599999,
        "name": "شارع ص\u0650ر\u0650يف / شركة حديد الامارات",
        "zones": "منطقة المصفح",
        "direction": "ل",
        "description": "شارع ص\u0650ر\u0650يف / شركة حديد الامارات ايكاد",
        "stationType": 3,
        "regionCode": "AE-ABU-DHABI",
        "OBJECTID": 167,
        "landmark": ""
      }
    },
    {
      "type": "Feature",
      "id": 167,
      "geometry": {
        "type": "Point",
        "coordinates": [
          54.482756609000035,
          24.347486315000026,
          0
        ]
      },
      "properties": {
        "FID": 167,
        "X": 54.482756999999999,
        "Y": 24.347486315000001,
        "name": "مصفح (40) شارع البسال \\ شارع محمد بن خليفة الكندي",
        "zones": "منطقة المصفح",
        "direction": "م",
        "description": "مصفح(40)شارع البسال \\ شارع محمد بن خليفة الكندي",
        "stationType": 3,
        "regionCode": "AE-ABU-DHABI",
        "OBJECTID": 168,
        "landmark": ""
      }
    },
    {
      "type": "Feature",
      "id": 168,
      "geometry": {
        "type": "Point",
        "coordinates": [
          54.482415054000057,
          24.347438028000056,
          0
        ]
      },
      "properties": {
        "FID": 168,
        "X": 54.482415000000003,
        "Y": 24.347438027700001,
        "name": "مصفح(45)شارع البسال \\ شارع محمد بن خليفة الكندي",
        "zones": "منطقة المصفح",
        "direction": "ن",
        "description": "مصفح(45)شارع البسال \\ شارع محمد بن خليفة الكندي",
        "stationType": 3,
        "regionCode": "AE-ABU-DHABI",
        "OBJECTID": 169,
        "landmark": ""
      }
    },
    {
      "type": "Feature",
      "id": 169,
      "geometry": {
        "type": "Point",
        "coordinates": [
          54.481028021000043,
          24.345065630000079,
          0
        ]
      },
      "properties": {
        "FID": 169,
        "X": 54.481028000000002,
        "Y": 24.345065630000001,
        "name": "شارع محمد بن خليفة الكندي/ ﺑﺎزار ﻣﺼﻔﺢ",
        "zones": "منطقة المصفح",
        "direction": "س",
        "description": "شارع محمد بن خليفة الكندي/ ﺑﺎزار ﻣﺼﻔﺢ",
        "stationType": 3,
        "regionCode": "AE-ABU-DHABI",
        "OBJECTID": 170,
        "landmark": ""
      }
    },
    {
      "type": "Feature",
      "id": 170,
      "geometry": {
        "type": "Point",
        "coordinates": [
          54.481647614000053,
          24.344816071000025,
          0
        ]
      },
      "properties": {
        "FID": 170,
        "X": 54.481648,
        "Y": 24.3448160712,
        "name": "شارع محمد بن خليفة الكندي/ ﺑﺎزار ﻣﺼﻔﺢ",
        "zones": "منطقة المصفح",
        "direction": "ع",
        "description": "شارع محمد بن خليفة الكندي/ ﺑﺎزار ﻣﺼﻔﺢ",
        "stationType": 3,
        "regionCode": "AE-ABU-DHABI",
        "OBJECTID": 171,
        "landmark": ""
      }
    },
    {
      "type": "Feature",
      "id": 171,
      "geometry": {
        "type": "Point",
        "coordinates": [
          54.477074663000053,
          24.344907121000062,
          0
        ]
      },
      "properties": {
        "FID": 171,
        "X": 54.477074999999999,
        "Y": 24.344907120799999,
        "name": "شارع محمد بن خليفة الكندي / شارع الش\u0651\u064Eل\u0651\u064Eال 8",
        "zones": "منطقة المصفح",
        "direction": "س",
        "description": "شارع محمد بن خليفة الكندي / شارع الش\u0651\u064Eل\u0651\u064Eال",
        "stationType": 3,
        "regionCode": "AE-ABU-DHABI",
        "OBJECTID": 172,
        "landmark": ""
      }
    },
    {
      "type": "Feature",
      "id": 172,
      "geometry": {
        "type": "Point",
        "coordinates": [
          54.47692190600003,
          24.344638752000037,
          0
        ]
      },
      "properties": {
        "FID": 172,
        "X": 54.476922000000002,
        "Y": 24.3446387521,
        "name": "شارع محمد بن خليفة الكندي / شارع الش\u0651\u064Eل\u0651\u064Eال",
        "zones": "منطقة المصفح",
        "direction": "ع",
        "description": "شارع محمد بن خليفة الكندي / شارع الش\u0651\u064Eل\u0651\u064Eال",
        "stationType": 3,
        "regionCode": "AE-ABU-DHABI",
        "OBJECTID": 173,
        "landmark": ""
      }
    },
    {
      "type": "Feature",
      "id": 173,
      "geometry": {
        "type": "Point",
        "coordinates": [
          54.470615856000052,
          24.344629992000023,
          0
        ]
      },
      "properties": {
        "FID": 173,
        "X": 54.470616,
        "Y": 24.3446299925,
        "name": "شارع محمد بن خليفة الكندي/ الخليج للصناعات الحديدية",
        "zones": "منطقة المصفح",
        "direction": "س",
        "description": "شارع محمد بن خليفة الكندي/ الخليج للصناعات الحديدية",
        "stationType": 3,
        "regionCode": "AE-ABU-DHABI",
        "OBJECTID": 174,
        "landmark": ""
      }
    },
    {
      "type": "Feature",
      "id": 174,
      "geometry": {
        "type": "Point",
        "coordinates": [
          54.470153461000052,
          24.344378394000046,
          0
        ]
      },
      "properties": {
        "FID": 174,
        "X": 54.470153000000003,
        "Y": 24.3443783942,
        "name": "شارع محمد بن خليفة الكندي/ الخليج للصناعات الحديدية",
        "zones": "منطقة المصفح",
        "direction": "ع",
        "description": "شارع محمد بن خليفة الكندي/ الخليج للصناعات الحديدية",
        "stationType": 3,
        "regionCode": "AE-ABU-DHABI",
        "OBJECTID": 175,
        "landmark": ""
      }
    },
    {
      "type": "Feature",
      "id": 175,
      "geometry": {
        "type": "Point",
        "coordinates": [
          54.463649138000051,
          24.344387489000042,
          0
        ]
      },
      "properties": {
        "FID": 175,
        "X": 54.463648999999997,
        "Y": 24.344387488900001,
        "name": "شارع محمد بن خليفة الكندي / شركة الانشاءات البترولية",
        "zones": "منطقة المصفح",
        "direction": "س",
        "description": "شارع محمد بن خليفة الكندي / شركة الانشاءات البترولية",
        "stationType": 3,
        "regionCode": "AE-ABU-DHABI",
        "OBJECTID": 176,
        "landmark": ""
      }
    },
    {
      "type": "Feature",
      "id": 176,
      "geometry": {
        "type": "Point",
        "coordinates": [
          54.506307640000045,
          24.346100499000045,
          0
        ]
      },
      "properties": {
        "FID": 176,
        "X": 54.506307999999997,
        "Y": 24.3461004991,
        "name": "شارع محمد بن خليفة الكندي / الدفاع المدني",
        "zones": "منطقة المصفح",
        "direction": "س",
        "description": "شارع محمد بن خليفة الكندي / الدفاع المدني",
        "stationType": 3,
        "regionCode": "AE-ABU-DHABI",
        "OBJECTID": 177,
        "landmark": ""
      }
    },
    {
      "type": "Feature",
      "id": 177,
      "geometry": {
        "type": "Point",
        "coordinates": [
          54.49609722200006,
          24.345377804000066,
          0
        ]
      },
      "properties": {
        "FID": 177,
        "X": 54.496096999999999,
        "Y": 24.3453778039,
        "name": "شارع محمد بن خليفة الكندي / شارع الر\u0651\u064Eحمة",
        "zones": "منطقة المصفح",
        "direction": "ع",
        "description": "شارع محمد بن خليفة الكندي / شارع الر\u0651\u064Eحمة",
        "stationType": 3,
        "regionCode": "AE-ABU-DHABI",
        "OBJECTID": 178,
        "landmark": ""
      }
    },
    {
      "type": "Feature",
      "id": 178,
      "geometry": {
        "type": "Point",
        "coordinates": [
          54.489591785000073,
          24.345200625000075,
          0
        ]
      },
      "properties": {
        "FID": 178,
        "X": 54.489592000000002,
        "Y": 24.345200625,
        "name": "شارع محمد بن خليفة الكندي/ مدينة ايكاد السكنية بوابة رقم 2",
        "zones": "منطقة المصفح",
        "direction": "ع",
        "description": "شارع محمد بن خليفة الكندي/ مدينة ايكاد السكنية بوابة رقم( 2)",
        "stationType": 3,
        "regionCode": "AE-ABU-DHABI",
        "OBJECTID": 179,
        "landmark": ""
      }
    },
    {
      "type": "Feature",
      "id": 179,
      "geometry": {
        "type": "Point",
        "coordinates": [
          54.489508095000076,
          24.345403686000054,
          0
        ]
      },
      "properties": {
        "FID": 179,
        "X": 54.489508000000001,
        "Y": 24.345403685600001,
        "name": "شارع محمد بن خليفة الكندي/ مدينة ايكاد السكنية بوابة رقم 2",
        "zones": "منطقة المصفح",
        "direction": "س",
        "description": "شارع محمد بن خليفة الكندي/ مدينة ايكاد السكنية بوابة رقم(2)",
        "stationType": 3,
        "regionCode": "AE-ABU-DHABI",
        "OBJECTID": 180,
        "landmark": ""
      }
    },
    {
      "type": "Feature",
      "id": 180,
      "geometry": {
        "type": "Point",
        "coordinates": [
          54.485586221000062,
          24.345245725000041,
          0
        ]
      },
      "properties": {
        "FID": 180,
        "X": 54.485585999999998,
        "Y": 24.3452457247,
        "name": "شارع محمد بن خليفة الكندي/ مدينة ايكاد السكنية بوابة رقم(2)",
        "zones": "منطقة المصفح",
        "direction": "س",
        "description": "شارع محمد بن خليفة الكندي/ مدينة ايكاد السكنية بوابة رقم(2)",
        "stationType": 3,
        "regionCode": "AE-ABU-DHABI",
        "OBJECTID": 181,
        "landmark": ""
      }
    },
    {
      "type": "Feature",
      "id": 181,
      "geometry": {
        "type": "Point",
        "coordinates": [
          54.485614385000076,
          24.344959639000024,
          0
        ]
      },
      "properties": {
        "FID": 181,
        "X": 54.485613999999998,
        "Y": 24.344959638700001,
        "name": "شارع محمد بن خليفة الكندي/ مدينة ايكاد السكنية بوابة رقم( 2)",
        "zones": "منطقة المصفح",
        "direction": "ع",
        "description": "شارع محمد بن خليفة الكندي/ مدينة ايكاد السكنية بوابة رقم( 2)",
        "stationType": 3,
        "regionCode": "AE-ABU-DHABI",
        "OBJECTID": 182,
        "landmark": ""
      }
    },
    {
      "type": "Feature",
      "id": 182,
      "geometry": {
        "type": "Point",
        "coordinates": [
          54.512714536000033,
          24.338961659000063,
          0
        ]
      },
      "properties": {
        "FID": 182,
        "X": 54.512715,
        "Y": 24.338961658700001,
        "name": "شارع اله\u064Eي\u0651\u064Eال / شارع الر\u0651\u064Eحاي\u0650ل مصفح (35)",
        "zones": "منطقة المصفح",
        "direction": "ف",
        "description": "شارع اله\u064Eي\u0651\u064Eال / شارع الر\u0651\u064Eحاي\u0650ل",
        "stationType": 3,
        "regionCode": "AE-ABU-DHABI",
        "OBJECTID": 183,
        "landmark": ""
      }
    },
    {
      "type": "Feature",
      "id": 183,
      "geometry": {
        "type": "Point",
        "coordinates": [
          54.512534370000026,
          24.344023382000046,
          0
        ]
      },
      "properties": {
        "FID": 183,
        "X": 54.512534000000002,
        "Y": 24.344023382100001,
        "name": "شارع اله\u064Eي\u0651\u064Eال / شارع الر\u0651\u064Eحاي\u0650ل مصفح (35)",
        "zones": "منطقة المصفح",
        "direction": "ف",
        "description": "شارع اله\u064Eي\u0651\u064Eال / شارع الر\u0651\u064Eحاي\u0650ل",
        "stationType": 3,
        "regionCode": "AE-ABU-DHABI",
        "OBJECTID": 184,
        "landmark": ""
      }
    },
    {
      "type": "Feature",
      "id": 184,
      "geometry": {
        "type": "Point",
        "coordinates": [
          54.515032760000054,
          24.346110964000047,
          0
        ]
      },
      "properties": {
        "FID": 184,
        "X": 54.515033000000003,
        "Y": 24.346110963499999,
        "name": "شارع محمد بن خليفة الكندي / قرية الجيمي العمالية",
        "zones": "منطقة المصفح",
        "direction": "س",
        "description": "شارع محمد بن خليفة الكندي / قرية الجيمي العمالية",
        "stationType": 3,
        "regionCode": "AE-ABU-DHABI",
        "OBJECTID": 185,
        "landmark": ""
      }
    },
    {
      "type": "Feature",
      "id": 185,
      "geometry": {
        "type": "Point",
        "coordinates": [
          54.492896639000037,
          24.342992646000027,
          0
        ]
      },
      "properties": {
        "FID": 185,
        "X": 54.492896999999999,
        "Y": 24.342992646399999,
        "name": "شارع الب\u0650يص / ادنوك",
        "zones": "منطقة المصفح",
        "direction": "ف",
        "description": "شارع الب\u0650يص / ادنوك",
        "stationType": 3,
        "regionCode": "AE-ABU-DHABI",
        "OBJECTID": 186,
        "landmark": ""
      }
    },
    {
      "type": "Feature",
      "id": 186,
      "geometry": {
        "type": "Point",
        "coordinates": [
          54.492540919000078,
          24.342989749000026,
          0
        ]
      },
      "properties": {
        "FID": 186,
        "X": 54.492541000000003,
        "Y": 24.342989749499999,
        "name": "شارع الب\u0650يص / ادنوك",
        "zones": "منطقة المصفح",
        "direction": "ص",
        "description": "شارع الب\u0650يص / ادنوك",
        "stationType": 3,
        "regionCode": "AE-ABU-DHABI",
        "OBJECTID": 187,
        "landmark": ""
      }
    },
    {
      "type": "Feature",
      "id": 187,
      "geometry": {
        "type": "Point",
        "coordinates": [
          54.492614566000043,
          24.34758122900007,
          0
        ]
      },
      "properties": {
        "FID": 187,
        "X": 54.492615000000001,
        "Y": 24.347581228599999,
        "name": "شارع الب\u0650يص / شارع محمد بن خليفة الكندي",
        "zones": "منطقة المصفح",
        "direction": "ف",
        "description": "شارع الب\u0650يص / شارع محمد بن خليفة الكندي",
        "stationType": 3,
        "regionCode": "AE-ABU-DHABI",
        "OBJECTID": 188,
        "landmark": ""
      }
    },
    {
      "type": "Feature",
      "id": 188,
      "geometry": {
        "type": "Point",
        "coordinates": [
          54.492302613000049,
          24.347601754000038,
          0
        ]
      },
      "properties": {
        "FID": 188,
        "X": 54.492303,
        "Y": 24.347601753599999,
        "name": "شارع الب\u0650يص / شارع محمد بن خليفة الكندي",
        "zones": "منطقة المصفح",
        "direction": "ص",
        "description": "شارع الب\u0650يص / شارع محمد بن خليفة الكندي",
        "stationType": 3,
        "regionCode": "AE-ABU-DHABI",
        "OBJECTID": 189,
        "landmark": ""
      }
    },
    {
      "type": "Feature",
      "id": 189,
      "geometry": {
        "type": "Point",
        "coordinates": [
          54.492450000000076,
          24.352919471000064,
          0
        ]
      },
      "properties": {
        "FID": 189,
        "X": 54.492449999999998,
        "Y": 24.3529194706,
        "name": "شارع الب\u0650يص",
        "zones": "منطقة المصفح",
        "direction": "ف",
        "description": "شارع الب\u0650يص",
        "stationType": 3,
        "regionCode": "AE-ABU-DHABI",
        "OBJECTID": 190,
        "landmark": ""
      }
    },
    {
      "type": "Feature",
      "id": 190,
      "geometry": {
        "type": "Point",
        "coordinates": [
          54.492034797000031,
          24.352860348000036,
          0
        ]
      },
      "properties": {
        "FID": 190,
        "X": 54.492035000000001,
        "Y": 24.3528603484,
        "name": "Untitشارع الب\u0650يص",
        "zones": "منطقة المصفح",
        "direction": "ص",
        "description": "شارع الب\u0650يص",
        "stationType": 3,
        "regionCode": "AE-ABU-DHABI",
        "OBJECTID": 191,
        "landmark": ""
      }
    },
    {
      "type": "Feature",
      "id": 191,
      "geometry": {
        "type": "Point",
        "coordinates": [
          54.500302778000048,
          24.356555582000055,
          0
        ]
      },
      "properties": {
        "FID": 191,
        "X": 54.500303000000002,
        "Y": 24.3565555817,
        "name": "شارع زهرة الاشخر",
        "zones": "منطقة المصفح",
        "direction": "أ",
        "description": "شارع زهرة الاشخر مصفح(38)",
        "stationType": 3,
        "regionCode": "AE-ABU-DHABI",
        "OBJECTID": 192,
        "landmark": ""
      }
    },
    {
      "type": "Feature",
      "id": 192,
      "geometry": {
        "type": "Point",
        "coordinates": [
          54.50092926700006,
          24.359120823000069,
          0
        ]
      },
      "properties": {
        "FID": 192,
        "X": 54.500928999999999,
        "Y": 24.3591208235,
        "name": "شارع الك\u064Eواك\u0650ب \\ شارع الب\u0650يص",
        "zones": "منطقة المصفح",
        "direction": "ب",
        "description": "شارع الك\u064Eواك\u0650ب \\ شارع الب\u0650يص",
        "stationType": 3,
        "regionCode": "AE-ABU-DHABI",
        "OBJECTID": 193,
        "landmark": ""
      }
    },
    {
      "type": "Feature",
      "id": 193,
      "geometry": {
        "type": "Point",
        "coordinates": [
          54.504022207000048,
          24.359228041000051,
          0
        ]
      },
      "properties": {
        "FID": 193,
        "X": 54.504021999999999,
        "Y": 24.3592280411,
        "name": "شارع الك\u064Eواك\u0650ب \\ شارع الحر\u064Eف 7\n- ب",
        "zones": "منطقة المصفح",
        "direction": "ب",
        "description": "شارع الك\u064Eواك\u0650ب \\ شارع الحر\u064Eف 7",
        "stationType": 3,
        "regionCode": "AE-ABU-DHABI",
        "OBJECTID": 194,
        "landmark": ""
      }
    },
    {
      "type": "Feature",
      "id": 194,
      "geometry": {
        "type": "Point",
        "coordinates": [
          54.494494948000067,
          24.359047170000053,
          0
        ]
      },
      "properties": {
        "FID": 194,
        "X": 54.494495000000001,
        "Y": 24.3590471704,
        "name": "شارع الك\u064Eواك\u0650ب \\ شارع الج\u064Eز\u0651\u0650يم",
        "zones": "منطقة المصفح",
        "direction": "أ",
        "description": "شارع الك\u064Eواك\u0650ب \\ شارع الج\u064Eز\u0651\u0650يم",
        "stationType": 3,
        "regionCode": "AE-ABU-DHABI",
        "OBJECTID": 195,
        "landmark": ""
      }
    },
    {
      "type": "Feature",
      "id": 195,
      "geometry": {
        "type": "Point",
        "coordinates": [
          54.500833880000073,
          24.359369811000079,
          0
        ]
      },
      "properties": {
        "FID": 195,
        "X": 54.500833999999998,
        "Y": 24.359369811299999,
        "name": "شارع الك\u064Eواك\u0650ب \\ شارع الج\u064Eز\u0651\u0650يم",
        "zones": "منطقة المصفح",
        "direction": "أ",
        "description": "شارع الك\u064Eواك\u0650ب \\ شارع الج\u064Eز\u0651\u0650يم",
        "stationType": 3,
        "regionCode": "AE-ABU-DHABI",
        "OBJECTID": 196,
        "landmark": ""
      }
    },
    {
      "type": "Feature",
      "id": 196,
      "geometry": {
        "type": "Point",
        "coordinates": [
          54.50658943600007,
          24.354862675000049,
          0
        ]
      },
      "properties": {
        "FID": 196,
        "X": 54.506588999999998,
        "Y": 24.354862674500001,
        "name": "شارع المنطقة الصناعية",
        "zones": "منطقة المصفح",
        "direction": "ص",
        "description": "شارع المنطقة الصناعية",
        "stationType": 3,
        "regionCode": "AE-ABU-DHABI",
        "OBJECTID": 197,
        "landmark": ""
      }
    },
    {
      "type": "Feature",
      "id": 197,
      "geometry": {
        "type": "Point",
        "coordinates": [
          54.506572480000045,
          24.355039499000043,
          0
        ]
      },
      "properties": {
        "FID": 197,
        "X": 54.506571999999998,
        "Y": 24.355039498899998,
        "name": "شارع المنطقة الصناعية",
        "zones": "منطقة المصفح",
        "direction": "ق",
        "description": "شارع المنطقة الصناعية",
        "stationType": 3,
        "regionCode": "AE-ABU-DHABI",
        "OBJECTID": 198,
        "landmark": ""
      }
    },
    {
      "type": "Feature",
      "id": 198,
      "geometry": {
        "type": "Point",
        "coordinates": [
          54.513027778000037,
          24.355422248000025,
          0
        ]
      },
      "properties": {
        "FID": 198,
        "X": 54.513027999999998,
        "Y": 24.3554222484,
        "name": "شارع-14",
        "zones": "منطقة المصفح",
        "direction": "ر",
        "description": "شارع (14)",
        "stationType": 3,
        "regionCode": "AE-ABU-DHABI",
        "OBJECTID": 199,
        "landmark": ""
      }
    },
    {
      "type": "Feature",
      "id": 199,
      "geometry": {
        "type": "Point",
        "coordinates": [
          54.513036715000055,
          24.355074904000048,
          0
        ]
      },
      "properties": {
        "FID": 199,
        "X": 54.513036999999997,
        "Y": 24.3550749039,
        "name": "شارع المنطقه الصناعية1",
        "zones": "منطقة المصفح",
        "direction": "ص",
        "description": "شارع المنطقة الصناعية",
        "stationType": 3,
        "regionCode": "AE-ABU-DHABI",
        "OBJECTID": 200,
        "landmark": ""
      }
    },
    {
      "type": "Feature",
      "id": 200,
      "geometry": {
        "type": "Point",
        "coordinates": [
          54.51613370900003,
          24.355458834000046,
          0
        ]
      },
      "properties": {
        "FID": 200,
        "X": 54.516134000000001,
        "Y": 24.355458833899998,
        "name": "شارع-14",
        "zones": "منطقة المصفح",
        "direction": "ر",
        "description": "شارع(14)",
        "stationType": 3,
        "regionCode": "AE-ABU-DHABI",
        "OBJECTID": 201,
        "landmark": ""
      }
    },
    {
      "type": "Feature",
      "id": 201,
      "geometry": {
        "type": "Point",
        "coordinates": [
          54.516095932000042,
          24.355276992000029,
          0
        ]
      },
      "properties": {
        "FID": 201,
        "X": 54.516095999999997,
        "Y": 24.355276992299999,
        "name": "شارع المنطقة الصناعية1",
        "zones": "منطقة المصفح",
        "direction": "ص",
        "description": "شارع المنطقة الصناعية",
        "stationType": 3,
        "regionCode": "AE-ABU-DHABI",
        "OBJECTID": 202,
        "landmark": ""
      }
    },
    {
      "type": "Feature",
      "id": 202,
      "geometry": {
        "type": "Point",
        "coordinates": [
          54.522052270000074,
          24.355671664000056,
          0
        ]
      },
      "properties": {
        "FID": 202,
        "X": 54.522052000000002,
        "Y": 24.355671664300001,
        "name": "شارع المنطقة الصناعية 1/ شارع الرحى(8)",
        "zones": "منطقة المصفح",
        "direction": "ر",
        "description": "شارع المنطقة الصناعية 1/ شارع الرحى(8)",
        "stationType": 3,
        "regionCode": "AE-ABU-DHABI",
        "OBJECTID": 203,
        "landmark": ""
      }
    },
    {
      "type": "Feature",
      "id": 203,
      "geometry": {
        "type": "Point",
        "coordinates": [
          54.522073980000073,
          24.35544562900003,
          0
        ]
      },
      "properties": {
        "FID": 203,
        "X": 54.522074000000003,
        "Y": 24.355445629199998,
        "name": "شارع المنطقة الصناعية 1/ شارع الرحى 8",
        "zones": "منطقة المصفح",
        "direction": "ص",
        "description": "شارع المنطقة الصناعية 1/ شارع الرحى(8)",
        "stationType": 3,
        "regionCode": "AE-ABU-DHABI",
        "OBJECTID": 204,
        "landmark": ""
      }
    },
    {
      "type": "Feature",
      "id": 204,
      "geometry": {
        "type": "Point",
        "coordinates": [
          54.492673012000068,
          24.340176529000075,
          0
        ]
      },
      "properties": {
        "FID": 204,
        "X": 54.492673000000003,
        "Y": 24.340176528600001,
        "name": ".شارع الب\u0650يص / ادنوك",
        "zones": "منطقة المصفح",
        "direction": "ص",
        "description": "شارع الب\u0650يص / ادنوك",
        "stationType": 3,
        "regionCode": "AE-ABU-DHABI",
        "OBJECTID": 205,
        "landmark": ""
      }
    },
    {
      "type": "Feature",
      "id": 205,
      "geometry": {
        "type": "Point",
        "coordinates": [
          54.492973873000039,
          24.340228707000051,
          0
        ]
      },
      "properties": {
        "FID": 205,
        "X": 54.492973999999997,
        "Y": 24.340228706600001,
        "name": "شارع الب\u0650يص / ادنوك",
        "zones": "منطقة المصفح",
        "direction": "ف",
        "description": "شارع الب\u0650يص / ادنوك",
        "stationType": 3,
        "regionCode": "AE-ABU-DHABI",
        "OBJECTID": 206,
        "landmark": ""
      }
    },
    {
      "type": "Feature",
      "id": 206,
      "geometry": {
        "type": "Point",
        "coordinates": [
          54.492722920000062,
          24.337567476000061,
          0
        ]
      },
      "properties": {
        "FID": 206,
        "X": 54.492722999999998,
        "Y": 24.337567475699998,
        "name": "شارع الب\u0650يص / ادنوك",
        "zones": "منطقة المصفح",
        "direction": "ص",
        "description": "شارع الب\u0650يص / ادنوك",
        "stationType": 3,
        "regionCode": "AE-ABU-DHABI",
        "OBJECTID": 207,
        "landmark": ""
      }
    },
    {
      "type": "Feature",
      "id": 207,
      "geometry": {
        "type": "Point",
        "coordinates": [
          54.493102202000046,
          24.337606457000049,
          0
        ]
      },
      "properties": {
        "FID": 207,
        "X": 54.493102,
        "Y": 24.337606456900001,
        "name": "شارع الب\u0650يص / ادنوك",
        "zones": "منطقة المصفح",
        "direction": "ف",
        "description": "شارع الب\u0650يص / ادنوك",
        "stationType": 3,
        "regionCode": "AE-ABU-DHABI",
        "OBJECTID": 208,
        "landmark": ""
      }
    },
    {
      "type": "Feature",
      "id": 208,
      "geometry": {
        "type": "Point",
        "coordinates": [
          54.495874116000039,
          24.336621868000066,
          0
        ]
      },
      "properties": {
        "FID": 208,
        "X": 54.495874000000001,
        "Y": 24.3366218681,
        "name": "شارع الر\u0651\u064Eحاي\u0650ل مصفح(36)",
        "zones": "منطقة المصفح",
        "direction": "ث",
        "description": "شارع الر\u0651\u064Eحاي\u0650ل مصفح(36)",
        "stationType": 3,
        "regionCode": "AE-ABU-DHABI",
        "OBJECTID": 209,
        "landmark": ""
      }
    },
    {
      "type": "Feature",
      "id": 209,
      "geometry": {
        "type": "Point",
        "coordinates": [
          54.495866055000079,
          24.336358487000041,
          0
        ]
      },
      "properties": {
        "FID": 209,
        "X": 54.495865999999999,
        "Y": 24.3363584875,
        "name": "شارع الر\u0651\u064Eحاي\u0650ل مصفح(36)",
        "zones": "منطقة المصفح",
        "direction": "خ",
        "description": "شارع الر\u0651\u064Eحاي\u0650ل مصفح(36)",
        "stationType": 3,
        "regionCode": "AE-ABU-DHABI",
        "OBJECTID": 210,
        "landmark": ""
      }
    },
    {
      "type": "Feature",
      "id": 210,
      "geometry": {
        "type": "Point",
        "coordinates": [
          54.501884985000061,
          24.336762176000036,
          0
        ]
      },
      "properties": {
        "FID": 210,
        "X": 54.501885000000001,
        "Y": 24.336762175699999,
        "name": "شارع الر\u0651\u064Eحاي\u0650ل مصفح (36)",
        "zones": "منطقة المصفح",
        "direction": "ث",
        "description": "شارع الر\u0651\u064Eحاي\u0650ل مصفح(36)",
        "stationType": 3,
        "regionCode": "AE-ABU-DHABI",
        "OBJECTID": 211,
        "landmark": ""
      }
    },
    {
      "type": "Feature",
      "id": 211,
      "geometry": {
        "type": "Point",
        "coordinates": [
          54.501911797000048,
          24.336607245000039,
          0
        ]
      },
      "properties": {
        "FID": 211,
        "X": 54.501911999999997,
        "Y": 24.3366072454,
        "name": "شارع الر\u0651\u064Eحاي\u0650ل مصفح(36)",
        "zones": "منطقة المصفح",
        "direction": "خ",
        "description": "شارع الر\u0651\u064Eحاي\u0650ل مصفح(36)",
        "stationType": 3,
        "regionCode": "AE-ABU-DHABI",
        "OBJECTID": 212,
        "landmark": ""
      }
    },
    {
      "type": "Feature",
      "id": 212,
      "geometry": {
        "type": "Point",
        "coordinates": [
          54.502603425000075,
          24.339592384000071,
          0
        ]
      },
      "properties": {
        "FID": 212,
        "X": 54.502603000000001,
        "Y": 24.339592383900001,
        "name": "شارع الج\u064Eز\u0651\u0650يم",
        "zones": "منطقة المصفح",
        "direction": "ش",
        "description": "شارع الج\u064Eز\u0651\u0650يم",
        "stationType": 3,
        "regionCode": "AE-ABU-DHABI",
        "OBJECTID": 213,
        "landmark": ""
      }
    },
    {
      "type": "Feature",
      "id": 213,
      "geometry": {
        "type": "Point",
        "coordinates": [
          54.502811123000072,
          24.339620073000049,
          0
        ]
      },
      "properties": {
        "FID": 213,
        "X": 54.502811000000001,
        "Y": 24.339620072799999,
        "name": "شارع الج\u064Eز\u0651\u0650يم",
        "zones": "منطقة المصفح",
        "direction": "ت",
        "description": "شارع الج\u064Eز\u0651\u0650يم",
        "stationType": 3,
        "regionCode": "AE-ABU-DHABI",
        "OBJECTID": 214,
        "landmark": ""
      }
    },
    {
      "type": "Feature",
      "id": 214,
      "geometry": {
        "type": "Point",
        "coordinates": [
          54.502669593000064,
          24.342542196000068,
          0
        ]
      },
      "properties": {
        "FID": 214,
        "X": 54.502670000000002,
        "Y": 24.342542196,
        "name": "شارع الج\u064Eز\u0651\u0650يم",
        "zones": "منطقة المصفح",
        "direction": "ت",
        "description": "شارع الج\u064Eز\u0651\u0650يم",
        "stationType": 3,
        "regionCode": "AE-ABU-DHABI",
        "OBJECTID": 215,
        "landmark": ""
      }
    },
    {
      "type": "Feature",
      "id": 215,
      "geometry": {
        "type": "Point",
        "coordinates": [
          54.50251404800008,
          24.342529028000058,
          0
        ]
      },
      "properties": {
        "FID": 215,
        "X": 54.502513999999998,
        "Y": 24.3425290279,
        "name": "شارع الج\u064Eز\u0651\u0650يم",
        "zones": "منطقة المصفح",
        "direction": "ش",
        "description": "شارع الج\u064Eز\u0651\u0650يم",
        "stationType": 3,
        "regionCode": "AE-ABU-DHABI",
        "OBJECTID": 216,
        "landmark": ""
      }
    },
    {
      "type": "Feature",
      "id": 216,
      "geometry": {
        "type": "Point",
        "coordinates": [
          54.50256547500004,
          24.345151359000056,
          0
        ]
      },
      "properties": {
        "FID": 216,
        "X": 54.502564999999997,
        "Y": 24.345151359199999,
        "name": "شارع الج\u064Eز\u0651\u0650يم",
        "zones": "منطقة المصفح",
        "direction": "ت",
        "description": "شارع الج\u064Eز\u0651\u0650يم",
        "stationType": 3,
        "regionCode": "AE-ABU-DHABI",
        "OBJECTID": 217,
        "landmark": ""
      }
    },
    {
      "type": "Feature",
      "id": 217,
      "geometry": {
        "type": "Point",
        "coordinates": [
          54.502361111000027,
          24.345208360000072,
          0
        ]
      },
      "properties": {
        "FID": 217,
        "X": 54.502361000000001,
        "Y": 24.345208359499999,
        "name": "شارع الج\u064Eز\u0651\u0650يم",
        "zones": "منطقة المصفح",
        "direction": "ش",
        "description": "شارع الج\u064Eز\u0651\u0650يم",
        "stationType": 3,
        "regionCode": "AE-ABU-DHABI",
        "OBJECTID": 218,
        "landmark": ""
      }
    },
    {
      "type": "Feature",
      "id": 218,
      "geometry": {
        "type": "Point",
        "coordinates": [
          54.496839623000028,
          24.341249939000079,
          0
        ]
      },
      "properties": {
        "FID": 218,
        "X": 54.496839999999999,
        "Y": 24.341249938699999,
        "name": "شارع المدينة الصناعية(7)",
        "zones": "منطقة المصفح",
        "direction": "ش",
        "description": "شارع المدينه الصناعية(7)",
        "stationType": 3,
        "regionCode": "AE-ABU-DHABI",
        "OBJECTID": 219,
        "landmark": ""
      }
    },
    {
      "type": "Feature",
      "id": 219,
      "geometry": {
        "type": "Point",
        "coordinates": [
          54.50621981300003,
          24.337064701000031,
          0
        ]
      },
      "properties": {
        "FID": 219,
        "X": 54.506219999999999,
        "Y": 24.337064701300001,
        "name": "شارع الر\u0651\u064Eحاي\u0650ل مصفح(35)",
        "zones": "منطقة المصفح",
        "direction": "ث",
        "description": "شارع الر\u0651\u064Eحاي\u0650ل مصفح(35)",
        "stationType": 3,
        "regionCode": "AE-ABU-DHABI",
        "OBJECTID": 220,
        "landmark": ""
      }
    },
    {
      "type": "Feature",
      "id": 220,
      "geometry": {
        "type": "Point",
        "coordinates": [
          54.506220565000035,
          24.336677074000079,
          0
        ]
      },
      "properties": {
        "FID": 220,
        "X": 54.506220999999996,
        "Y": 24.336677074299999,
        "name": "شارع الر\u0651\u064Eحاي\u0650ل مصفح(35)",
        "zones": "منطقة المصفح",
        "direction": "خ",
        "description": "شارع الر\u0651\u064Eحاي\u0650ل مصفح(35)",
        "stationType": 3,
        "regionCode": "AE-ABU-DHABI",
        "OBJECTID": 221,
        "landmark": ""
      }
    },
    {
      "type": "Feature",
      "id": 221,
      "geometry": {
        "type": "Point",
        "coordinates": [
          54.509571367000035,
          24.33710235500007,
          0
        ]
      },
      "properties": {
        "FID": 221,
        "X": 54.509571000000001,
        "Y": 24.337102354700001,
        "name": "شارع الر\u0651\u064Eحاي\u0650ل مصفح(35)",
        "zones": "منطقة المصفح",
        "direction": "ث",
        "description": "شارع الر\u0651\u064Eحاي\u0650ل مصفح(35)",
        "stationType": 3,
        "regionCode": "AE-ABU-DHABI",
        "OBJECTID": 222,
        "landmark": ""
      }
    },
    {
      "type": "Feature",
      "id": 222,
      "geometry": {
        "type": "Point",
        "coordinates": [
          54.50950189100007,
          24.336846644000047,
          0
        ]
      },
      "properties": {
        "FID": 222,
        "X": 54.509501999999998,
        "Y": 24.336846643600001,
        "name": "شارع الر\u0651\u064Eحاي\u0650ل مصفح(35)",
        "zones": "منطقة المصفح",
        "direction": "خ",
        "description": "شارع الر\u0651\u064Eحاي\u0650ل مصفح(35)",
        "stationType": 3,
        "regionCode": "AE-ABU-DHABI",
        "OBJECTID": 223,
        "landmark": ""
      }
    },
    {
      "type": "Feature",
      "id": 223,
      "geometry": {
        "type": "Point",
        "coordinates": [
          54.515333049000049,
          24.337144738000063,
          0
        ]
      },
      "properties": {
        "FID": 223,
        "X": 54.515332999999998,
        "Y": 24.337144737900001,
        "name": "شارع الر\u0651\u064Eحاي\u0650ل مصفح(35)",
        "zones": "منطقة المصفح",
        "direction": "خ",
        "description": "شارع الر\u0651\u064Eحاي\u0650ل مصفح(35)",
        "stationType": 3,
        "regionCode": "AE-ABU-DHABI",
        "OBJECTID": 224,
        "landmark": ""
      }
    },
    {
      "type": "Feature",
      "id": 224,
      "geometry": {
        "type": "Point",
        "coordinates": [
          54.515470126000082,
          24.337396202000036,
          0
        ]
      },
      "properties": {
        "FID": 224,
        "X": 54.515470000000001,
        "Y": 24.337396201699999,
        "name": "شارع الر\u0651\u064Eحاي\u0650ل مصفح(35).",
        "zones": "منطقة المصفح",
        "direction": "ث",
        "description": "شارع الر\u0651\u064Eحاي\u0650ل مصفح(35)",
        "stationType": 3,
        "regionCode": "AE-ABU-DHABI",
        "OBJECTID": 225,
        "landmark": ""
      }
    },
    {
      "type": "Feature",
      "id": 225,
      "geometry": {
        "type": "Point",
        "coordinates": [
          54.484693741000058,
          24.35398576700004,
          0
        ]
      },
      "properties": {
        "FID": 225,
        "X": 54.484693999999998,
        "Y": 24.353985767000001,
        "name": "شارع المنطقة الصناعية مصفح(40)",
        "zones": "منطقة المصفح",
        "direction": "ض",
        "description": "شارع المنطقة الصناعية مصفح(40)",
        "stationType": 3,
        "regionCode": "AE-ABU-DHABI",
        "OBJECTID": 226,
        "landmark": ""
      }
    },
    {
      "type": "Feature",
      "id": 226,
      "geometry": {
        "type": "Point",
        "coordinates": [
          54.490682571000036,
          24.354262122000023,
          0
        ]
      },
      "properties": {
        "FID": 226,
        "X": 54.490682999999997,
        "Y": 24.354262122200002,
        "name": "شارع المنطقة الصناعية مصفح(40).",
        "zones": "منطقة المصفح",
        "direction": "ض",
        "description": "شارع المنطقة الصناعية مصفح(40)",
        "stationType": 3,
        "regionCode": "AE-ABU-DHABI",
        "OBJECTID": 227,
        "landmark": ""
      }
    },
    {
      "type": "Feature",
      "id": 227,
      "geometry": {
        "type": "Point",
        "coordinates": [
          54.496616667000069,
          24.354444471000079,
          0
        ]
      },
      "properties": {
        "FID": 227,
        "X": 54.496617000000001,
        "Y": 24.354444470600001,
        "name": "شارع المنطقة الصناعيو مصفح(38)",
        "zones": "منطقة المصفح",
        "direction": "ك",
        "description": "شارع المنطقة الصناعية مصفح(38)",
        "stationType": 3,
        "regionCode": "AE-ABU-DHABI",
        "OBJECTID": 228,
        "landmark": ""
      }
    },
    {
      "type": "Feature",
      "id": 228,
      "geometry": {
        "type": "Point",
        "coordinates": [
          54.484692615000029,
          24.354146702000037,
          0
        ]
      },
      "properties": {
        "FID": 228,
        "X": 54.484693,
        "Y": 24.354146702200001,
        "name": "شارع المنطقة الصناعية مصفح(39)",
        "zones": "منطقة المصفح",
        "direction": "ذ",
        "description": "شارع المنطقة الصناعية مصفح(39)",
        "stationType": 3,
        "regionCode": "AE-ABU-DHABI",
        "OBJECTID": 229,
        "landmark": ""
      }
    },
    {
      "type": "Feature",
      "id": 229,
      "geometry": {
        "type": "Point",
        "coordinates": [
          54.490716587000065,
          24.354427891000057,
          0
        ]
      },
      "properties": {
        "FID": 229,
        "X": 54.490716999999997,
        "Y": 24.354427891299999,
        "name": "شارع المنطقة الصناعية مصفح(39)",
        "zones": "منطقة المصفح",
        "direction": "ذ",
        "description": "شارع المنطقة الصناعية مصفح(39)",
        "stationType": 3,
        "regionCode": "AE-ABU-DHABI",
        "OBJECTID": 230,
        "landmark": ""
      }
    },
    {
      "type": "Feature",
      "id": 230,
      "geometry": {
        "type": "Point",
        "coordinates": [
          54.488366667000037,
          24.350127804000067,
          0
        ]
      },
      "properties": {
        "FID": 230,
        "X": 54.488366999999997,
        "Y": 24.350127803900001,
        "name": "شارع الدجا (4)",
        "zones": "منطقة المصفح",
        "direction": "ح",
        "description": "شارع الدجا (4)",
        "stationType": 3,
        "regionCode": "AE-ABU-DHABI",
        "OBJECTID": 231,
        "landmark": ""
      }
    },
    {
      "type": "Feature",
      "id": 231,
      "geometry": {
        "type": "Point",
        "coordinates": [
          54.516255122000075,
          24.334748190000028,
          0
        ]
      },
      "properties": {
        "FID": 231,
        "X": 54.516255000000001,
        "Y": 24.334748189799999,
        "name": "شارع صنعاء / شارع الاستقامة",
        "zones": "منطقة المصفح",
        "direction": "ر",
        "description": "شارع صنعاء / شارع الاستقامة 3",
        "stationType": 0,
        "regionCode": "AE-ABU-DHABI",
        "OBJECTID": 232,
        "landmark": ""
      }
    },
    {
      "type": "Feature",
      "id": 232,
      "geometry": {
        "type": "Point",
        "coordinates": [
          54.520250000000033,
          24.336197651000077,
          0
        ]
      },
      "properties": {
        "FID": 232,
        "X": 54.520249999999997,
        "Y": 24.336197651100001,
        "name": "ش الصقلاوي / لولو للخدمات اللوجستية",
        "zones": "منطقة المصفح",
        "direction": "ز",
        "description": "ش الصقلاوي / لولو للخدمات اللوجستية",
        "stationType": 3,
        "regionCode": "AE-ABU-DHABI",
        "OBJECTID": 233,
        "landmark": ""
      }
    },
    {
      "type": "Feature",
      "id": 233,
      "geometry": {
        "type": "Point",
        "coordinates": [
          54.516444444000058,
          24.331018241000038,
          0
        ]
      },
      "properties": {
        "FID": 233,
        "X": 54.516444,
        "Y": 24.331018240900001,
        "name": "شارع صنعاء / شارع الضحكة",
        "zones": "منطقة المصفح",
        "direction": "ب",
        "description": "شارع صنعاء / شارع الضحكة",
        "stationType": 3,
        "regionCode": "AE-ABU-DHABI",
        "OBJECTID": 234,
        "landmark": ""
      }
    },
    {
      "type": "Feature",
      "id": 234,
      "geometry": {
        "type": "Point",
        "coordinates": [
          54.519150000000081,
          24.330488915000046,
          0
        ]
      },
      "properties": {
        "FID": 234,
        "X": 54.519150000000003,
        "Y": 24.330488915099998,
        "name": "مركز هيئة الهوية الاماراتية",
        "zones": "منطقة المصفح",
        "direction": "ف",
        "description": "مركز هيئة الهوية الاماراتية",
        "stationType": 3,
        "regionCode": "AE-ABU-DHABI",
        "OBJECTID": 235,
        "landmark": ""
      }
    },
    {
      "type": "Feature",
      "id": 235,
      "geometry": {
        "type": "Point",
        "coordinates": [
          54.516649038000082,
          24.327047821000065,
          0
        ]
      },
      "properties": {
        "FID": 235,
        "X": 54.516649000000001,
        "Y": 24.327047820800001,
        "name": "شارع صنعاء / شارع الضحكة.",
        "zones": "منطقة المصفح",
        "direction": "ع",
        "description": "شارع صنعاء / شارع الضحكة",
        "stationType": 3,
        "regionCode": "AE-ABU-DHABI",
        "OBJECTID": 236,
        "landmark": ""
      }
    },
    {
      "type": "Feature",
      "id": 236,
      "geometry": {
        "type": "Point",
        "coordinates": [
          54.516980556000078,
          24.324770059000059,
          0
        ]
      },
      "properties": {
        "FID": 236,
        "X": 54.516981000000001,
        "Y": 24.324770058599999,
        "name": "شارع صنعاء/ أبوظبي البحرية",
        "zones": "منطقة المصفح",
        "direction": "غ",
        "description": "شارع صنعاء/ أبوظبي البحرية",
        "stationType": 3,
        "regionCode": "AE-ABU-DHABI",
        "OBJECTID": 237,
        "landmark": ""
      }
    },
    {
      "type": "Feature",
      "id": 237,
      "geometry": {
        "type": "Point",
        "coordinates": [
          54.519783333000078,
          24.323844471000029,
          0
        ]
      },
      "properties": {
        "FID": 237,
        "X": 54.519782999999997,
        "Y": 24.323844470600001,
        "name": "شارع الن\u0651\u064Eصيلة/ مجلس تنمية المنطقة الغربية",
        "zones": "منطقة المصفح",
        "direction": "ح",
        "description": "شارع الن\u0651\u064Eصيلة/ مجلس تنمية المنطقة الغربية",
        "stationType": 3,
        "regionCode": "AE-ABU-DHABI",
        "OBJECTID": 238,
        "landmark": ""
      }
    },
    {
      "type": "Feature",
      "id": 238,
      "geometry": {
        "type": "Point",
        "coordinates": [
          54.517577778000032,
          24.339688477000038,
          0
        ]
      },
      "properties": {
        "FID": 238,
        "X": 54.517578,
        "Y": 24.339688476700001,
        "name": "شارع روح العطاء 4 / شركة الإمارات لتعليم القيادة – المبنى 1",
        "zones": "منطقة المصفح",
        "direction": "ظ",
        "description": "شارع روح العطاء 4 / شركة الإمارات لتعليم القيادة",
        "stationType": 3,
        "regionCode": "AE-ABU-DHABI",
        "OBJECTID": 239,
        "landmark": ""
      }
    },
    {
      "type": "Feature",
      "id": 239,
      "geometry": {
        "type": "Point",
        "coordinates": [
          54.505497193000053,
          24.323281782000038,
          0
        ]
      },
      "properties": {
        "FID": 239,
        "X": 54.505496999999998,
        "Y": 24.323281782399999,
        "name": "شارع الن\u0651\u064Eصيلة / ادنوك",
        "zones": "منطقة المصفح",
        "direction": "ف",
        "description": "شارع الن\u0651\u064Eصيلة / ادنوك",
        "stationType": 3,
        "regionCode": "AE-ABU-DHABI",
        "OBJECTID": 240,
        "landmark": ""
      }
    },
    {
      "type": "Feature",
      "id": 240,
      "geometry": {
        "type": "Point",
        "coordinates": [
          54.517327778000038,
          24.344058360000076,
          0
        ]
      },
      "properties": {
        "FID": 240,
        "X": 54.517327999999999,
        "Y": 24.3440583595,
        "name": "شارع روح العطاء 4 / ادارة ترخيص الاليات و السائقين",
        "zones": "منطقة المصفح",
        "direction": "ظ",
        "description": "شارع روح العطاء 4 / ادارة ترخيص الاليات و السائقين",
        "stationType": 3,
        "regionCode": "AE-ABU-DHABI",
        "OBJECTID": 241,
        "landmark": ""
      }
    },
    {
      "type": "Feature",
      "id": 241,
      "geometry": {
        "type": "Point",
        "coordinates": [
          54.511126728000079,
          24.323508101000073,
          0
        ]
      },
      "properties": {
        "FID": 241,
        "X": 54.511127000000002,
        "Y": 24.323508100600002,
        "name": "شارع الن\u0651\u064Eصيلة/ شارع الاستراحة",
        "zones": "منطقة المصفح",
        "direction": "ف",
        "description": "شارع الن\u0651\u064Eصيلة/ شارع الاستراحة",
        "stationType": 3,
        "regionCode": "AE-ABU-DHABI",
        "OBJECTID": 242,
        "landmark": ""
      }
    },
    {
      "type": "Feature",
      "id": 242,
      "geometry": {
        "type": "Point",
        "coordinates": [
          54.514194128000042,
          24.323871733000033,
          0
        ]
      },
      "properties": {
        "FID": 242,
        "X": 54.514194000000003,
        "Y": 24.323871733400001,
        "name": "شارع الن\u0651\u064Eصيلة / ادنوك",
        "zones": "منطقة المصفح",
        "direction": "ج",
        "description": "شارع الن\u0651\u064Eصيلة / ادنوك",
        "stationType": 3,
        "regionCode": "AE-ABU-DHABI",
        "OBJECTID": 243,
        "landmark": ""
      }
    },
    {
      "type": "Feature",
      "id": 243,
      "geometry": {
        "type": "Point",
        "coordinates": [
          54.509552778000057,
          24.331477804000031,
          0
        ]
      },
      "properties": {
        "FID": 243,
        "X": 54.509552999999997,
        "Y": 24.3314778039,
        "name": "البصره",
        "zones": "منطقة المصفح",
        "direction": "ك",
        "description": "شارع البصرة",
        "stationType": 3,
        "regionCode": "AE-ABU-DHABI",
        "OBJECTID": 244,
        "landmark": ""
      }
    },
    {
      "type": "Feature",
      "id": 244,
      "geometry": {
        "type": "Point",
        "coordinates": [
          54.502556243000072,
          24.323342249000063,
          0
        ]
      },
      "properties": {
        "FID": 244,
        "X": 54.502555999999998,
        "Y": 24.323342249500001,
        "name": "شارع الن\u0651\u064Eصيلة/ شارع الاستراحة\n- أ",
        "zones": "منطقة المصفح",
        "direction": "أ",
        "description": "شارع الن\u0651\u064Eصيلة/ شارع الاستراحة",
        "stationType": 3,
        "regionCode": "AE-ABU-DHABI",
        "OBJECTID": 245,
        "landmark": ""
      }
    },
    {
      "type": "Feature",
      "id": 245,
      "geometry": {
        "type": "Point",
        "coordinates": [
          54.495078232000026,
          24.322856983000065,
          0
        ]
      },
      "properties": {
        "FID": 245,
        "X": 54.495077999999999,
        "Y": 24.322856982800001,
        "name": "شارع الن\u0651\u064Eصيلة/ شارع الرحيل",
        "zones": "منطقة المصفح",
        "direction": "خ",
        "description": "شارع الن\u0651\u064Eصيلة/ شارع الرحيل",
        "stationType": 3,
        "regionCode": "AE-ABU-DHABI",
        "OBJECTID": 246,
        "landmark": ""
      }
    },
    {
      "type": "Feature",
      "id": 246,
      "geometry": {
        "type": "Point",
        "coordinates": [
          54.492354008000063,
          24.323005090000038,
          0
        ]
      },
      "properties": {
        "FID": 246,
        "X": 54.492353999999999,
        "Y": 24.323005090300001,
        "name": "شارع الن\u0651\u064Eصيلة/ شارع الرحيل",
        "zones": "منطقة المصفح",
        "direction": "ذ",
        "description": "شارع الن\u0651\u064Eصيلة/ شارع الرحيل",
        "stationType": 3,
        "regionCode": "AE-ABU-DHABI",
        "OBJECTID": 247,
        "landmark": ""
      }
    },
    {
      "type": "Feature",
      "id": 247,
      "geometry": {
        "type": "Point",
        "coordinates": [
          54.48551887900004,
          24.322485780000022,
          0
        ]
      },
      "properties": {
        "FID": 247,
        "X": 54.485518999999996,
        "Y": 24.322485779800001,
        "name": "شارع الن\u0651\u064Eصيلة/ ش. وديعة بن عمرو",
        "zones": "منطقة المصفح",
        "direction": "ص",
        "description": "شارع الن\u0651\u064Eصيلة/ ش وديعة بن عمرو",
        "stationType": 3,
        "regionCode": "AE-ABU-DHABI",
        "OBJECTID": 248,
        "landmark": ""
      }
    },
    {
      "type": "Feature",
      "id": 248,
      "geometry": {
        "type": "Point",
        "coordinates": [
          54.482671226000036,
          24.32259877100006,
          0
        ]
      },
      "properties": {
        "FID": 248,
        "X": 54.482671000000003,
        "Y": 24.322598771300001,
        "name": "شارع الن\u0651\u064Eصيلة/ ش. وديعة بن عمرو",
        "zones": "منطقة المصفح",
        "direction": "و",
        "description": "شارع الن\u0651\u064Eصيلة/ ش  وديعة بن عمرو",
        "stationType": 3,
        "regionCode": "AE-ABU-DHABI",
        "OBJECTID": 249,
        "landmark": ""
      }
    },
    {
      "type": "Feature",
      "id": 249,
      "geometry": {
        "type": "Point",
        "coordinates": [
          54.479591783000046,
          24.322245821000024,
          0
        ]
      },
      "properties": {
        "FID": 249,
        "X": 54.479591999999997,
        "Y": 24.322245821300001,
        "name": "شارع الن\u0651\u064Eصيلة/ ش. وديعة بن عمرو",
        "zones": "منطقة المصفح",
        "direction": "و",
        "description": "شارع الن\u0651\u064Eصيلة/ ش  وديعة بن عمرو",
        "stationType": 3,
        "regionCode": "AE-ABU-DHABI",
        "OBJECTID": 250,
        "landmark": ""
      }
    },
    {
      "type": "Feature",
      "id": 250,
      "geometry": {
        "type": "Point",
        "coordinates": [
          54.475587646000065,
          24.322061903000076,
          0
        ]
      },
      "properties": {
        "FID": 250,
        "X": 54.475588000000002,
        "Y": 24.322061903200002,
        "name": "شارع الن\u0651\u064Eصيلة/ ش. وديعة بن عمرو",
        "zones": "منطقة المصفح",
        "direction": "و",
        "description": "شارع الن\u0651\u064Eصيلة/ ش  وديعة بن عمرو",
        "stationType": 3,
        "regionCode": "AE-ABU-DHABI",
        "OBJECTID": 251,
        "landmark": ""
      }
    },
    {
      "type": "Feature",
      "id": 251,
      "geometry": {
        "type": "Point",
        "coordinates": [
          54.460043987000063,
          24.324448738000058,
          0
        ]
      },
      "properties": {
        "FID": 251,
        "X": 54.460044000000003,
        "Y": 24.324448737499999,
        "name": "ميناء أدنوك للإمداد والخدمات",
        "zones": "منطقة المصفح",
        "direction": "ك",
        "description": "ميناء أدنوك للإمداد والخدمات",
        "stationType": 3,
        "regionCode": "AE-ABU-DHABI",
        "OBJECTID": 252,
        "landmark": ""
      }
    },
    {
      "type": "Feature",
      "id": 252,
      "geometry": {
        "type": "Point",
        "coordinates": [
          54.460832804000063,
          24.329650736000076,
          0
        ]
      },
      "properties": {
        "FID": 252,
        "X": 54.460833000000001,
        "Y": 24.3296507355,
        "name": "فريق tll المصفح",
        "zones": "منطقة المصفح",
        "direction": "ط",
        "description": "فريق tll المصفح",
        "stationType": 3,
        "regionCode": "AE-ABU-DHABI",
        "OBJECTID": 253,
        "landmark": ""
      }
    },
    {
      "type": "Feature",
      "id": 253,
      "geometry": {
        "type": "Point",
        "coordinates": [
          54.462100000000078,
          24.336977959000023,
          0
        ]
      },
      "properties": {
        "FID": 253,
        "X": 54.4621,
        "Y": 24.3369779589,
        "name": "مدرسة اللحام",
        "zones": "منطقة المصفح",
        "direction": "ز",
        "description": "مدرسة اللحام",
        "stationType": 3,
        "regionCode": "AE-ABU-DHABI",
        "OBJECTID": 254,
        "landmark": ""
      }
    },
    {
      "type": "Feature",
      "id": 254,
      "geometry": {
        "type": "Point",
        "coordinates": [
          54.504941747000032,
          24.317405131000044,
          0
        ]
      },
      "properties": {
        "FID": 254,
        "X": 54.504942,
        "Y": 24.317405130600001,
        "name": "شارع الفتيل",
        "zones": "منطقة المصفح",
        "direction": "د",
        "description": "شارع الفتيل",
        "stationType": 3,
        "regionCode": "AE-ABU-DHABI",
        "OBJECTID": 255,
        "landmark": ""
      }
    },
    {
      "type": "Feature",
      "id": 255,
      "geometry": {
        "type": "Point",
        "coordinates": [
          54.510950961000049,
          24.317640892000043,
          0
        ]
      },
      "properties": {
        "FID": 255,
        "X": 54.510950999999999,
        "Y": 24.317640891900002,
        "name": "شارع الثبات",
        "zones": "منطقة المصفح",
        "direction": "ج",
        "description": "شارع الثبات",
        "stationType": 3,
        "regionCode": "AE-ABU-DHABI",
        "OBJECTID": 256,
        "landmark": ""
      }
    },
    {
      "type": "Feature",
      "id": 256,
      "geometry": {
        "type": "Point",
        "coordinates": [
          54.517503985000076,
          24.317929438000078,
          0
        ]
      },
      "properties": {
        "FID": 256,
        "X": 54.517504000000002,
        "Y": 24.317929438,
        "name": "شارع التكرير (1)",
        "zones": "منطقة المصفح",
        "direction": "ب",
        "description": "شارع التكرير (1)",
        "stationType": 3,
        "regionCode": "AE-ABU-DHABI",
        "OBJECTID": 257,
        "landmark": ""
      }
    },
    {
      "type": "Feature",
      "id": 257,
      "geometry": {
        "type": "Point",
        "coordinates": [
          54.523995335000052,
          24.318131209000057,
          0
        ]
      },
      "properties": {
        "FID": 257,
        "X": 54.523994999999999,
        "Y": 24.318131208600001,
        "name": "شارع التكرير 1",
        "zones": "منطقة المصفح",
        "direction": "أ",
        "description": "شارع التكرير (1)",
        "stationType": 3,
        "regionCode": "AE-ABU-DHABI",
        "OBJECTID": 258,
        "landmark": ""
      }
    },
    {
      "type": "Feature",
      "id": 258,
      "geometry": {
        "type": "Point",
        "coordinates": [
          54.499219769000035,
          24.317201226000066,
          0
        ]
      },
      "properties": {
        "FID": 258,
        "X": 54.499220000000001,
        "Y": 24.3172012257,
        "name": "شارع الداوى",
        "zones": "منطقة المصفح",
        "direction": "ه",
        "description": "شارع الداوى",
        "stationType": 3,
        "regionCode": "AE-ABU-DHABI",
        "OBJECTID": 259,
        "landmark": ""
      }
    },
    {
      "type": "Feature",
      "id": 259,
      "geometry": {
        "type": "Point",
        "coordinates": [
          54.493284696000046,
          24.316937215000053,
          0
        ]
      },
      "properties": {
        "FID": 259,
        "X": 54.493285,
        "Y": 24.316937215100001,
        "name": "شارع الداوى",
        "zones": "منطقة المصفح",
        "direction": "و",
        "description": "شارع الداوى",
        "stationType": 3,
        "regionCode": "AE-ABU-DHABI",
        "OBJECTID": 260,
        "landmark": ""
      }
    },
    {
      "type": "Feature",
      "id": 260,
      "geometry": {
        "type": "Point",
        "coordinates": [
          54.486986338000065,
          24.31664752100005,
          0
        ]
      },
      "properties": {
        "FID": 260,
        "X": 54.486986000000002,
        "Y": 24.3166475214,
        "name": "شارع الداوى",
        "zones": "منطقة المصفح",
        "direction": "ز",
        "description": "شارع الداوى",
        "stationType": 3,
        "regionCode": "AE-ABU-DHABI",
        "OBJECTID": 261,
        "landmark": ""
      }
    },
    {
      "type": "Feature",
      "id": 261,
      "geometry": {
        "type": "Point",
        "coordinates": [
          54.478213889000074,
          24.316682970000045,
          0
        ]
      },
      "properties": {
        "FID": 261,
        "X": 54.478214000000001,
        "Y": 24.316682969999999,
        "name": "أومل جيتي",
        "zones": "منطقة المصفح",
        "direction": "ط",
        "description": "أومل جيتي",
        "stationType": 3,
        "regionCode": "AE-ABU-DHABI",
        "OBJECTID": 262,
        "landmark": ""
      }
    },
    {
      "type": "Feature",
      "id": 262,
      "geometry": {
        "type": "Point",
        "coordinates": [
          54.472213889000045,
          24.315575026000033,
          0
        ]
      },
      "properties": {
        "FID": 262,
        "X": 54.472214000000001,
        "Y": 24.315575026200001,
        "name": "مصفح غرب 5",
        "zones": "منطقة المصفح",
        "direction": "ى",
        "description": "مصفح غرب(5)",
        "stationType": 3,
        "regionCode": "AE-ABU-DHABI",
        "OBJECTID": 263,
        "landmark": ""
      }
    },
    {
      "type": "Feature",
      "id": 263,
      "geometry": {
        "type": "Point",
        "coordinates": [
          54.466386111000077,
          24.317766693000067,
          0
        ]
      },
      "properties": {
        "FID": 263,
        "X": 54.466386,
        "Y": 24.317766692799999,
        "name": "شارع الصبح",
        "zones": "منطقة المصفح",
        "direction": "ك",
        "description": "شارع الصبح",
        "stationType": 3,
        "regionCode": "AE-ABU-DHABI",
        "OBJECTID": 264,
        "landmark": ""
      }
    },
    {
      "type": "Feature",
      "id": 264,
      "geometry": {
        "type": "Point",
        "coordinates": [
          54.46037046400005,
          24.317507889000069,
          0
        ]
      },
      "properties": {
        "FID": 264,
        "X": 54.460369999999998,
        "Y": 24.3175078895,
        "name": "موقف سيارات المرحلة الثانية لشركة الإمارات للصلب",
        "zones": "منطقة المصفح",
        "direction": "ل",
        "description": "موقف سيارات المرحلة الثانية لشركة الإمارات للصلب",
        "stationType": 3,
        "regionCode": "AE-ABU-DHABI",
        "OBJECTID": 265,
        "landmark": ""
      }
    },
    {
      "type": "Feature",
      "id": 265,
      "geometry": {
        "type": "Point",
        "coordinates": [
          54.518113889000062,
          24.311875026000052,
          0
        ]
      },
      "properties": {
        "FID": 265,
        "X": 54.518113999999997,
        "Y": 24.311875026199999,
        "name": "شارع الم\u0650ذ\u0652ي\u064Eاع",
        "zones": "مدينة ابو ظبي الصناعية",
        "direction": "أ",
        "description": "الم\u0650ذ\u0652ي\u064Eاع",
        "stationType": 3,
        "regionCode": "AE-ABU-DHABI",
        "OBJECTID": 266,
        "landmark": ""
      }
    },
    {
      "type": "Feature",
      "id": 266,
      "geometry": {
        "type": "Point",
        "coordinates": [
          54.51227515800008,
          24.311872894000032,
          0
        ]
      },
      "properties": {
        "FID": 266,
        "X": 54.512275000000002,
        "Y": 24.311872894,
        "name": "شارع الم\u0650ذ\u0652ي\u064Eاع",
        "zones": "مدينة ابو ظبي الصناعية",
        "direction": "ب",
        "description": "الم\u0650ذ\u0652ي\u064Eاع",
        "stationType": 3,
        "regionCode": "AE-ABU-DHABI",
        "OBJECTID": 267,
        "landmark": ""
      }
    },
    {
      "type": "Feature",
      "id": 267,
      "geometry": {
        "type": "Point",
        "coordinates": [
          54.506320130000063,
          24.311750980000056,
          0
        ]
      },
      "properties": {
        "FID": 267,
        "X": 54.506320000000002,
        "Y": 24.311750979599999,
        "name": "شارع الم\u0650ذ\u0652ي\u064Eاع",
        "zones": "مدينة ابو ظبي الصناعية",
        "direction": "ج",
        "description": "الم\u0650ذ\u0652ي\u064Eاع",
        "stationType": 3,
        "regionCode": "AE-ABU-DHABI",
        "OBJECTID": 268,
        "landmark": ""
      }
    },
    {
      "type": "Feature",
      "id": 268,
      "geometry": {
        "type": "Point",
        "coordinates": [
          54.496541237000031,
          24.311647485000037,
          0
        ]
      },
      "properties": {
        "FID": 268,
        "X": 54.496541000000001,
        "Y": 24.311647485400002,
        "name": "شارع الم\u0650ذ\u0652ي\u064Eاع",
        "zones": "مدينة ابو ظبي الصناعية",
        "direction": "د",
        "description": "الم\u0650ذ\u0652ي\u064Eاع",
        "stationType": 3,
        "regionCode": "AE-ABU-DHABI",
        "OBJECTID": 269,
        "landmark": ""
      }
    },
    {
      "type": "Feature",
      "id": 269,
      "geometry": {
        "type": "Point",
        "coordinates": [
          54.496458333000078,
          24.305980582000075,
          0
        ]
      },
      "properties": {
        "FID": 269,
        "X": 54.496457999999997,
        "Y": 24.305980581699998,
        "name": "شارع العيد",
        "zones": "مدينة ابو ظبي الصناعية",
        "direction": "ه",
        "description": "شارع العيد",
        "stationType": 3,
        "regionCode": "AE-ABU-DHABI",
        "OBJECTID": 270,
        "landmark": ""
      }
    },
    {
      "type": "Feature",
      "id": 270,
      "geometry": {
        "type": "Point",
        "coordinates": [
          54.487180556000055,
          24.296928749000074,
          0
        ]
      },
      "properties": {
        "FID": 270,
        "X": 54.487181,
        "Y": 24.296928748900001,
        "name": "شارع السويس",
        "zones": "مدينة ابو ظبي الصناعية",
        "direction": "و",
        "description": "شارع السويس",
        "stationType": 3,
        "regionCode": "AE-ABU-DHABI",
        "OBJECTID": 271,
        "landmark": ""
      }
    },
    {
      "type": "Feature",
      "id": 271,
      "geometry": {
        "type": "Point",
        "coordinates": [
          54.493491667000058,
          24.295758360000036,
          0
        ]
      },
      "properties": {
        "FID": 271,
        "X": 54.493492000000003,
        "Y": 24.295758359499999,
        "name": "شارع الامنية",
        "zones": "مدينة ابو ظبي الصناعية",
        "direction": "ط",
        "description": "شارع الامنية",
        "stationType": 3,
        "regionCode": "AE-ABU-DHABI",
        "OBJECTID": 272,
        "landmark": ""
      }
    },
    {
      "type": "Feature",
      "id": 272,
      "geometry": {
        "type": "Point",
        "coordinates": [
          54.490569444000073,
          24.29082224800004,
          0
        ]
      },
      "properties": {
        "FID": 272,
        "X": 54.490569000000001,
        "Y": 24.290822248400001,
        "name": "شارع الشموخ",
        "zones": "مدينة ابو ظبي الصناعية",
        "direction": "ي",
        "description": "شارع الشموخ",
        "stationType": 3,
        "regionCode": "AE-ABU-DHABI",
        "OBJECTID": 273,
        "landmark": ""
      }
    },
    {
      "type": "Feature",
      "id": 273,
      "geometry": {
        "type": "Point",
        "coordinates": [
          54.48627863400003,
          24.286867699000027,
          0
        ]
      },
      "properties": {
        "FID": 273,
        "X": 54.486279000000003,
        "Y": 24.2868676993,
        "name": "شارع المشاور",
        "zones": "مدينة ابو ظبي الصناعية",
        "direction": "ك",
        "description": "شارع المشاور",
        "stationType": 3,
        "regionCode": "AE-ABU-DHABI",
        "OBJECTID": 274,
        "landmark": ""
      }
    },
    {
      "type": "Feature",
      "id": 274,
      "geometry": {
        "type": "Point",
        "coordinates": [
          54.481930556000066,
          24.282986137000023,
          0
        ]
      },
      "properties": {
        "FID": 274,
        "X": 54.481931000000003,
        "Y": 24.2829861373,
        "name": "شارع المناجل",
        "zones": "مدينة ابو ظبي الصناعية",
        "direction": "ل",
        "description": "شارع المناجل",
        "stationType": 3,
        "regionCode": "AE-ABU-DHABI",
        "OBJECTID": 275,
        "landmark": ""
      }
    },
    {
      "type": "Feature",
      "id": 275,
      "geometry": {
        "type": "Point",
        "coordinates": [
          54.47792000700008,
          24.279242881000073,
          0
        ]
      },
      "properties": {
        "FID": 275,
        "X": 54.477919999999997,
        "Y": 24.2792428813,
        "name": "شارع دهن الورد",
        "zones": "مدينة ابو ظبي الصناعية",
        "direction": "م",
        "description": "شارع دهن الورد",
        "stationType": 3,
        "regionCode": "AE-ABU-DHABI",
        "OBJECTID": 276,
        "landmark": ""
      }
    },
    {
      "type": "Feature",
      "id": 276,
      "geometry": {
        "type": "Point",
        "coordinates": [
          54.473436163000031,
          24.275246060000029,
          0
        ]
      },
      "properties": {
        "FID": 276,
        "X": 54.473436,
        "Y": 24.275246059699999,
        "name": "شارع دهن الورد",
        "zones": "مدينة ابو ظبي الصناعية",
        "direction": "ن",
        "description": "شارع دهن الورد",
        "stationType": 3,
        "regionCode": "AE-ABU-DHABI",
        "OBJECTID": 277,
        "landmark": ""
      }
    },
    {
      "type": "Feature",
      "id": 277,
      "geometry": {
        "type": "Point",
        "coordinates": [
          54.469041667000056,
          24.271119471000077,
          0
        ]
      },
      "properties": {
        "FID": 277,
        "X": 54.469042000000002,
        "Y": 24.271119470599999,
        "name": "شارع دهن الورد",
        "zones": "مدينة ابو ظبي الصناعية",
        "direction": "ع",
        "description": "شارع دهن الورد",
        "stationType": 3,
        "regionCode": "AE-ABU-DHABI",
        "OBJECTID": 278,
        "landmark": ""
      }
    },
    {
      "type": "Feature",
      "id": 278,
      "geometry": {
        "type": "Point",
        "coordinates": [
          54.464220562000037,
          24.26680519100006,
          0
        ]
      },
      "properties": {
        "FID": 278,
        "X": 54.464221000000002,
        "Y": 24.266805191,
        "name": "شارع دهن الورد",
        "zones": "مدينة ابو ظبي الصناعية",
        "direction": "ف",
        "description": "شارع دهن الورد",
        "stationType": 3,
        "regionCode": "AE-ABU-DHABI",
        "OBJECTID": 279,
        "landmark": ""
      }
    },
    {
      "type": "Feature",
      "id": 279,
      "geometry": {
        "type": "Point",
        "coordinates": [
          54.457405556000026,
          24.270741693000048,
          0
        ]
      },
      "properties": {
        "FID": 279,
        "X": 54.457405999999999,
        "Y": 24.270741692800001,
        "name": "شارع يماه ايكاد 3",
        "zones": "مدينة ابو ظبي الصناعية",
        "direction": "ص",
        "description": "شارع يماه",
        "stationType": 3,
        "regionCode": "AE-ABU-DHABI",
        "OBJECTID": 280,
        "landmark": ""
      }
    },
    {
      "type": "Feature",
      "id": 280,
      "geometry": {
        "type": "Point",
        "coordinates": [
          54.452866202000052,
          24.275152008000077,
          0
        ]
      },
      "properties": {
        "FID": 280,
        "X": 54.452866,
        "Y": 24.275152007599999,
        "name": "شارع يماه ايكاد3",
        "zones": "مدينة ابو ظبي الصناعية",
        "direction": "ق",
        "description": "شارع يماه",
        "stationType": 3,
        "regionCode": "AE-ABU-DHABI",
        "OBJECTID": 281,
        "landmark": ""
      }
    },
    {
      "type": "Feature",
      "id": 281,
      "geometry": {
        "type": "Point",
        "coordinates": [
          54.444734291000032,
          24.279912363000051,
          0
        ]
      },
      "properties": {
        "FID": 281,
        "X": 54.444733999999997,
        "Y": 24.279912362600001,
        "name": "شارع المكنون ايكاد(2)",
        "zones": "مدينة ابو ظبي الصناعية",
        "direction": "ر",
        "description": "شارع المكنون ايكاد(2)",
        "stationType": 3,
        "regionCode": "AE-ABU-DHABI",
        "OBJECTID": 282,
        "landmark": ""
      }
    },
    {
      "type": "Feature",
      "id": 282,
      "geometry": {
        "type": "Point",
        "coordinates": [
          54.449828946000082,
          24.284527017000073,
          0
        ]
      },
      "properties": {
        "FID": 282,
        "X": 54.449829000000001,
        "Y": 24.284527016999998,
        "name": "شارع المكنون ايكاد(2)",
        "zones": "مدينة ابو ظبي الصناعية",
        "direction": "ش",
        "description": "شارع المكنون ايكاد(2)",
        "stationType": 3,
        "regionCode": "AE-ABU-DHABI",
        "OBJECTID": 283,
        "landmark": ""
      }
    },
    {
      "type": "Feature",
      "id": 283,
      "geometry": {
        "type": "Point",
        "coordinates": [
          54.455422222000038,
          24.287675026000045,
          0
        ]
      },
      "properties": {
        "FID": 283,
        "X": 54.455421999999999,
        "Y": 24.287675026199999,
        "name": "شارع المحور ايكاد(2)",
        "zones": "مدينة ابو ظبي الصناعية",
        "direction": "ت",
        "description": "شارع المحور ايكاد(2)",
        "stationType": 3,
        "regionCode": "AE-ABU-DHABI",
        "OBJECTID": 284,
        "landmark": ""
      }
    },
    {
      "type": "Feature",
      "id": 284,
      "geometry": {
        "type": "Point",
        "coordinates": [
          54.461373550000076,
          24.289081839000062,
          0
        ]
      },
      "properties": {
        "FID": 284,
        "X": 54.461373999999999,
        "Y": 24.289081839200001,
        "name": "شارع المكنون ايكاد(2)",
        "zones": "مدينة ابو ظبي الصناعية",
        "direction": "ث",
        "description": "شارع المكنون ايكاد(2)",
        "stationType": 3,
        "regionCode": "AE-ABU-DHABI",
        "OBJECTID": 285,
        "landmark": ""
      }
    },
    {
      "type": "Feature",
      "id": 285,
      "geometry": {
        "type": "Point",
        "coordinates": [
          54.464875000000063,
          24.293380582000054,
          0
        ]
      },
      "properties": {
        "FID": 285,
        "X": 54.464874999999999,
        "Y": 24.293380581699999,
        "name": "شارع المحصر ايكاد(2)",
        "zones": "مدينة ابو ظبي الصناعية",
        "direction": "ث",
        "description": "شارع المحصر ايكاد(2)",
        "stationType": 3,
        "regionCode": "AE-ABU-DHABI",
        "OBJECTID": 286,
        "landmark": ""
      }
    },
    {
      "type": "Feature",
      "id": 286,
      "geometry": {
        "type": "Point",
        "coordinates": [
          54.451459544000045,
          24.292310325000074,
          0
        ]
      },
      "properties": {
        "FID": 286,
        "X": 54.451459999999997,
        "Y": 24.292310324700001,
        "name": "شارع المحصر ايكاد(2)",
        "zones": "مدينة ابو ظبي الصناعية",
        "direction": "خ",
        "description": "شارع المحصر ايكاد(2)",
        "stationType": 3,
        "regionCode": "AE-ABU-DHABI",
        "OBJECTID": 287,
        "landmark": ""
      }
    },
    {
      "type": "Feature",
      "id": 287,
      "geometry": {
        "type": "Point",
        "coordinates": [
          54.526483785000039,
          24.383036075000064,
          0
        ]
      },
      "properties": {
        "FID": 287,
        "X": 54.526484000000004,
        "Y": 24.383036075100001,
        "name": "شارع محمد بن حيي الهاملي / شارع نجم سهيل",
        "zones": "مدبنة محمد بن زايد",
        "direction": "أ",
        "description": "شارع محمد بن حيي الهاملي / شارع نجم سهيل",
        "stationType": 3,
        "regionCode": "AE-ABU-DHABI",
        "OBJECTID": 288,
        "landmark": ""
      }
    },
    {
      "type": "Feature",
      "id": 288,
      "geometry": {
        "type": "Point",
        "coordinates": [
          54.527598447000059,
          24.379245569000034,
          0
        ]
      },
      "properties": {
        "FID": 288,
        "X": 54.527597999999998,
        "Y": 24.3792455689,
        "name": "شارع نجم سهيل/ شارع د\u0650مية الف\u064Eر\u064Eس",
        "zones": "مدبنة محمد بن زايد",
        "direction": "ب",
        "description": "شارع نجم سهيل/ شارع د\u0650مية الف\u064Eر\u064Eس",
        "stationType": 3,
        "regionCode": "AE-ABU-DHABI",
        "OBJECTID": 289,
        "landmark": ""
      }
    },
    {
      "type": "Feature",
      "id": 289,
      "geometry": {
        "type": "Point",
        "coordinates": [
          54.535293554000077,
          24.374358304000054,
          0
        ]
      },
      "properties": {
        "FID": 289,
        "X": 54.535294,
        "Y": 24.374358303600001,
        "name": "شارع سلطان بن محمد القبيسي / مزيد مول",
        "zones": "مدبنة محمد بن زايد",
        "direction": "ج",
        "description": "شارع سلطان بن محمد القبيسي / مزيد مول",
        "stationType": 3,
        "regionCode": "AE-ABU-DHABI",
        "OBJECTID": 290,
        "landmark": ""
      }
    },
    {
      "type": "Feature",
      "id": 290,
      "geometry": {
        "type": "Point",
        "coordinates": [
          54.53323705400004,
          24.374060000000043,
          0
        ]
      },
      "properties": {
        "FID": 290,
        "X": 54.533237,
        "Y": 24.374060000499998,
        "name": "شارع سلطان بن محمد القبيسي / كابيتال مول",
        "zones": "مدبنة محمد بن زايد",
        "direction": "د",
        "description": "شارع سلطان بن محمد القبيسي / كابيتال مول",
        "stationType": 3,
        "regionCode": "AE-ABU-DHABI",
        "OBJECTID": 291,
        "landmark": ""
      }
    },
    {
      "type": "Feature",
      "id": 291,
      "geometry": {
        "type": "Point",
        "coordinates": [
          54.531348470000069,
          24.37415767300007,
          0
        ]
      },
      "properties": {
        "FID": 291,
        "X": 54.531348000000001,
        "Y": 24.374157672900001,
        "name": "شارع سلطان بن محمد القبيسي / كابيتال مول",
        "zones": "مدبنة محمد بن زايد",
        "direction": "ه",
        "description": "شارع سلطان بن محمد القبيسي / كابيتال مول",
        "stationType": 3,
        "regionCode": "AE-ABU-DHABI",
        "OBJECTID": 292,
        "landmark": ""
      }
    },
    {
      "type": "Feature",
      "id": 292,
      "geometry": {
        "type": "Point",
        "coordinates": [
          54.540568901000029,
          24.374265760000071,
          0
        ]
      },
      "properties": {
        "FID": 292,
        "X": 54.540568999999998,
        "Y": 24.37426576,
        "name": "شارع سلطان بن محمد القبيسي / مزيد مول",
        "zones": "مدبنة محمد بن زايد",
        "direction": "ز",
        "description": "شارع سلطان بن محمد القبيسي / مزيد مول",
        "stationType": 3,
        "regionCode": "AE-ABU-DHABI",
        "OBJECTID": 293,
        "landmark": ""
      }
    },
    {
      "type": "Feature",
      "id": 293,
      "geometry": {
        "type": "Point",
        "coordinates": [
          54.542254375000027,
          24.374714468000036,
          0
        ]
      },
      "properties": {
        "FID": 293,
        "X": 54.542254,
        "Y": 24.374714468200001,
        "name": "شارع سلطان بن محمد القبيسي / مسجد المرحوم عيد المريخي",
        "zones": "مدبنة محمد بن زايد",
        "direction": "و",
        "description": "شارع سلطان بن محمد القبيسي / مسجد المرحوم عيد المريخي",
        "stationType": 3,
        "regionCode": "AE-ABU-DHABI",
        "OBJECTID": 294,
        "landmark": ""
      }
    },
    {
      "type": "Feature",
      "id": 294,
      "geometry": {
        "type": "Point",
        "coordinates": [
          54.545520890000034,
          24.374922799000046,
          0
        ]
      },
      "properties": {
        "FID": 294,
        "X": 54.545521000000001,
        "Y": 24.374922799499998,
        "name": "شارع سلطان بن محمد القبيسي / مسجد المرحوم عيد المريخي",
        "zones": "مدبنة محمد بن زايد",
        "direction": "ح",
        "description": "شارع سلطان بن محمد القبيسي / مسجد المرحوم عيد المريخي",
        "stationType": 3,
        "regionCode": "AE-ABU-DHABI",
        "OBJECTID": 295,
        "landmark": ""
      }
    },
    {
      "type": "Feature",
      "id": 295,
      "geometry": {
        "type": "Point",
        "coordinates": [
          54.545064877000073,
          24.374377686000059,
          0
        ]
      },
      "properties": {
        "FID": 295,
        "X": 54.545065000000001,
        "Y": 24.374377685700001,
        "name": "شارع سلطان بن محمد القبيسي / مسجد المرحوم عيد المريخي",
        "zones": "مدبنة محمد بن زايد",
        "direction": "ط",
        "description": "شارع سلطان بن محمد القبيسي / مسجد المرحوم عيد المريخي",
        "stationType": 3,
        "regionCode": "AE-ABU-DHABI",
        "OBJECTID": 296,
        "landmark": ""
      }
    },
    {
      "type": "Feature",
      "id": 296,
      "geometry": {
        "type": "Point",
        "coordinates": [
          54.534910091000029,
          24.371829421000029,
          0
        ]
      },
      "properties": {
        "FID": 296,
        "X": 54.534910000000004,
        "Y": 24.371829421200001,
        "name": "مزيد مول محطة التبديل",
        "zones": "مدبنة محمد بن زايد",
        "direction": "ى",
        "description": "مزيد مول محطة التبديل",
        "stationType": 3,
        "regionCode": "AE-ABU-DHABI",
        "OBJECTID": 297,
        "landmark": ""
      }
    },
    {
      "type": "Feature",
      "id": 297,
      "geometry": {
        "type": "Point",
        "coordinates": [
          54.536781133000034,
          24.363018957000065,
          0
        ]
      },
      "properties": {
        "FID": 297,
        "X": 54.536780999999998,
        "Y": 24.363018957400001,
        "name": "شارع الأنوار / أكاديمية أدما للفنون القتالية",
        "zones": "مدبنة محمد بن زايد",
        "direction": "ك",
        "description": "شارع الأنوار / أكاديمية أدما للفنون القتالية",
        "stationType": 3,
        "regionCode": "AE-ABU-DHABI",
        "OBJECTID": 298,
        "landmark": ""
      }
    },
    {
      "type": "Feature",
      "id": 298,
      "geometry": {
        "type": "Point",
        "coordinates": [
          54.539638284000034,
          24.366143819000058,
          0
        ]
      },
      "properties": {
        "FID": 298,
        "X": 54.539637999999997,
        "Y": 24.366143818699999,
        "name": "شارع نصيب بن أحمد الحميري/ شارع الصمعا",
        "zones": "مدبنة محمد بن زايد",
        "direction": "ل",
        "description": "شارع نصيب بن أحمد الحميري/ شارع الصمعا",
        "stationType": 3,
        "regionCode": "AE-ABU-DHABI",
        "OBJECTID": 299,
        "landmark": ""
      }
    },
    {
      "type": "Feature",
      "id": 299,
      "geometry": {
        "type": "Point",
        "coordinates": [
          54.544163863000051,
          24.363735060000067,
          0
        ]
      },
      "properties": {
        "FID": 299,
        "X": 54.544164000000002,
        "Y": 24.3637350598,
        "name": "شارع عبدالرحمن النيدي القبيسي/ مسجد محمد بن حارب",
        "zones": "مدبنة محمد بن زايد",
        "direction": "م",
        "description": "شارع عبدالرحمن النيدي القبيسي/ مسجد محمد بن حارب",
        "stationType": 3,
        "regionCode": "AE-ABU-DHABI",
        "OBJECTID": 300,
        "landmark": ""
      }
    },
    {
      "type": "Feature",
      "id": 300,
      "geometry": {
        "type": "Point",
        "coordinates": [
          54.546352230000082,
          24.363730116000056,
          0
        ]
      },
      "properties": {
        "FID": 300,
        "X": 54.546351999999999,
        "Y": 24.363730115599999,
        "name": "شارع عبدالرحمن النيدي القبيسي/ مسجد محمد بن حارب",
        "zones": "مدبنة محمد بن زايد",
        "direction": "ن",
        "description": "شارع عبدالرحمن النيدي القبيسي/ مسجد محمد بن حارب",
        "stationType": 3,
        "regionCode": "AE-ABU-DHABI",
        "OBJECTID": 301,
        "landmark": ""
      }
    },
    {
      "type": "Feature",
      "id": 301,
      "geometry": {
        "type": "Point",
        "coordinates": [
          54.545220866000079,
          24.362501984000062,
          0
        ]
      },
      "properties": {
        "FID": 301,
        "X": 54.545220999999998,
        "Y": 24.3625019843,
        "name": "شارع يوسف بن عفصان المهيري / شارع ط\u064Eو\u0650ي م\u064Eرق\u064Eب",
        "zones": "مدبنة محمد بن زايد",
        "direction": "س",
        "description": "شارع يوسف بن عفصان المهيري / شارع ط\u064Eو\u0650ي م\u064Eرق\u064Eب",
        "stationType": 3,
        "regionCode": "AE-ABU-DHABI",
        "OBJECTID": 302,
        "landmark": ""
      }
    },
    {
      "type": "Feature",
      "id": 302,
      "geometry": {
        "type": "Point",
        "coordinates": [
          54.555752650000045,
          24.361174023000046,
          0
        ]
      },
      "properties": {
        "FID": 302,
        "X": 54.555753000000003,
        "Y": 24.3611740232,
        "name": "شارع عبدالرحمن النيدي القبيسي / مدرسة الامارات الوطنية",
        "zones": "مدبنة محمد بن زايد",
        "direction": "ع",
        "description": "شارع عبدالرحمن النيدي القبيسي / مدرسة الامارات الوطنية",
        "stationType": 3,
        "regionCode": "AE-ABU-DHABI",
        "OBJECTID": 303,
        "landmark": ""
      }
    },
    {
      "type": "Feature",
      "id": 303,
      "geometry": {
        "type": "Point",
        "coordinates": [
          54.558707760000061,
          24.358048697000072,
          0
        ]
      },
      "properties": {
        "FID": 303,
        "X": 54.558708000000003,
        "Y": 24.358048697099999,
        "name": "شارع يوسف بن عفصان المهيري/ شارع الجواهر",
        "zones": "مدبنة محمد بن زايد",
        "direction": "ص",
        "description": "شارع يوسف بن عفصان المهيري/ شارع الجواهر",
        "stationType": 3,
        "regionCode": "AE-ABU-DHABI",
        "OBJECTID": 304,
        "landmark": ""
      }
    },
    {
      "type": "Feature",
      "id": 304,
      "geometry": {
        "type": "Point",
        "coordinates": [
          54.558582902000069,
          24.355450806000079,
          0
        ]
      },
      "properties": {
        "FID": 304,
        "X": 54.558582999999999,
        "Y": 24.355450805899999,
        "name": "شارع يوسف بن عفصان المهيري/ شارع الجواهر",
        "zones": "مدبنة محمد بن زايد",
        "direction": "ق",
        "description": "شارع يوسف بن عفصان المهيري/ شارع الجواهر",
        "stationType": 3,
        "regionCode": "AE-ABU-DHABI",
        "OBJECTID": 305,
        "landmark": ""
      }
    },
    {
      "type": "Feature",
      "id": 305,
      "geometry": {
        "type": "Point",
        "coordinates": [
          54.545594422000079,
          24.356877589000078,
          0
        ]
      },
      "properties": {
        "FID": 305,
        "X": 54.545594000000001,
        "Y": 24.356877588500002,
        "name": "شارع يوسف بن عفصان المهيري / شارع العرضة",
        "zones": "مدبنة محمد بن زايد",
        "direction": "ر",
        "description": "شارع يوسف بن عفصان المهيري / شارع العرضة",
        "stationType": 3,
        "regionCode": "AE-ABU-DHABI",
        "OBJECTID": 306,
        "landmark": ""
      }
    },
    {
      "type": "Feature",
      "id": 306,
      "geometry": {
        "type": "Point",
        "coordinates": [
          54.545698450000032,
          24.354672644000061,
          0
        ]
      },
      "properties": {
        "FID": 306,
        "X": 54.545698000000002,
        "Y": 24.354672643800001,
        "name": "شارع يوسف بن عفصان المهيري / شارع العرضة",
        "zones": "مدبنة محمد بن زايد",
        "direction": "ش",
        "description": "شارع يوسف بن عفصان المهيري / شارع العرضة",
        "stationType": 3,
        "regionCode": "AE-ABU-DHABI",
        "OBJECTID": 307,
        "landmark": ""
      }
    },
    {
      "type": "Feature",
      "id": 307,
      "geometry": {
        "type": "Point",
        "coordinates": [
          54.552038624000033,
          24.35296580000005,
          0
        ]
      },
      "properties": {
        "FID": 307,
        "X": 54.552039000000001,
        "Y": 24.3529657998,
        "name": "شارع يوسف بن عفصان المهيري/ شارع الحبيب بن أحمد المحيربي",
        "zones": "مدبنة محمد بن زايد",
        "direction": "ت",
        "description": "شارع يوسف بن عفصان المهيري/ شارع الحبيب بن أحمد المحيربي",
        "stationType": 3,
        "regionCode": "AE-ABU-DHABI",
        "OBJECTID": 308,
        "landmark": ""
      }
    },
    {
      "type": "Feature",
      "id": 308,
      "geometry": {
        "type": "Point",
        "coordinates": [
          54.554731250000032,
          24.352790274000029,
          0
        ]
      },
      "properties": {
        "FID": 308,
        "X": 54.554730999999997,
        "Y": 24.352790273699998,
        "name": "شارع يوسف بن عفصان المهيري/ شارع الحبيب بن أحمد المحيربي",
        "zones": "مدبنة محمد بن زايد",
        "direction": "ث",
        "description": "شارع يوسف بن عفصان المهيري/ شارع الحبيب بن أحمد المحيربي",
        "stationType": 3,
        "regionCode": "AE-ABU-DHABI",
        "OBJECTID": 309,
        "landmark": ""
      }
    },
    {
      "type": "Feature",
      "id": 309,
      "geometry": {
        "type": "Point",
        "coordinates": [
          54.552958087000036,
          24.352223566000077,
          0
        ]
      },
      "properties": {
        "FID": 309,
        "X": 54.552957999999997,
        "Y": 24.352223566199999,
        "name": "شارع الحبيب بن أحمد المحيربي / مسجد مبارك بن قران المنصوري",
        "zones": "مدبنة محمد بن زايد",
        "direction": "خ",
        "description": "شارع الحبيب بن أحمد المحيربي / مسجد مبارك بن قران المنصوري",
        "stationType": 3,
        "regionCode": "AE-ABU-DHABI",
        "OBJECTID": 310,
        "landmark": ""
      }
    },
    {
      "type": "Feature",
      "id": 310,
      "geometry": {
        "type": "Point",
        "coordinates": [
          54.55337604500005,
          24.349634666000043,
          0
        ]
      },
      "properties": {
        "FID": 310,
        "X": 54.553376,
        "Y": 24.349634665899998,
        "name": "شارع يوسف بن عفصان المهيري/ شارع الحبيب بن أحمد المحيربي",
        "zones": "مدبنة محمد بن زايد",
        "direction": "خ",
        "description": "شارع يوسف بن عفصان المهيري/ شارع الحبيب بن أحمد المحيربي",
        "stationType": 3,
        "regionCode": "AE-ABU-DHABI",
        "OBJECTID": 311,
        "landmark": ""
      }
    },
    {
      "type": "Feature",
      "id": 311,
      "geometry": {
        "type": "Point",
        "coordinates": [
          54.537720949000061,
          24.344276114000024,
          0
        ]
      },
      "properties": {
        "FID": 311,
        "X": 54.537720999999998,
        "Y": 24.344276114199999,
        "name": "شارع الم\u064Eنه\u064Eل/ جامعة العين",
        "zones": "مدبنة محمد بن زايد",
        "direction": "ذ",
        "description": "شارع الم\u064Eنه\u064Eل/ جامعة العين",
        "stationType": 3,
        "regionCode": "AE-ABU-DHABI",
        "OBJECTID": 312,
        "landmark": ""
      }
    },
    {
      "type": "Feature",
      "id": 312,
      "geometry": {
        "type": "Point",
        "coordinates": [
          54.538039733000062,
          24.344256997000059,
          0
        ]
      },
      "properties": {
        "FID": 312,
        "X": 54.538040000000002,
        "Y": 24.3442569969,
        "name": "شارع الم\u064Eنه\u064Eل/ جامعة العين",
        "zones": "مدبنة محمد بن زايد",
        "direction": "ض",
        "description": "شارع الم\u064Eنه\u064Eل/ جامعة العين",
        "stationType": 3,
        "regionCode": "AE-ABU-DHABI",
        "OBJECTID": 313,
        "landmark": ""
      }
    },
    {
      "type": "Feature",
      "id": 313,
      "geometry": {
        "type": "Point",
        "coordinates": [
          54.553538059000061,
          24.345190586000058,
          0
        ]
      },
      "properties": {
        "FID": 313,
        "X": 54.553538000000003,
        "Y": 24.345190586200001,
        "name": "شارع الحبيب بن أحمد المحيربي/ مسجد الشيخة فاطمة بنت مبارك",
        "zones": "مدبنة محمد بن زايد",
        "direction": "ظ",
        "description": "شارع الحبيب بن أحمد المحيربي/ مسجد الشيخة فاطمة بنت مبارك",
        "stationType": 3,
        "regionCode": "AE-ABU-DHABI",
        "OBJECTID": 314,
        "landmark": ""
      }
    },
    {
      "type": "Feature",
      "id": 314,
      "geometry": {
        "type": "Point",
        "coordinates": [
          54.553375120000055,
          24.344077209000034,
          0
        ]
      },
      "properties": {
        "FID": 314,
        "X": 54.553375000000003,
        "Y": 24.344077209000002,
        "name": "شارع الحبيب بن أحمد المحيربي/ مسجد الشيخة فاطمة بنت مبارك",
        "zones": "مدبنة محمد بن زايد",
        "direction": "غ",
        "description": "شارع الحبيب بن أحمد المحيربي/ مسجد الشيخة فاطمة بنت مبارك",
        "stationType": 3,
        "regionCode": "AE-ABU-DHABI",
        "OBJECTID": 315,
        "landmark": ""
      }
    },
    {
      "type": "Feature",
      "id": 315,
      "geometry": {
        "type": "Point",
        "coordinates": [
          54.559251738000057,
          24.341662877000033,
          0
        ]
      },
      "properties": {
        "FID": 315,
        "X": 54.559252000000001,
        "Y": 24.341662876800001,
        "name": "شارع سعيد بن عبدالله القبيسي / مسجد حسن علي الزعابي",
        "zones": "مدبنة محمد بن زايد",
        "direction": "أ",
        "description": "شارع سعيد بن عبدالله القبيسي / مسجد حسن علي الزعابي",
        "stationType": 3,
        "regionCode": "AE-ABU-DHABI",
        "OBJECTID": 316,
        "landmark": ""
      }
    },
    {
      "type": "Feature",
      "id": 316,
      "geometry": {
        "type": "Point",
        "coordinates": [
          54.56095392800006,
          24.341501233000031,
          0
        ]
      },
      "properties": {
        "FID": 316,
        "X": 54.560954000000002,
        "Y": 24.341501232700001,
        "name": "شارع سعيد بن عبدالله القبيسي / مسجد حسن علي الزعابي",
        "zones": "مدبنة محمد بن زايد",
        "direction": "ب",
        "description": "شارع سعيد بن عبدالله القبيسي / مسجد حسن علي الزعابي",
        "stationType": 3,
        "regionCode": "AE-ABU-DHABI",
        "OBJECTID": 317,
        "landmark": ""
      }
    },
    {
      "type": "Feature",
      "id": 317,
      "geometry": {
        "type": "Point",
        "coordinates": [
          54.529386312000042,
          24.338586515000031,
          0
        ]
      },
      "properties": {
        "FID": 317,
        "X": 54.529386000000002,
        "Y": 24.338586515399999,
        "name": "شارع نجم سهيل/ شارع الرايات",
        "zones": "مدبنة محمد بن زايد",
        "direction": "ج",
        "description": "شارع نجم سهيل/ شارع الرايات",
        "stationType": 3,
        "regionCode": "AE-ABU-DHABI",
        "OBJECTID": 318,
        "landmark": ""
      }
    },
    {
      "type": "Feature",
      "id": 318,
      "geometry": {
        "type": "Point",
        "coordinates": [
          54.530880044000071,
          24.337810915000034,
          0
        ]
      },
      "properties": {
        "FID": 318,
        "X": 54.530880000000003,
        "Y": 24.337810914999999,
        "name": "شارع الرايات / شارع أم الل\u0651\u0650بد",
        "zones": "مدبنة محمد بن زايد",
        "direction": "د",
        "description": "شارع الرايات / شارع أم الل\u0651\u0650بد",
        "stationType": 3,
        "regionCode": "AE-ABU-DHABI",
        "OBJECTID": 319,
        "landmark": ""
      }
    },
    {
      "type": "Feature",
      "id": 319,
      "geometry": {
        "type": "Point",
        "coordinates": [
          54.53823122600005,
          24.341263233000063,
          0
        ]
      },
      "properties": {
        "FID": 319,
        "X": 54.538231000000003,
        "Y": 24.341263232799999,
        "name": "شارع الم\u064Eنه\u064Eل / مركز ال ال اتش الطبي",
        "zones": "مدبنة محمد بن زايد",
        "direction": "ه",
        "description": "شارع الم\u064Eنه\u064Eل / مركز ال ال اتش الطبي",
        "stationType": 3,
        "regionCode": "AE-ABU-DHABI",
        "OBJECTID": 320,
        "landmark": ""
      }
    },
    {
      "type": "Feature",
      "id": 320,
      "geometry": {
        "type": "Point",
        "coordinates": [
          54.538101659000063,
          24.341034862000072,
          0
        ]
      },
      "properties": {
        "FID": 320,
        "X": 54.538102000000002,
        "Y": 24.341034862000001,
        "name": "شارع الم\u064Eنه\u064Eل / مركز ال ال اتش الطبي",
        "zones": "مدبنة محمد بن زايد",
        "direction": "و",
        "description": "شارع الم\u064Eنه\u064Eل / مركز ال ال اتش الطبي",
        "stationType": 3,
        "regionCode": "AE-ABU-DHABI",
        "OBJECTID": 321,
        "landmark": ""
      }
    },
    {
      "type": "Feature",
      "id": 321,
      "geometry": {
        "type": "Point",
        "coordinates": [
          54.548712373000058,
          24.339621265000062,
          0
        ]
      },
      "properties": {
        "FID": 321,
        "X": 54.548712000000002,
        "Y": 24.3396212651,
        "name": "شارع سعيد بن عبدالله القبيسي/ مسجد علي الغرير الرميثي",
        "zones": "مدبنة محمد بن زايد",
        "direction": "ز",
        "description": "شارع سعيد بن عبدالله القبيسي/ مسجد علي الغرير الرميثي",
        "stationType": 3,
        "regionCode": "AE-ABU-DHABI",
        "OBJECTID": 322,
        "landmark": ""
      }
    },
    {
      "type": "Feature",
      "id": 322,
      "geometry": {
        "type": "Point",
        "coordinates": [
          54.565737912000031,
          24.337551425000072,
          0
        ]
      },
      "properties": {
        "FID": 322,
        "X": 54.565738000000003,
        "Y": 24.337551425400001,
        "name": "شارع سعيد بن عبدالله القبيسي / شارع هلال بن سعيد الفلاحي",
        "zones": "مدبنة محمد بن زايد",
        "direction": "ح",
        "description": "شارع سعيد بن عبدالله القبيسي / شارع هلال بن سعيد الفلاحي",
        "stationType": 3,
        "regionCode": "AE-ABU-DHABI",
        "OBJECTID": 323,
        "landmark": ""
      }
    },
    {
      "type": "Feature",
      "id": 323,
      "geometry": {
        "type": "Point",
        "coordinates": [
          54.566477459000055,
          24.335435017000066,
          0
        ]
      },
      "properties": {
        "FID": 323,
        "X": 54.566476999999999,
        "Y": 24.335435016800002,
        "name": "شارع سعيد بن عبدالله القبيسي / شارع هلال بن سعيد الفلاحي",
        "zones": "مدبنة محمد بن زايد",
        "direction": "ط",
        "description": "شارع سعيد بن عبدالله القبيسي / شارع هلال بن سعيد الفلاحي",
        "stationType": 3,
        "regionCode": "AE-ABU-DHABI",
        "OBJECTID": 324,
        "landmark": ""
      }
    },
    {
      "type": "Feature",
      "id": 324,
      "geometry": {
        "type": "Point",
        "coordinates": [
          54.562169737000033,
          24.332247697000071,
          0
        ]
      },
      "properties": {
        "FID": 324,
        "X": 54.562170000000002,
        "Y": 24.332247696700001,
        "name": "شارع سعيد بن عبدالله القبيسي/ عيادات صحة",
        "zones": "مدبنة محمد بن زايد",
        "direction": "ى",
        "description": "شارع سعيد بن عبدالله القبيسي/ عيادات صحة",
        "stationType": 3,
        "regionCode": "AE-ABU-DHABI",
        "OBJECTID": 325,
        "landmark": ""
      }
    },
    {
      "type": "Feature",
      "id": 325,
      "geometry": {
        "type": "Point",
        "coordinates": [
          54.560123965000059,
          24.332414989000029,
          0
        ]
      },
      "properties": {
        "FID": 325,
        "X": 54.560124000000002,
        "Y": 24.332414989099998,
        "name": "شارع سعيد بن عبدالله القبيسي/ عيادات صحة",
        "zones": "مدبنة محمد بن زايد",
        "direction": "ك",
        "description": "شارع سعيد بن عبدالله القبيسي/ عيادات صحة",
        "stationType": 3,
        "regionCode": "AE-ABU-DHABI",
        "OBJECTID": 326,
        "landmark": ""
      }
    },
    {
      "type": "Feature",
      "id": 326,
      "geometry": {
        "type": "Point",
        "coordinates": [
          54.537398900000028,
          24.354158658000074,
          0
        ]
      },
      "properties": {
        "FID": 326,
        "X": 54.537399000000001,
        "Y": 24.354158657700001,
        "name": "شارع الم\u064Eنه\u064Eل/ مدينة برجيل الطبية",
        "zones": "مدبنة محمد بن زايد",
        "direction": "ل",
        "description": "شارع الم\u064Eنه\u064Eل/ مدينة برجيل الطبية",
        "stationType": 3,
        "regionCode": "AE-ABU-DHABI",
        "OBJECTID": 327,
        "landmark": ""
      }
    },
    {
      "type": "Feature",
      "id": 327,
      "geometry": {
        "type": "Point",
        "coordinates": [
          54.537066062000065,
          24.353791383000043,
          0
        ]
      },
      "properties": {
        "FID": 327,
        "X": 54.537066000000003,
        "Y": 24.353791382699999,
        "name": "شارع الم\u064Eنه\u064Eل/ مدينة برجيل الطبية",
        "zones": "مدبنة محمد بن زايد",
        "direction": "م",
        "description": "شارع الم\u064Eنه\u064Eل/ مدينة برجيل الطبية",
        "stationType": 3,
        "regionCode": "AE-ABU-DHABI",
        "OBJECTID": 328,
        "landmark": ""
      }
    },
    {
      "type": "Feature",
      "id": 328,
      "geometry": {
        "type": "Point",
        "coordinates": [
          54.533980549000034,
          24.343404251000038,
          0
        ]
      },
      "properties": {
        "FID": 328,
        "X": 54.533980999999997,
        "Y": 24.343404250799999,
        "name": "شارع ب\u064Eط\u0650ين الع\u064Fود / شارع الفط\u064Eيس\u0650ي",
        "zones": "مدبنة محمد بن زايد",
        "direction": "م",
        "description": "شارع ب\u064Eط\u0650ين الع\u064Fود / شارع الفط\u064Eيس\u0650ي",
        "stationType": 3,
        "regionCode": "AE-ABU-DHABI",
        "OBJECTID": 329,
        "landmark": ""
      }
    },
    {
      "type": "Feature",
      "id": 329,
      "geometry": {
        "type": "Point",
        "coordinates": [
          54.534188401000051,
          24.343254757000068,
          0
        ]
      },
      "properties": {
        "FID": 329,
        "X": 54.534188,
        "Y": 24.3432547568,
        "name": "شارع ب\u064Eط\u0650ين الع\u064Fود / شارع الفط\u064Eيس\u0650ي",
        "zones": "مدبنة محمد بن زايد",
        "direction": "ن",
        "description": "شارع ب\u064Eط\u0650ين الع\u064Fود / شارع الفط\u064Eيس\u0650ي",
        "stationType": 3,
        "regionCode": "AE-ABU-DHABI",
        "OBJECTID": 330,
        "landmark": ""
      }
    },
    {
      "type": "Feature",
      "id": 330,
      "geometry": {
        "type": "Point",
        "coordinates": [
          54.56332777800003,
          24.35206669300004,
          0
        ]
      },
      "properties": {
        "FID": 330,
        "X": 54.563327999999998,
        "Y": 24.352066692800001,
        "name": "شارع قصابى",
        "zones": "مدبنة محمد بن زايد",
        "direction": "ش",
        "description": "شارع قصابى",
        "stationType": 3,
        "regionCode": "AE-ABU-DHABI",
        "OBJECTID": 331,
        "landmark": ""
      }
    },
    {
      "type": "Feature",
      "id": 331,
      "geometry": {
        "type": "Point",
        "coordinates": [
          54.557547222000039,
          24.365919471000041,
          0
        ]
      },
      "properties": {
        "FID": 331,
        "X": 54.557547,
        "Y": 24.365919470600002,
        "name": "شارع برقا مفلى",
        "zones": "مدبنة محمد بن زايد",
        "direction": "ث",
        "description": "شارع برقا مفلى",
        "stationType": 3,
        "regionCode": "AE-ABU-DHABI",
        "OBJECTID": 332,
        "landmark": ""
      }
    },
    {
      "type": "Feature",
      "id": 332,
      "geometry": {
        "type": "Point",
        "coordinates": [
          54.60309766000006,
          24.482389669000042,
          0
        ]
      },
      "properties": {
        "FID": 332,
        "X": 54.603098000000003,
        "Y": 24.482389668700002,
        "name": "محطة شارع الد\u0651\u064Fر\u064Eر / عالم فراري غرب",
        "zones": "جزيرة ياس",
        "direction": "أ",
        "description": "شارع الد\u0651\u064Fر\u064Eر / عالم فراري غرب",
        "stationType": 3,
        "regionCode": "AE-ABU-DHABI",
        "OBJECTID": 333,
        "landmark": ""
      }
    },
    {
      "type": "Feature",
      "id": 333,
      "geometry": {
        "type": "Point",
        "coordinates": [
          54.602994769000077,
          24.484175281000034,
          0
        ]
      },
      "properties": {
        "FID": 333,
        "X": 54.602995,
        "Y": 24.484175280500001,
        "name": "محطة شارع الد\u0651\u064Fر\u064Eر / عالم فراري غرب",
        "zones": "جزيرة ياس",
        "direction": "أ",
        "description": "شارع الد\u0651\u064Fر\u064Eر / عالم فراري غرب",
        "stationType": 3,
        "regionCode": "AE-ABU-DHABI",
        "OBJECTID": 334,
        "landmark": ""
      }
    },
    {
      "type": "Feature",
      "id": 334,
      "geometry": {
        "type": "Point",
        "coordinates": [
          54.601758775000064,
          24.488497390000077,
          0
        ]
      },
      "properties": {
        "FID": 334,
        "X": 54.601759000000001,
        "Y": 24.488497390199999,
        "name": "محطة شارع الد\u0651\u064Fر\u064Eر/ ياس وترورلد",
        "zones": "جزيرة ياس",
        "direction": "أ",
        "description": "شارع الد\u0651\u064Fر\u064Eر/ ياس وترورلد",
        "stationType": 3,
        "regionCode": "AE-ABU-DHABI",
        "OBJECTID": 335,
        "landmark": ""
      }
    },
    {
      "type": "Feature",
      "id": 335,
      "geometry": {
        "type": "Point",
        "coordinates": [
          54.599711727000056,
          24.49033333400007,
          0
        ]
      },
      "properties": {
        "FID": 335,
        "X": 54.599711999999997,
        "Y": 24.490333334300001,
        "name": "محطة عالم وارنر براذرز أبوظبي",
        "zones": "جزيرة ياس",
        "direction": "أ",
        "description": "عالم وارنر براذرز أبوظبي",
        "stationType": 3,
        "regionCode": "AE-ABU-DHABI",
        "OBJECTID": 336,
        "landmark": ""
      }
    },
    {
      "type": "Feature",
      "id": 336,
      "geometry": {
        "type": "Point",
        "coordinates": [
          54.597934209000073,
          24.491478499000038,
          0
        ]
      },
      "properties": {
        "FID": 336,
        "X": 54.597934000000002,
        "Y": 24.491478498700001,
        "name": "محطة عالم وارنر براذرز أبوظبي",
        "zones": "جزيرة ياس",
        "direction": "ب",
        "description": "عالم وارنر براذرز أبوظبي",
        "stationType": 3,
        "regionCode": "AE-ABU-DHABI",
        "OBJECTID": 337,
        "landmark": ""
      }
    },
    {
      "type": "Feature",
      "id": 337,
      "geometry": {
        "type": "Point",
        "coordinates": [
          54.602897719000055,
          24.492414921000034,
          0
        ]
      },
      "properties": {
        "FID": 337,
        "X": 54.602898000000003,
        "Y": 24.492414921400002,
        "name": "محطة شارع المسرى / شارع الد\u0651\u064Fر\u064Eر",
        "zones": "جزيرة ياس",
        "direction": "أ",
        "description": "شارع المسرى / شارع الد\u0651\u064Fر\u064Eر",
        "stationType": 3,
        "regionCode": "AE-ABU-DHABI",
        "OBJECTID": 338,
        "landmark": ""
      }
    },
    {
      "type": "Feature",
      "id": 338,
      "geometry": {
        "type": "Point",
        "coordinates": [
          54.601958799000045,
          24.493031861000077,
          0
        ]
      },
      "properties": {
        "FID": 338,
        "X": 54.601959000000001,
        "Y": 24.493031860599999,
        "name": "محطة شارع المسرى / شارع الد\u0651\u064Fر\u064Eر",
        "zones": "جزيرة ياس",
        "direction": "ب",
        "description": "شارع المسرى / شارع الد\u0651\u064Fر\u064Eر",
        "stationType": 3,
        "regionCode": "AE-ABU-DHABI",
        "OBJECTID": 339,
        "landmark": ""
      }
    },
    {
      "type": "Feature",
      "id": 339,
      "geometry": {
        "type": "Point",
        "coordinates": [
          54.604864052000039,
          24.493276574000049,
          0
        ]
      },
      "properties": {
        "FID": 339,
        "X": 54.604863999999999,
        "Y": 24.493276573799999,
        "name": "محطة مركز شرطة ياس",
        "zones": "جزيرة ياس",
        "direction": "أ",
        "description": "مركز شرطة ياس",
        "stationType": 3,
        "regionCode": "AE-ABU-DHABI",
        "OBJECTID": 340,
        "landmark": ""
      }
    },
    {
      "type": "Feature",
      "id": 340,
      "geometry": {
        "type": "Point",
        "coordinates": [
          54.609717815000067,
          24.490113001000054,
          0
        ]
      },
      "properties": {
        "FID": 340,
        "X": 54.609718000000001,
        "Y": 24.490113000899999,
        "name": "محطة  شارع الد\u0651\u064Fر\u064Eر / ياس مول (شمال)",
        "zones": "جزيرة ياس",
        "direction": "أ",
        "description": "شارع الد\u0651\u064Fر\u064Eر / ياس مول (شمال)",
        "stationType": 3,
        "regionCode": "AE-ABU-DHABI",
        "OBJECTID": 341,
        "landmark": ""
      }
    },
    {
      "type": "Feature",
      "id": 341,
      "geometry": {
        "type": "Point",
        "coordinates": [
          54.61273763500003,
          24.49003441800005,
          0
        ]
      },
      "properties": {
        "FID": 341,
        "X": 54.612738,
        "Y": 24.490034418299999,
        "name": "محطة ايكيا - جزيرة ياس",
        "zones": "جزيرة ياس",
        "direction": "أ",
        "description": "ايكيا في جزيرة ياس",
        "stationType": 3,
        "regionCode": "AE-ABU-DHABI",
        "OBJECTID": 342,
        "landmark": ""
      }
    },
    {
      "type": "Feature",
      "id": 342,
      "geometry": {
        "type": "Point",
        "coordinates": [
          54.614732247000063,
          24.490445064000028,
          0
        ]
      },
      "properties": {
        "FID": 342,
        "X": 54.614731999999997,
        "Y": 24.490445064300001,
        "name": "محطة شارع الد\u0651\u064Fر\u064Eر / ايكيا",
        "zones": "جزيرة ياس",
        "direction": "أ",
        "description": "شارع الد\u0651\u064Fر\u064Eر / ايكيا",
        "stationType": 3,
        "regionCode": "AE-ABU-DHABI",
        "OBJECTID": 343,
        "landmark": ""
      }
    },
    {
      "type": "Feature",
      "id": 343,
      "geometry": {
        "type": "Point",
        "coordinates": [
          54.608275121000077,
          24.485035303000075,
          0
        ]
      },
      "properties": {
        "FID": 343,
        "X": 54.608274999999999,
        "Y": 24.4850353032,
        "name": "محطة عالم فيراري جزيرة ياس، أبوظبي",
        "zones": "جزيرة ياس",
        "direction": "أ",
        "description": "عالم فيراري جزيرة ياس، أبوظبي",
        "stationType": 3,
        "regionCode": "AE-ABU-DHABI",
        "OBJECTID": 344,
        "landmark": ""
      }
    },
    {
      "type": "Feature",
      "id": 344,
      "geometry": {
        "type": "Point",
        "coordinates": [
          54.617435036000074,
          24.482589517000065,
          0
        ]
      },
      "properties": {
        "FID": 344,
        "X": 54.617435,
        "Y": 24.482589517299999,
        "name": "محطة شارع الد\u0651\u064Fر\u064Eر / حلبة ياس مارينا (شرق)",
        "zones": "جزيرة ياس",
        "direction": "أ",
        "description": "شارع الد\u0651\u064Fر\u064Eر / حلبة ياس مارينا (شرق)",
        "stationType": 3,
        "regionCode": "AE-ABU-DHABI",
        "OBJECTID": 345,
        "landmark": ""
      }
    },
    {
      "type": "Feature",
      "id": 345,
      "geometry": {
        "type": "Point",
        "coordinates": [
          54.616341547000047,
          24.483565178000049,
          0
        ]
      },
      "properties": {
        "FID": 345,
        "X": 54.616342000000003,
        "Y": 24.483565178300001,
        "name": "محطة شارع الد\u0651\u064Fر\u064Eر / حلبة ياس مارينا (شرق)",
        "zones": "جزيرة ياس",
        "direction": "ب",
        "description": "شارع الد\u0651\u064Fر\u064Eر / حلبة ياس مارينا (شرق)",
        "stationType": 3,
        "regionCode": "AE-ABU-DHABI",
        "OBJECTID": 346,
        "landmark": ""
      }
    },
    {
      "type": "Feature",
      "id": 346,
      "geometry": {
        "type": "Point",
        "coordinates": [
          54.620591723000075,
          24.483090626000035,
          0
        ]
      },
      "properties": {
        "FID": 346,
        "X": 54.620592000000002,
        "Y": 24.483090625999999,
        "name": "محطة شارع الد\u0651\u064Fر\u064Eر / منتزه بوابة ياس (جنوب 2)",
        "zones": "جزيرة ياس",
        "direction": "أ",
        "description": "شارع الد\u0651\u064Fر\u064Eر / منتزه بوابة ياس (جنوب 2)",
        "stationType": 3,
        "regionCode": "AE-ABU-DHABI",
        "OBJECTID": 347,
        "landmark": ""
      }
    },
    {
      "type": "Feature",
      "id": 347,
      "geometry": {
        "type": "Point",
        "coordinates": [
          54.621387207000055,
          24.483798206000074,
          0
        ]
      },
      "properties": {
        "FID": 347,
        "X": 54.621386999999999,
        "Y": 24.483798206399999,
        "name": "محطة شارع الد\u0651\u064Fر\u064Eر / منتزه بوابة ياس (جنوب 2)",
        "zones": "جزيرة ياس",
        "direction": "ب",
        "description": "شارع الد\u0651\u064Fر\u064Eر / منتزه بوابة ياس (جنوب 2)",
        "stationType": 3,
        "regionCode": "AE-ABU-DHABI",
        "OBJECTID": 348,
        "landmark": ""
      }
    },
    {
      "type": "Feature",
      "id": 348,
      "geometry": {
        "type": "Point",
        "coordinates": [
          54.626478245000044,
          24.485819045000028,
          0
        ]
      },
      "properties": {
        "FID": 348,
        "X": 54.626477999999999,
        "Y": 24.485819045100001,
        "name": "محطة شارع الد\u0651\u064Fر\u064Eر / منتزه بوابة ياس (جنوب 1)",
        "zones": "جزيرة ياس",
        "direction": "أ",
        "description": "شارع الد\u0651\u064Fر\u064Eر / منتزه بوابة ياس (جنوب 1)",
        "stationType": 3,
        "regionCode": "AE-ABU-DHABI",
        "OBJECTID": 349,
        "landmark": ""
      }
    },
    {
      "type": "Feature",
      "id": 349,
      "geometry": {
        "type": "Point",
        "coordinates": [
          54.617820607000056,
          24.487776843000063,
          0
        ]
      },
      "properties": {
        "FID": 349,
        "X": 54.617820999999999,
        "Y": 24.487776843199999,
        "name": "محطة سي وورلد جزيرة ياس أبوظبي",
        "zones": "جزيرة ياس",
        "direction": "أ",
        "description": "سي وورلد جزيرة ياس أبوظبي",
        "stationType": 3,
        "regionCode": "AE-ABU-DHABI",
        "OBJECTID": 350,
        "landmark": ""
      }
    },
    {
      "type": "Feature",
      "id": 350,
      "geometry": {
        "type": "Point",
        "coordinates": [
          54.598405121000042,
          24.489536276000024,
          0
        ]
      },
      "properties": {
        "FID": 350,
        "X": 54.598405,
        "Y": 24.489536275700001,
        "name": "محطة فندق وارنر براذرز أبوظبي، كوريو كولكشن باي هيلتون",
        "zones": "جزيرة ياس",
        "direction": "أ",
        "description": "فندق وارنر براذرز أبوظبي، كوريو كولكشن باي هيلتون",
        "stationType": 3,
        "regionCode": "AE-ABU-DHABI",
        "OBJECTID": 351,
        "landmark": ""
      }
    },
    {
      "type": "Feature",
      "id": 351,
      "geometry": {
        "type": "Point",
        "coordinates": [
          54.599536830000034,
          24.486557488000074,
          0
        ]
      },
      "properties": {
        "FID": 351,
        "X": 54.599536999999998,
        "Y": 24.486557488100001,
        "name": "محطة ياس ووتر وورلد أبوظبي",
        "zones": "جزيرة ياس",
        "direction": "أ",
        "description": "ياس ووتر وورلد أبوظبي",
        "stationType": 3,
        "regionCode": "AE-ABU-DHABI",
        "OBJECTID": 352,
        "landmark": ""
      }
    },
    {
      "type": "Feature",
      "id": 352,
      "geometry": {
        "type": "Point",
        "coordinates": [
          54.599973915000078,
          24.488992559000053,
          0
        ]
      },
      "properties": {
        "FID": 352,
        "X": 54.599974000000003,
        "Y": 24.488992558900001,
        "name": "محطة ياس ووتر وورلد أبوظبي",
        "zones": "جزيرة ياس",
        "direction": "ب",
        "description": "ياس ووتر وورلد أبوظبي",
        "stationType": 3,
        "regionCode": "AE-ABU-DHABI",
        "OBJECTID": 353,
        "landmark": ""
      }
    },
    {
      "type": "Feature",
      "id": 353,
      "geometry": {
        "type": "Point",
        "coordinates": [
          54.592797246000032,
          24.490331543000025,
          0
        ]
      },
      "properties": {
        "FID": 353,
        "X": 54.592796999999997,
        "Y": 24.4903315426,
        "name": "محطة شارع ياس / شارع الم\u0650ي\u064Eان",
        "zones": "جزيرة ياس",
        "direction": "أ",
        "description": "شارع ياس / شارع الم\u0650ي\u064Eان",
        "stationType": 3,
        "regionCode": "AE-ABU-DHABI",
        "OBJECTID": 354,
        "landmark": ""
      }
    },
    {
      "type": "Feature",
      "id": 354,
      "geometry": {
        "type": "Point",
        "coordinates": [
          54.59050330000008,
          24.490105388000075,
          0
        ]
      },
      "properties": {
        "FID": 354,
        "X": 54.590502999999998,
        "Y": 24.490105387700002,
        "name": "محطة غرب ياس / شارع الكوكب",
        "zones": "جزيرة ياس",
        "direction": "أ",
        "description": "غرب ياس / شارع الكوكب",
        "stationType": 3,
        "regionCode": "AE-ABU-DHABI",
        "OBJECTID": 355,
        "landmark": ""
      }
    },
    {
      "type": "Feature",
      "id": 355,
      "geometry": {
        "type": "Point",
        "coordinates": [
          54.588547457000061,
          24.488702139000054,
          0
        ]
      },
      "properties": {
        "FID": 355,
        "X": 54.588546999999998,
        "Y": 24.488702138800001,
        "name": "محطة شارع الشرين / شارع الميان",
        "zones": "جزيرة ياس",
        "direction": "أ",
        "description": "شارع الشرين / شارع الميان",
        "stationType": 3,
        "regionCode": "AE-ABU-DHABI",
        "OBJECTID": 356,
        "landmark": ""
      }
    },
    {
      "type": "Feature",
      "id": 356,
      "geometry": {
        "type": "Point",
        "coordinates": [
          54.588382802000069,
          24.489060565000045,
          0
        ]
      },
      "properties": {
        "FID": 356,
        "X": 54.588383,
        "Y": 24.489060565300001,
        "name": "محطة شارع الشرين / شارع الميان",
        "zones": "جزيرة ياس",
        "direction": "ب",
        "description": "شارع الشرين / شارع الميان",
        "stationType": 3,
        "regionCode": "AE-ABU-DHABI",
        "OBJECTID": 357,
        "landmark": ""
      }
    },
    {
      "type": "Feature",
      "id": 357,
      "geometry": {
        "type": "Point",
        "coordinates": [
          54.588493824000068,
          24.490479487000073,
          0
        ]
      },
      "properties": {
        "FID": 357,
        "X": 54.588493999999997,
        "Y": 24.4904794871,
        "name": "محطة شارع الشرين / شارع المحراث غرب ياس",
        "zones": "جزيرة ياس",
        "direction": "أ",
        "description": "شارع الشرين / شارع المحراث غرب ياس",
        "stationType": 3,
        "regionCode": "AE-ABU-DHABI",
        "OBJECTID": 358,
        "landmark": ""
      }
    },
    {
      "type": "Feature",
      "id": 358,
      "geometry": {
        "type": "Point",
        "coordinates": [
          54.58836317600003,
          24.490089264000062,
          0
        ]
      },
      "properties": {
        "FID": 358,
        "X": 54.588363000000001,
        "Y": 24.490089263800002,
        "name": "محطة شارع الشرين / شارع المحراث غرب ياس",
        "zones": "جزيرة ياس",
        "direction": "ب",
        "description": "شارع الشرين / شارع المحراث غرب ياس",
        "stationType": 3,
        "regionCode": "AE-ABU-DHABI",
        "OBJECTID": 359,
        "landmark": ""
      }
    },
    {
      "type": "Feature",
      "id": 359,
      "geometry": {
        "type": "Point",
        "coordinates": [
          54.588457451000068,
          24.491868975000045,
          0
        ]
      },
      "properties": {
        "FID": 359,
        "X": 54.588456999999998,
        "Y": 24.491868974700001,
        "name": "محطة شارع الشرين / شارع بتوك غرب ياس",
        "zones": "جزيرة ياس",
        "direction": "أ",
        "description": "شارع الشرين / شارع بتوك غرب ياس",
        "stationType": 3,
        "regionCode": "AE-ABU-DHABI",
        "OBJECTID": 360,
        "landmark": ""
      }
    },
    {
      "type": "Feature",
      "id": 360,
      "geometry": {
        "type": "Point",
        "coordinates": [
          54.58832611400004,
          24.49151484600003,
          0
        ]
      },
      "properties": {
        "FID": 360,
        "X": 54.588326000000002,
        "Y": 24.491514846000001,
        "name": "محطة شارع الشرين / شارع بتوك غرب ياس",
        "zones": "جزيرة ياس",
        "direction": "ب",
        "description": "شارع الشرين / شارع بتوك غرب ياس",
        "stationType": 3,
        "regionCode": "AE-ABU-DHABI",
        "OBJECTID": 361,
        "landmark": ""
      }
    },
    {
      "type": "Feature",
      "id": 361,
      "geometry": {
        "type": "Point",
        "coordinates": [
          54.58837449400005,
          24.494665839000049,
          0
        ]
      },
      "properties": {
        "FID": 361,
        "X": 54.588374000000002,
        "Y": 24.4946658388,
        "name": "محطة ياس أكاديمية الأمريكية",
        "zones": "جزيرة ياس",
        "direction": "أ",
        "description": "ياس أكاديمية الأمريكية",
        "stationType": 3,
        "regionCode": "AE-ABU-DHABI",
        "OBJECTID": 362,
        "landmark": ""
      }
    },
    {
      "type": "Feature",
      "id": 362,
      "geometry": {
        "type": "Point",
        "coordinates": [
          54.587221870000064,
          24.493555221000065,
          0
        ]
      },
      "properties": {
        "FID": 362,
        "X": 54.587221999999997,
        "Y": 24.493555221000001,
        "name": "محطة ويست ياس بلازا",
        "zones": "جزيرة ياس",
        "direction": "أ",
        "description": "ويست ياس بلازا",
        "stationType": 3,
        "regionCode": "AE-ABU-DHABI",
        "OBJECTID": 363,
        "landmark": ""
      }
    },
    {
      "type": "Feature",
      "id": 363,
      "geometry": {
        "type": "Point",
        "coordinates": [
          54.58441528600008,
          24.493311748000053,
          0
        ]
      },
      "properties": {
        "FID": 363,
        "X": 54.584415,
        "Y": 24.4933117484,
        "name": "محطة شارع الشجر / منتزه ياس ويست للتزلج",
        "zones": "جزيرة ياس",
        "direction": "أ",
        "description": "شارع الشجر / منتزه ياس ويست للتزلج",
        "stationType": 3,
        "regionCode": "AE-ABU-DHABI",
        "OBJECTID": 364,
        "landmark": ""
      }
    },
    {
      "type": "Feature",
      "id": 364,
      "geometry": {
        "type": "Point",
        "coordinates": [
          54.582627130000049,
          24.492425612000034,
          0
        ]
      },
      "properties": {
        "FID": 364,
        "X": 54.582627000000002,
        "Y": 24.4924256121,
        "name": "محطة شارع أبو رمرامة جزيرة ياس أبو ظبي",
        "zones": "جزيرة ياس",
        "direction": "أ",
        "description": "شارع أبو رمرامة جزيرة ياس أبو ظبي",
        "stationType": 3,
        "regionCode": "AE-ABU-DHABI",
        "OBJECTID": 365,
        "landmark": ""
      }
    },
    {
      "type": "Feature",
      "id": 365,
      "geometry": {
        "type": "Point",
        "coordinates": [
          54.580548044000068,
          24.492311062000056,
          0
        ]
      },
      "properties": {
        "FID": 365,
        "X": 54.580548,
        "Y": 24.492311061999999,
        "name": "محطة شارع الم\u0650ي\u064Eان جزيرة ياس أبو ظبي",
        "zones": "جزيرة ياس",
        "direction": "أ",
        "description": "شارع الم\u0650ي\u064Eان جزيرة ياس أبو ظبي",
        "stationType": 3,
        "regionCode": "AE-ABU-DHABI",
        "OBJECTID": 366,
        "landmark": ""
      }
    },
    {
      "type": "Feature",
      "id": 366,
      "geometry": {
        "type": "Point",
        "coordinates": [
          54.585083765000036,
          24.488267658000041,
          0
        ]
      },
      "properties": {
        "FID": 366,
        "X": 54.585084000000002,
        "Y": 24.4882676583,
        "name": "محطة شارع أبو رمرامة جزيرة ياس أبو ظبي / إطلالة على غابات المانغروف في ياس",
        "zones": "جزيرة ياس",
        "direction": "أ",
        "description": "شارع أبو رمرامة جزيرة ياس أبو ظبي / إطلالة على غابات المانغروف في ياس",
        "stationType": 3,
        "regionCode": "AE-ABU-DHABI",
        "OBJECTID": 367,
        "landmark": ""
      }
    },
    {
      "type": "Feature",
      "id": 367,
      "geometry": {
        "type": "Point",
        "coordinates": [
          54.579618739000068,
          24.493966043000057,
          0
        ]
      },
      "properties": {
        "FID": 367,
        "X": 54.579619000000001,
        "Y": 24.493966043,
        "name": "محطة شارع الم\u0650ي\u064Eان جزيرة ياس أبو ظبي / شارع سعيد بن معضد المهيري",
        "zones": "جزيرة ياس",
        "direction": "أ",
        "description": "شارع الم\u0650ي\u064Eان جزيرة ياس أبو ظبي / شارع سعيد بن معضد المهيري",
        "stationType": 3,
        "regionCode": "AE-ABU-DHABI",
        "OBJECTID": 368,
        "landmark": ""
      }
    },
    {
      "type": "Feature",
      "id": 368,
      "geometry": {
        "type": "Point",
        "coordinates": [
          54.580938053000068,
          24.494610015000035,
          0
        ]
      },
      "properties": {
        "FID": 368,
        "X": 54.580938000000003,
        "Y": 24.494610014900001,
        "name": "محطة شارع سعيد بن معضد المهيري / شارع الن\u0651\u064Eافورة",
        "zones": "جزيرة ياس",
        "direction": "أ",
        "description": "شارع سعيد بن معضد المهيري / شارع الن\u0651\u064Eافورة",
        "stationType": 3,
        "regionCode": "AE-ABU-DHABI",
        "OBJECTID": 369,
        "landmark": ""
      }
    },
    {
      "type": "Feature",
      "id": 369,
      "geometry": {
        "type": "Point",
        "coordinates": [
          54.580603469000039,
          24.494568546000039,
          0
        ]
      },
      "properties": {
        "FID": 369,
        "X": 54.580603000000004,
        "Y": 24.494568546299998,
        "name": "محطة شارع سعيد بن معضد المهيري / شارع المسايير",
        "zones": "جزيرة ياس",
        "direction": "ب",
        "description": "شارع سعيد بن معضد المهيري / شارع المسايير",
        "stationType": 3,
        "regionCode": "AE-ABU-DHABI",
        "OBJECTID": 370,
        "landmark": ""
      }
    },
    {
      "type": "Feature",
      "id": 370,
      "geometry": {
        "type": "Point",
        "coordinates": [
          54.582007573000055,
          24.495421476000047,
          0
        ]
      },
      "properties": {
        "FID": 370,
        "X": 54.582008000000002,
        "Y": 24.495421475699999,
        "name": "محطة شارع سعيد بن معضد المهيري / حديقة ياس",
        "zones": "جزيرة ياس",
        "direction": "أ",
        "description": "شارع سعيد بن معضد المهيري / حديقة ياس",
        "stationType": 3,
        "regionCode": "AE-ABU-DHABI",
        "OBJECTID": 371,
        "landmark": ""
      }
    },
    {
      "type": "Feature",
      "id": 371,
      "geometry": {
        "type": "Point",
        "coordinates": [
          54.581738733000066,
          24.495552564000036,
          0
        ]
      },
      "properties": {
        "FID": 371,
        "X": 54.581738999999999,
        "Y": 24.495552564,
        "name": "محطة شارع سعيد بن معضد المهيري / حديقة ياس",
        "zones": "جزيرة ياس",
        "direction": "ب",
        "description": "شارع سعيد بن معضد المهيري / حديقة ياس",
        "stationType": 3,
        "regionCode": "AE-ABU-DHABI",
        "OBJECTID": 372,
        "landmark": ""
      }
    },
    {
      "type": "Feature",
      "id": 372,
      "geometry": {
        "type": "Point",
        "coordinates": [
          54.58326898100006,
          24.49651582100006,
          0
        ]
      },
      "properties": {
        "FID": 372,
        "X": 54.583269000000001,
        "Y": 24.496515820599999,
        "name": "محطة شارع سعيد بن معضد المهيري / شارع السلامة",
        "zones": "جزيرة ياس",
        "direction": "أ",
        "description": "شارع سعيد بن معضد المهيري / شارع السلامة",
        "stationType": 3,
        "regionCode": "AE-ABU-DHABI",
        "OBJECTID": 373,
        "landmark": ""
      }
    },
    {
      "type": "Feature",
      "id": 373,
      "geometry": {
        "type": "Point",
        "coordinates": [
          54.583080582000036,
          24.496566962000031,
          0
        ]
      },
      "properties": {
        "FID": 373,
        "X": 54.583081,
        "Y": 24.496566961900001,
        "name": "محطة شارع سعيد بن معضد المهيري / شارع السلامة",
        "zones": "جزيرة ياس",
        "direction": "ب",
        "description": "شارع سعيد بن معضد المهيري / شارع السلامة",
        "stationType": 3,
        "regionCode": "AE-ABU-DHABI",
        "OBJECTID": 374,
        "landmark": ""
      }
    },
    {
      "type": "Feature",
      "id": 374,
      "geometry": {
        "type": "Point",
        "coordinates": [
          54.583522316000028,
          24.497711361000029,
          0
        ]
      },
      "properties": {
        "FID": 374,
        "X": 54.583522000000002,
        "Y": 24.497711361099999,
        "name": "محطة شارع الش\u0651\u0650ر\u0650ين / حديقة ويست ياس المجتمعي",
        "zones": "جزيرة ياس",
        "direction": "أ",
        "description": " شارع الش\u0651\u0650ر\u0650ين / حديقة ويست ياس المجتمعي",
        "stationType": 3,
        "regionCode": "AE-ABU-DHABI",
        "OBJECTID": 375,
        "landmark": ""
      }
    },
    {
      "type": "Feature",
      "id": 375,
      "geometry": {
        "type": "Point",
        "coordinates": [
          54.578749440000081,
          24.495576847000052,
          0
        ]
      },
      "properties": {
        "FID": 375,
        "X": 54.578749000000002,
        "Y": 24.495576847199999,
        "name": "محطة شارع الميان / شارع الألحان جزيرة ياس أبو ظبي",
        "zones": "جزيرة ياس",
        "direction": "أ",
        "description": "شارع الميان / شارع الألحان جزيرة ياس أبو ظبي",
        "stationType": 3,
        "regionCode": "AE-ABU-DHABI",
        "OBJECTID": 376,
        "landmark": ""
      }
    },
    {
      "type": "Feature",
      "id": 376,
      "geometry": {
        "type": "Point",
        "coordinates": [
          54.579942654000035,
          24.496624992000022,
          0
        ]
      },
      "properties": {
        "FID": 376,
        "X": 54.579943,
        "Y": 24.496624992400001,
        "name": "محطة شارع الألوان / شارع الألحان جزيرة ياس أبو ظبي",
        "zones": "جزيرة ياس",
        "direction": "أ",
        "description": "شارع الألوان / شارع الألحان جزيرة ياس أبو ظبي",
        "stationType": 3,
        "regionCode": "AE-ABU-DHABI",
        "OBJECTID": 377,
        "landmark": ""
      }
    },
    {
      "type": "Feature",
      "id": 377,
      "geometry": {
        "type": "Point",
        "coordinates": [
          54.576946590000034,
          24.497001158000046,
          0
        ]
      },
      "properties": {
        "FID": 377,
        "X": 54.576946999999997,
        "Y": 24.497001157900002,
        "name": "محطة شارع الميان / شارع الطامي جزيرة ياس أبو ظبي",
        "zones": "جزيرة ياس",
        "direction": "أ",
        "description": "شارع الميان / شارع الطامي جزيرة ياس أبو ظبي",
        "stationType": 3,
        "regionCode": "AE-ABU-DHABI",
        "OBJECTID": 378,
        "landmark": ""
      }
    },
    {
      "type": "Feature",
      "id": 378,
      "geometry": {
        "type": "Point",
        "coordinates": [
          54.575127566000049,
          24.500808142000039,
          0
        ]
      },
      "properties": {
        "FID": 378,
        "X": 54.575127999999999,
        "Y": 24.5008081416,
        "name": "محطة شارع الميان / شارع الربابة جزيرة ياس أبو ظبي",
        "zones": "جزيرة ياس",
        "direction": "أ",
        "description": "محطة شارع الميان / شارع الربابة جزيرة ياس أبو ظبي",
        "stationType": 3,
        "regionCode": "AE-ABU-DHABI",
        "OBJECTID": 379,
        "landmark": ""
      }
    },
    {
      "type": "Feature",
      "id": 379,
      "geometry": {
        "type": "Point",
        "coordinates": [
          54.576504200000045,
          24.500008859000047,
          0
        ]
      },
      "properties": {
        "FID": 379,
        "X": 54.576504,
        "Y": 24.500008858699999,
        "name": "محطة شارع الش\u0651\u0650ر\u0650ين جزيرة ياس أبو ظبي",
        "zones": "جزيرة ياس",
        "direction": "أ",
        "description": "شارع الش\u0651\u0650ر\u0650ين جزيرة ياس أبو ظبي",
        "stationType": 3,
        "regionCode": "AE-ABU-DHABI",
        "OBJECTID": 380,
        "landmark": ""
      }
    },
    {
      "type": "Feature",
      "id": 380,
      "geometry": {
        "type": "Point",
        "coordinates": [
          54.599874472000067,
          24.495787909000057,
          0
        ]
      },
      "properties": {
        "FID": 380,
        "X": 54.599874,
        "Y": 24.495787908899999,
        "name": "محطة مبنى A3، سكن موظفي الدار  جزيرة ياس أبو ظبي",
        "zones": "جزيرة ياس",
        "direction": "أ",
        "description": "مبنى A3، سكن موظفي الدار  جزيرة ياس أبو ظبي",
        "stationType": 3,
        "regionCode": "AE-ABU-DHABI",
        "OBJECTID": 381,
        "landmark": ""
      }
    },
    {
      "type": "Feature",
      "id": 381,
      "geometry": {
        "type": "Point",
        "coordinates": [
          54.591104156000029,
          24.503085952000049,
          0
        ]
      },
      "properties": {
        "FID": 381,
        "X": 54.591104000000001,
        "Y": 24.503085952399999,
        "name": "محطة قرية ياس جزيرة ياس أبو ظبي",
        "zones": "جزيرة ياس",
        "direction": "أ",
        "description": "قرية ياس جزيرة ياس أبو ظبي",
        "stationType": 3,
        "regionCode": "AE-ABU-DHABI",
        "OBJECTID": 382,
        "landmark": ""
      }
    },
    {
      "type": "Feature",
      "id": 382,
      "geometry": {
        "type": "Point",
        "coordinates": [
          54.600051458000053,
          24.502569597000047,
          0
        ]
      },
      "properties": {
        "FID": 382,
        "X": 54.600051000000001,
        "Y": 24.502569597099999,
        "name": "محطة شارع وادي مي / شارع الأجناد",
        "zones": "جزيرة ياس",
        "direction": "أ",
        "description": "شارع وادي مي / شارع الأجناد",
        "stationType": 3,
        "regionCode": "AE-ABU-DHABI",
        "OBJECTID": 383,
        "landmark": ""
      }
    },
    {
      "type": "Feature",
      "id": 383,
      "geometry": {
        "type": "Point",
        "coordinates": [
          54.597258793000037,
          24.501062869000066,
          0
        ]
      },
      "properties": {
        "FID": 383,
        "X": 54.597259000000001,
        "Y": 24.5010628689,
        "name": "محطة شارع سكمكم جزيرة ياس أبو ظبي",
        "zones": "جزيرة ياس",
        "direction": "أ",
        "description": "شارع سكمكم",
        "stationType": 3,
        "regionCode": "AE-ABU-DHABI",
        "OBJECTID": 384,
        "landmark": ""
      }
    },
    {
      "type": "Feature",
      "id": 384,
      "geometry": {
        "type": "Point",
        "coordinates": [
          54.599182585000051,
          24.500533849000078,
          0
        ]
      },
      "properties": {
        "FID": 384,
        "X": 54.599182999999996,
        "Y": 24.500533848700002,
        "name": "محطة شارع سكمكم جزيرة ياس أبو ظبي / شارع الأجناد",
        "zones": "جزيرة ياس",
        "direction": "أ",
        "description": "شارع سكمكم جزيرة ياس أبو ظبي / شارع الأجناد",
        "stationType": 3,
        "regionCode": "AE-ABU-DHABI",
        "OBJECTID": 385,
        "landmark": ""
      }
    },
    {
      "type": "Feature",
      "id": 385,
      "geometry": {
        "type": "Point",
        "coordinates": [
          54.595236169000032,
          24.502637355000047,
          0
        ]
      },
      "properties": {
        "FID": 385,
        "X": 54.595236,
        "Y": 24.502637355499999,
        "name": "محطة  شارع إزهرا جزيرة ياس أبو ظبي",
        "zones": "جزيرة ياس",
        "direction": "ب",
        "description": " شارع إزهرا",
        "stationType": 3,
        "regionCode": "AE-ABU-DHABI",
        "OBJECTID": 386,
        "landmark": ""
      }
    },
    {
      "type": "Feature",
      "id": 386,
      "geometry": {
        "type": "Point",
        "coordinates": [
          54.597029372000065,
          24.503270695000026,
          0
        ]
      },
      "properties": {
        "FID": 386,
        "X": 54.597028999999999,
        "Y": 24.503270695200001,
        "name": "محطة  شارع واد\u0650ي م\u064Eي جزيرة ياس أبو ظبي / شارع الإجزال",
        "zones": "جزيرة ياس",
        "direction": "ب",
        "description": " شارع واد\u0650ي م\u064Eي",
        "stationType": 3,
        "regionCode": "AE-ABU-DHABI",
        "OBJECTID": 387,
        "landmark": ""
      }
    },
    {
      "type": "Feature",
      "id": 387,
      "geometry": {
        "type": "Point",
        "coordinates": [
          54.594838156000037,
          24.500744486000031,
          0
        ]
      },
      "properties": {
        "FID": 387,
        "X": 54.594838000000003,
        "Y": 24.5007444863,
        "name": "محطة  شارع إزهرا جزيرة ياس أبو ظبي",
        "zones": "جزيرة ياس",
        "direction": "أ",
        "description": " شارع إزهرا",
        "stationType": 3,
        "regionCode": "AE-ABU-DHABI",
        "OBJECTID": 388,
        "landmark": ""
      }
    },
    {
      "type": "Feature",
      "id": 388,
      "geometry": {
        "type": "Point",
        "coordinates": [
          54.600001310000039,
          24.50469001700003,
          0
        ]
      },
      "properties": {
        "FID": 388,
        "X": 54.600000999999999,
        "Y": 24.504690017200002,
        "name": "محطة شارع الج\u0650ياد / شارع الأجناد",
        "zones": "جزيرة ياس",
        "direction": "أ",
        "description": "شارع الج\u0650ياد / شارع الأجناد",
        "stationType": 3,
        "regionCode": "AE-ABU-DHABI",
        "OBJECTID": 389,
        "landmark": ""
      }
    },
    {
      "type": "Feature",
      "id": 389,
      "geometry": {
        "type": "Point",
        "coordinates": [
          54.602196488000061,
          24.50441801900007,
          0
        ]
      },
      "properties": {
        "FID": 389,
        "X": 54.602195999999999,
        "Y": 24.504418018900001,
        "name": "محطة شارع إزه\u064Eرا / شارع الج\u0650ياد",
        "zones": "جزيرة ياس",
        "direction": "أ",
        "description": "شارع إزه\u064Eرا / شارع الج\u0650ياد",
        "stationType": 3,
        "regionCode": "AE-ABU-DHABI",
        "OBJECTID": 390,
        "landmark": ""
      }
    },
    {
      "type": "Feature",
      "id": 390,
      "geometry": {
        "type": "Point",
        "coordinates": [
          54.601040867000052,
          24.50605149200004,
          0
        ]
      },
      "properties": {
        "FID": 390,
        "X": 54.601041000000002,
        "Y": 24.506051492000001,
        "name": "محطة شارع الرباب / شارع الأبراج",
        "zones": "جزيرة ياس",
        "direction": "أ",
        "description": "شارع الرباب / شارع الأبراج",
        "stationType": 3,
        "regionCode": "AE-ABU-DHABI",
        "OBJECTID": 391,
        "landmark": ""
      }
    },
    {
      "type": "Feature",
      "id": 391,
      "geometry": {
        "type": "Point",
        "coordinates": [
          54.601049466000063,
          24.507676391000075,
          0
        ]
      },
      "properties": {
        "FID": 391,
        "X": 54.601049000000003,
        "Y": 24.507676391499999,
        "name": "محطة شارع الرباب / مدرسة الشويفات الدولية",
        "zones": "جزيرة ياس",
        "direction": "أ",
        "description": "شارع الرباب / مدرسة الشويفات الدولية",
        "stationType": 3,
        "regionCode": "AE-ABU-DHABI",
        "OBJECTID": 392,
        "landmark": ""
      }
    },
    {
      "type": "Feature",
      "id": 392,
      "geometry": {
        "type": "Point",
        "coordinates": [
          54.600592568000081,
          24.509916713000052,
          0
        ]
      },
      "properties": {
        "FID": 392,
        "X": 54.600593000000003,
        "Y": 24.509916713199999,
        "name": "محطة شارع الرباب / شارع الرماق",
        "zones": "جزيرة ياس",
        "direction": "أ",
        "description": "شارع الرباب / شارع الرماق",
        "stationType": 3,
        "regionCode": "AE-ABU-DHABI",
        "OBJECTID": 393,
        "landmark": ""
      }
    },
    {
      "type": "Feature",
      "id": 393,
      "geometry": {
        "type": "Point",
        "coordinates": [
          54.601508804000048,
          24.500110491000044,
          0
        ]
      },
      "properties": {
        "FID": 393,
        "X": 54.601509,
        "Y": 24.500110490899999,
        "name": "محطة شارع الاحتفال / شارع سكمكم",
        "zones": "جزيرة ياس",
        "direction": "أ",
        "description": "شارع الاحتفال / شارع سكمكم",
        "stationType": 3,
        "regionCode": "AE-ABU-DHABI",
        "OBJECTID": 394,
        "landmark": ""
      }
    },
    {
      "type": "Feature",
      "id": 394,
      "geometry": {
        "type": "Point",
        "coordinates": [
          54.631534446000046,
          24.43489795000005,
          0
        ]
      },
      "properties": {
        "FID": 394,
        "X": 54.631534000000002,
        "Y": 24.4348979502,
        "name": "محطة شارع الض\u0651\u0650يافة / طيران الرئاسة",
        "zones": "المطار",
        "direction": "أ",
        "description": "شارع الض\u0651\u0650يافة / الاتحاد للطيران الهندسية",
        "stationType": 3,
        "regionCode": "AE-ABU-DHABI",
        "OBJECTID": 395,
        "landmark": ""
      }
    },
    {
      "type": "Feature",
      "id": 395,
      "geometry": {
        "type": "Point",
        "coordinates": [
          54.587326339000072,
          24.436347308000052,
          0
        ]
      },
      "properties": {
        "FID": 395,
        "X": 54.587325999999997,
        "Y": 24.4363473083,
        "name": "محطة شارع المريف / مسجد سعيد محمد الكليلي",
        "zones": "مدينة خليفة",
        "direction": "ب",
        "description": "شارع المريف / مسجد سعيد محمد الكليلي",
        "stationType": 3,
        "regionCode": "AE-ABU-DHABI",
        "OBJECTID": 396,
        "landmark": ""
      }
    },
    {
      "type": "Feature",
      "id": 396,
      "geometry": {
        "type": "Point",
        "coordinates": [
          54.43142972000004,
          24.541374740000037,
          0
        ]
      },
      "properties": {
        "FID": 396,
        "X": 54.431429999999999,
        "Y": 24.541374739799998,
        "name": "محطة شارع شاطئ السعديات / فندف بارك حياة (1)",
        "zones": "جزيرة السعادة",
        "direction": "أ",
        "description": "شارع شاطئ السعديات / فندف بارك حياة",
        "stationType": 3,
        "regionCode": "AE-ABU-DHABI",
        "OBJECTID": 397,
        "landmark": ""
      }
    },
    {
      "type": "Feature",
      "id": 397,
      "geometry": {
        "type": "Point",
        "coordinates": [
          54.432548103000045,
          24.541691644000025,
          0
        ]
      },
      "properties": {
        "FID": 397,
        "X": 54.432547999999997,
        "Y": 24.541691644499998,
        "name": "محطة شارع شاطئ السعديات / فندف بارك حياة (1)",
        "zones": "جزيرة السعادة",
        "direction": "ب",
        "description": "شارع شاطئ السعديات / فندف بارك حياة",
        "stationType": 3,
        "regionCode": "AE-ABU-DHABI",
        "OBJECTID": 398,
        "landmark": ""
      }
    },
    {
      "type": "Feature",
      "id": 398,
      "geometry": {
        "type": "Point",
        "coordinates": [
          54.436376943000027,
          24.544581866000044,
          0
        ]
      },
      "properties": {
        "FID": 398,
        "X": 54.436377,
        "Y": 24.5445818659,
        "name": "فندق وفلل بارك حياة أبوظبي",
        "zones": "جزيرة السعادة",
        "direction": "أ",
        "description": "فندق وفلل بارك حياة أبوظبي",
        "stationType": 3,
        "regionCode": "AE-ABU-DHABI",
        "OBJECTID": 399,
        "landmark": ""
      }
    },
    {
      "type": "Feature",
      "id": 399,
      "geometry": {
        "type": "Point",
        "coordinates": [
          54.433063159000028,
          24.542079497000032,
          0
        ]
      },
      "properties": {
        "FID": 399,
        "X": 54.433062999999997,
        "Y": 24.5420794966,
        "name": "محطة كلوب برايف من ريكسوس جزيرة السعديات",
        "zones": "جزيرة السعادة",
        "direction": "أ",
        "description": "كلوب برايف من ريكسوس جزيرة السعديات",
        "stationType": 3,
        "regionCode": "AE-ABU-DHABI",
        "OBJECTID": 400,
        "landmark": ""
      }
    },
    {
      "type": "Feature",
      "id": 400,
      "geometry": {
        "type": "Point",
        "coordinates": [
          54.434644312000046,
          24.543415144000051,
          0
        ]
      },
      "properties": {
        "FID": 400,
        "X": 54.434643999999999,
        "Y": 24.543415143899999,
        "name": "محطة كلوب برايف من ريكسوس جزيرة السعديات",
        "zones": "جزيرة السعادة",
        "direction": "ب",
        "description": "كلوب برايف من ريكسوس جزيرة السعديات",
        "stationType": 3,
        "regionCode": "AE-ABU-DHABI",
        "OBJECTID": 401,
        "landmark": ""
      }
    },
    {
      "type": "Feature",
      "id": 401,
      "geometry": {
        "type": "Point",
        "coordinates": [
          54.428082398000072,
          24.534719901000074,
          0
        ]
      },
      "properties": {
        "FID": 401,
        "X": 54.428082000000003,
        "Y": 24.534719900900001,
        "name": "محطة شاطئ السعديات",
        "zones": "جزيرة السعادة",
        "direction": "أ",
        "description": "فلل شاطئ السعديات",
        "stationType": 3,
        "regionCode": "AE-ABU-DHABI",
        "OBJECTID": 402,
        "landmark": ""
      }
    },
    {
      "type": "Feature",
      "id": 402,
      "geometry": {
        "type": "Point",
        "coordinates": [
          54.453985235000061,
          24.550683968000044,
          0
        ]
      },
      "properties": {
        "FID": 402,
        "X": 54.453985000000003,
        "Y": 24.5506839681,
        "name": "محطة شارع الظبا / مساكن شاطئ السعديات",
        "zones": "جزيرة السعادة",
        "direction": "أ",
        "description": "شارع الظبا / مساكن شاطئ السعديات",
        "stationType": 3,
        "regionCode": "AE-ABU-DHABI",
        "OBJECTID": 403,
        "landmark": ""
      }
    },
    {
      "type": "Feature",
      "id": 403,
      "geometry": {
        "type": "Point",
        "coordinates": [
          54.453397602000052,
          24.551441226000065,
          0
        ]
      },
      "properties": {
        "FID": 403,
        "X": 54.453398,
        "Y": 24.5514412257,
        "name": "محطة شارع الظبا / مساكن شاطئ السعديات",
        "zones": "جزيرة السعادة",
        "direction": "ب",
        "description": "شارع الظبا / مساكن شاطئ السعديات",
        "stationType": 3,
        "regionCode": "AE-ABU-DHABI",
        "OBJECTID": 404,
        "landmark": ""
      }
    },
    {
      "type": "Feature",
      "id": 404,
      "geometry": {
        "type": "Point",
        "coordinates": [
          54.454836795000062,
          24.55640263600003,
          0
        ]
      },
      "properties": {
        "FID": 404,
        "X": 54.454836999999998,
        "Y": 24.556402635600001,
        "name": "محطة شارع الظبا / مساكن اللؤلؤة",
        "zones": "جزيرة السعادة",
        "direction": "أ",
        "description": "شارع الظبا / مساكن اللؤلؤة",
        "stationType": 3,
        "regionCode": "AE-ABU-DHABI",
        "OBJECTID": 405,
        "landmark": ""
      }
    },
    {
      "type": "Feature",
      "id": 405,
      "geometry": {
        "type": "Point",
        "coordinates": [
          54.455715892000057,
          24.556850723000025,
          0
        ]
      },
      "properties": {
        "FID": 405,
        "X": 54.455716000000002,
        "Y": 24.556850722899998,
        "name": "محطة شارع الظبا / مساكن اللؤلؤة",
        "zones": "جزيرة السعادة",
        "direction": "ب",
        "description": "شارع الظبا / مساكن اللؤلؤة",
        "stationType": 3,
        "regionCode": "AE-ABU-DHABI",
        "OBJECTID": 406,
        "landmark": ""
      }
    },
    {
      "type": "Feature",
      "id": 406,
      "geometry": {
        "type": "Point",
        "coordinates": [
          54.451016459000073,
          24.553052669000067,
          0
        ]
      },
      "properties": {
        "FID": 406,
        "X": 54.451016000000003,
        "Y": 24.553052668700001,
        "name": "محطة شارع الجوري / فلل شاطئ السعديات المركزية",
        "zones": "جزيرة السعادة",
        "direction": "أ",
        "description": "شارع الجوري / فلل شاطئ السعديات المركزية",
        "stationType": 3,
        "regionCode": "AE-ABU-DHABI",
        "OBJECTID": 407,
        "landmark": ""
      }
    },
    {
      "type": "Feature",
      "id": 407,
      "geometry": {
        "type": "Point",
        "coordinates": [
          54.450273693000042,
          24.55318451100004,
          0
        ]
      },
      "properties": {
        "FID": 407,
        "X": 54.450274,
        "Y": 24.5531845111,
        "name": "محطة شارع الجوري / فلل شاطئ السعديات المركزية",
        "zones": "جزيرة السعادة",
        "direction": "ب",
        "description": "شارع الجوري / فلل شاطئ السعديات المركزية",
        "stationType": 3,
        "regionCode": "AE-ABU-DHABI",
        "OBJECTID": 408,
        "landmark": ""
      }
    },
    {
      "type": "Feature",
      "id": 408,
      "geometry": {
        "type": "Point",
        "coordinates": [
          54.450441086000069,
          24.557104514000059,
          0
        ]
      },
      "properties": {
        "FID": 408,
        "X": 54.450440999999998,
        "Y": 24.557104513900001,
        "name": "محطة شارع التلال / نادي شاطئ السعديات",
        "zones": "جزيرة السعادة",
        "direction": "أ",
        "description": "شارع التلال / نادي شاطئ السعديات",
        "stationType": 3,
        "regionCode": "AE-ABU-DHABI",
        "OBJECTID": 409,
        "landmark": ""
      }
    },
    {
      "type": "Feature",
      "id": 409,
      "geometry": {
        "type": "Point",
        "coordinates": [
          54.451111910000066,
          24.55760325600005,
          0
        ]
      },
      "properties": {
        "FID": 409,
        "X": 54.451112000000002,
        "Y": 24.557603256499998,
        "name": "محطة شارع التلال / نادي شاطئ السعديات",
        "zones": "جزيرة السعادة",
        "direction": "ب",
        "description": "شارع التلال / نادي شاطئ السعديات",
        "stationType": 3,
        "regionCode": "AE-ABU-DHABI",
        "OBJECTID": 410,
        "landmark": ""
      }
    },
    {
      "type": "Feature",
      "id": 410,
      "geometry": {
        "type": "Point",
        "coordinates": [
          54.453133584000057,
          24.560110507000047,
          0
        ]
      },
      "properties": {
        "FID": 410,
        "X": 54.453133999999999,
        "Y": 24.560110507099999,
        "name": "محطة شارع التلال / شاطئ السعديات فندق جميرا",
        "zones": "جزيرة السعادة",
        "direction": "أ",
        "description": "شارع التلال / شاطئ السعديات فندق جميرا",
        "stationType": 3,
        "regionCode": "AE-ABU-DHABI",
        "OBJECTID": 411,
        "landmark": ""
      }
    },
    {
      "type": "Feature",
      "id": 411,
      "geometry": {
        "type": "Point",
        "coordinates": [
          54.453989303000071,
          24.560251335000032,
          0
        ]
      },
      "properties": {
        "FID": 411,
        "X": 54.453989,
        "Y": 24.560251334899998,
        "name": "محطة شارع التلال / شاطئ السعديات فندق جميرا",
        "zones": "جزيرة السعادة",
        "direction": "ب",
        "description": "شارع التلال / شاطئ السعديات فندق جميرا",
        "stationType": 3,
        "regionCode": "AE-ABU-DHABI",
        "OBJECTID": 412,
        "landmark": ""
      }
    },
    {
      "type": "Feature",
      "id": 412,
      "geometry": {
        "type": "Point",
        "coordinates": [
          54.458086192000053,
          24.56409330200006,
          0
        ]
      },
      "properties": {
        "FID": 412,
        "X": 54.458086000000002,
        "Y": 24.564093302,
        "name": "محطة شارع الظبا / مساكن الشروق",
        "zones": "جزيرة السعادة",
        "direction": "ب",
        "description": "شارع الظبا / مساكن الشروق",
        "stationType": 3,
        "regionCode": "AE-ABU-DHABI",
        "OBJECTID": 413,
        "landmark": ""
      }
    },
    {
      "type": "Feature",
      "id": 413,
      "geometry": {
        "type": "Point",
        "coordinates": [
          54.458285870000054,
          24.563979337000035,
          0
        ]
      },
      "properties": {
        "FID": 413,
        "X": 54.458286000000001,
        "Y": 24.563979337199999,
        "name": "محطة شارع الظبا / مساكن الشروق",
        "zones": "جزيرة السعادة",
        "direction": "أ",
        "description": "شارع الظبا / مساكن الشروق",
        "stationType": 3,
        "regionCode": "AE-ABU-DHABI",
        "OBJECTID": 414,
        "landmark": ""
      }
    },
    {
      "type": "Feature",
      "id": 414,
      "geometry": {
        "type": "Point",
        "coordinates": [
          54.458973146000062,
          24.566111990000024,
          0
        ]
      },
      "properties": {
        "FID": 414,
        "X": 54.458973,
        "Y": 24.566111990100001,
        "name": "محطة شارع الظبا / حد السعديات",
        "zones": "جزيرة السعادة",
        "direction": "أ",
        "description": "شارع الظبا / حد السعديات",
        "stationType": 3,
        "regionCode": "AE-ABU-DHABI",
        "OBJECTID": 415,
        "landmark": ""
      }
    },
    {
      "type": "Feature",
      "id": 415,
      "geometry": {
        "type": "Point",
        "coordinates": [
          54.457989490000045,
          24.565950977000057,
          0
        ]
      },
      "properties": {
        "FID": 415,
        "X": 54.457988999999998,
        "Y": 24.5659509768,
        "name": "محطة شارع الظبا / حد السعديات",
        "zones": "جزيرة السعادة",
        "direction": "ب",
        "description": "شارع الظبا / حد السعديات",
        "stationType": 3,
        "regionCode": "AE-ABU-DHABI",
        "OBJECTID": 416,
        "landmark": ""
      }
    },
    {
      "type": "Feature",
      "id": 416,
      "geometry": {
        "type": "Point",
        "coordinates": [
          54.433110015000068,
          24.523776220000059,
          0
        ]
      },
      "properties": {
        "FID": 416,
        "X": 54.433109999999999,
        "Y": 24.5237762203,
        "name": "محطة جامعة نيويورك السعديات 1",
        "zones": "جزيرة السعادة",
        "direction": "أ",
        "description": "جامعة نيويورك السعديات (1)",
        "stationType": 3,
        "regionCode": "AE-ABU-DHABI",
        "OBJECTID": 417,
        "landmark": ""
      }
    },
    {
      "type": "Feature",
      "id": 417,
      "geometry": {
        "type": "Point",
        "coordinates": [
          54.432673325000053,
          24.523904171000027,
          0
        ]
      },
      "properties": {
        "FID": 417,
        "X": 54.432673000000001,
        "Y": 24.523904170800002,
        "name": "محطة جامعة نيويورك السعديات 1",
        "zones": "جزيرة السعادة",
        "direction": "ب",
        "description": "جامعة نيويورك السعديات (1)",
        "stationType": 3,
        "regionCode": "AE-ABU-DHABI",
        "OBJECTID": 418,
        "landmark": ""
      }
    },
    {
      "type": "Feature",
      "id": 418,
      "geometry": {
        "type": "Point",
        "coordinates": [
          54.434216868000078,
          24.522711976000039,
          0
        ]
      },
      "properties": {
        "FID": 418,
        "X": 54.434216999999997,
        "Y": 24.522711976099998,
        "name": "محطة جامعة نيويورك السعديات 2",
        "zones": "جزيرة السعادة",
        "direction": "أ",
        "description": "جامعة نيويورك السعديات( 2)",
        "stationType": 3,
        "regionCode": "AE-ABU-DHABI",
        "OBJECTID": 419,
        "landmark": ""
      }
    },
    {
      "type": "Feature",
      "id": 419,
      "geometry": {
        "type": "Point",
        "coordinates": [
          54.434473508000053,
          24.522219930000063,
          0
        ]
      },
      "properties": {
        "FID": 419,
        "X": 54.434474000000002,
        "Y": 24.5222199297,
        "name": "محطة جامعة نيويورك السعديات 2",
        "zones": "جزيرة السعادة",
        "direction": "ب",
        "description": "جامعة نيويورك السعديات( 2)",
        "stationType": 3,
        "regionCode": "AE-ABU-DHABI",
        "OBJECTID": 420,
        "landmark": ""
      }
    },
    {
      "type": "Feature",
      "id": 420,
      "geometry": {
        "type": "Point",
        "coordinates": [
          54.439316505000079,
          24.518863452000062,
          0
        ]
      },
      "properties": {
        "FID": 420,
        "X": 54.439317000000003,
        "Y": 24.518863452000002,
        "name": "محطة مدرسة المجتمع الأمريكي (ACS) - سادياث، نيويورك",
        "zones": "جزيرة السعادة",
        "direction": "أ",
        "description": "مدرسة المجتمع الأمريكي (ACS) - سادياث، نيويورك - بوابة إنزال الطلاب رقم (1)",
        "stationType": 3,
        "regionCode": "AE-ABU-DHABI",
        "OBJECTID": 421,
        "landmark": ""
      }
    },
    {
      "type": "Feature",
      "id": 421,
      "geometry": {
        "type": "Point",
        "coordinates": [
          54.435745607000058,
          24.521275818000049,
          0
        ]
      },
      "properties": {
        "FID": 421,
        "X": 54.435746000000002,
        "Y": 24.521275817900001,
        "name": "محطة جامعة نيويورك السعديات 3",
        "zones": "جزيرة السعادة",
        "direction": "أ",
        "description": "جامعة نيويورك السعديات (3)",
        "stationType": 3,
        "regionCode": "AE-ABU-DHABI",
        "OBJECTID": 422,
        "landmark": ""
      }
    },
    {
      "type": "Feature",
      "id": 422,
      "geometry": {
        "type": "Point",
        "coordinates": [
          54.415788927000051,
          24.536161321000066,
          0
        ]
      },
      "properties": {
        "FID": 422,
        "X": 54.415788999999997,
        "Y": 24.536161321200002,
        "name": "محطة مجمع نودرا سعديات",
        "zones": "جزيرة السعادة",
        "direction": "أ",
        "description": "نودرا سعديات",
        "stationType": 3,
        "regionCode": "AE-ABU-DHABI",
        "OBJECTID": 423,
        "landmark": ""
      }
    },
    {
      "type": "Feature",
      "id": 423,
      "geometry": {
        "type": "Point",
        "coordinates": [
          54.423882503000073,
          24.533113822000075,
          0
        ]
      },
      "properties": {
        "FID": 423,
        "X": 54.423882999999996,
        "Y": 24.533113822299999,
        "name": "محطة جزيرة السعديات / شارع لفان",
        "zones": "جزيرة السعادة",
        "direction": "أ",
        "description": "جزيرة السعديات / شارع لفان",
        "stationType": 3,
        "regionCode": "AE-ABU-DHABI",
        "OBJECTID": 424,
        "landmark": ""
      }
    },
    {
      "type": "Feature",
      "id": 424,
      "geometry": {
        "type": "Point",
        "coordinates": [
          54.411807404000058,
          24.534017122000023,
          0
        ]
      },
      "properties": {
        "FID": 424,
        "X": 54.411807000000003,
        "Y": 24.534017121600002,
        "name": "محطة مركز شرطة السعديات أبوظبي",
        "zones": "جزيرة السعادة",
        "direction": "أ",
        "description": "مركز شرطة السعديات أبوظبي",
        "stationType": 3,
        "regionCode": "AE-ABU-DHABI",
        "OBJECTID": 425,
        "landmark": ""
      }
    },
    {
      "type": "Feature",
      "id": 425,
      "geometry": {
        "type": "Point",
        "coordinates": [
          54.404051553000045,
          24.499523453000052,
          0
        ]
      },
      "properties": {
        "FID": 425,
        "X": 54.404052,
        "Y": 24.4995234533,
        "name": "محطة مارينا باي",
        "zones": "طموح",
        "direction": "أ",
        "description": "محطة مارينا باي",
        "stationType": 3,
        "regionCode": "AE-ABU-DHABI",
        "OBJECTID": 426,
        "landmark": ""
      }
    },
    {
      "type": "Feature",
      "id": 426,
      "geometry": {
        "type": "Point",
        "coordinates": [
          54.413257287000079,
          24.491666799000029,
          0
        ]
      },
      "properties": {
        "FID": 426,
        "X": 54.413257000000002,
        "Y": 24.491666799200001,
        "name": "محطة مستشفى الريم - طب الأسرة",
        "zones": "طموح",
        "direction": "أ",
        "description": "مستشفى الريم - طب الأسرة",
        "stationType": 3,
        "regionCode": "AE-ABU-DHABI",
        "OBJECTID": 427,
        "landmark": ""
      }
    },
    {
      "type": "Feature",
      "id": 427,
      "geometry": {
        "type": "Point",
        "coordinates": [
          54.410013211000035,
          24.499806413000044,
          0
        ]
      },
      "properties": {
        "FID": 427,
        "X": 54.410012999999999,
        "Y": 24.4998064133,
        "name": "محطة شارع بالشعوم / أبراج الشاطئ",
        "zones": "شمس ابو ظبي",
        "direction": "أ",
        "description": "شارع بالشعوم / أبراج الشاطئ",
        "stationType": 3,
        "regionCode": "AE-ABU-DHABI",
        "OBJECTID": 428,
        "landmark": ""
      }
    },
    {
      "type": "Feature",
      "id": 428,
      "geometry": {
        "type": "Point",
        "coordinates": [
          54.406582943000046,
          24.507383136000044,
          0
        ]
      },
      "properties": {
        "FID": 428,
        "X": 54.406582999999998,
        "Y": 24.5073831363,
        "name": "محطة مدرسة ريبتون ابو ظبي روز كامبس",
        "zones": "شمس ابو ظبي",
        "direction": "أ",
        "description": "مدرسة ريبتون ابو ظبي روز كامبس",
        "stationType": 3,
        "regionCode": "AE-ABU-DHABI",
        "OBJECTID": 429,
        "landmark": ""
      }
    },
    {
      "type": "Feature",
      "id": 429,
      "geometry": {
        "type": "Point",
        "coordinates": [
          54.405900926000072,
          24.507930995000038,
          0
        ]
      },
      "properties": {
        "FID": 429,
        "X": 54.405901,
        "Y": 24.507930995500001,
        "name": "محطة مدرسة ريبتون ابو ظبي روز كامبس",
        "zones": "شمس ابو ظبي",
        "direction": "ب",
        "description": "مدرسة ريبتون ابو ظبي روز كامبس",
        "stationType": 3,
        "regionCode": "AE-ABU-DHABI",
        "OBJECTID": 430,
        "landmark": ""
      }
    },
    {
      "type": "Feature",
      "id": 430,
      "geometry": {
        "type": "Point",
        "coordinates": [
          54.405346009000027,
          24.511414347000027,
          0
        ]
      },
      "properties": {
        "FID": 430,
        "X": 54.405346000000002,
        "Y": 24.511414347500001,
        "name": "محطة شارع بالشعوم / الريم شمس",
        "zones": "شمس ابو ظبي",
        "direction": "أ",
        "description": "شارع بالشعوم / الريم شمس",
        "stationType": 3,
        "regionCode": "AE-ABU-DHABI",
        "OBJECTID": 431,
        "landmark": ""
      }
    },
    {
      "type": "Feature",
      "id": 431,
      "geometry": {
        "type": "Point",
        "coordinates": [
          54.40477508400005,
          24.509915307000028,
          0
        ]
      },
      "properties": {
        "FID": 431,
        "X": 54.404775000000001,
        "Y": 24.509915307,
        "name": "محطة برج البيد",
        "zones": "شمس ابو ظبي",
        "direction": "أ",
        "description": "برج البيد",
        "stationType": 3,
        "regionCode": "AE-ABU-DHABI",
        "OBJECTID": 432,
        "landmark": ""
      }
    },
    {
      "type": "Feature",
      "id": 432,
      "geometry": {
        "type": "Point",
        "coordinates": [
          54.408742829000062,
          24.511247101000038,
          0
        ]
      },
      "properties": {
        "FID": 432,
        "X": 54.408743000000001,
        "Y": 24.5112471011,
        "name": "محطة شارع الض\u0651\u0650فاف / الريم شمس",
        "zones": "شمس ابو ظبي",
        "direction": "أ",
        "description": "شارع الض\u0651\u0650فاف / الريم شمس",
        "stationType": 3,
        "regionCode": "AE-ABU-DHABI",
        "OBJECTID": 433,
        "landmark": ""
      }
    },
    {
      "type": "Feature",
      "id": 433,
      "geometry": {
        "type": "Point",
        "coordinates": [
          54.407326734000037,
          24.511033230000066,
          0
        ]
      },
      "properties": {
        "FID": 433,
        "X": 54.407327000000002,
        "Y": 24.511033229999999,
        "name": "محطة شارع الم\u064Eلال\u0650يح / الريم شمس",
        "zones": "شمس ابو ظبي",
        "direction": "ب",
        "description": "شارع الم\u064Eلال\u0650يح / الريم شمس",
        "stationType": 3,
        "regionCode": "AE-ABU-DHABI",
        "OBJECTID": 434,
        "landmark": ""
      }
    },
    {
      "type": "Feature",
      "id": 434,
      "geometry": {
        "type": "Point",
        "coordinates": [
          54.405223298000067,
          24.529860479000035,
          0
        ]
      },
      "properties": {
        "FID": 434,
        "X": 54.405222999999999,
        "Y": 24.529860478900002,
        "name": "محطة شارع جاك شيراك/ تيم لاب فينومينا أبوظبي",
        "zones": "جزيرة السعادة",
        "direction": "أ",
        "description": "شارع جاك شيراك/ تيم لاب فينومينا أبوظبي",
        "stationType": 3,
        "regionCode": "AE-ABU-DHABI",
        "OBJECTID": 435,
        "landmark": ""
      }
    },
    {
      "type": "Feature",
      "id": 435,
      "geometry": {
        "type": "Point",
        "coordinates": [
          54.406265437000059,
          24.528118429000074,
          0
        ]
      },
      "properties": {
        "FID": 435,
        "X": 54.406264999999998,
        "Y": 24.528118429399999,
        "name": "محطة مركز الفضول",
        "zones": "جزيرة السعادة",
        "direction": "أ",
        "description": "مركز الفضول",
        "stationType": 3,
        "regionCode": "AE-ABU-DHABI",
        "OBJECTID": 436,
        "landmark": ""
      }
    },
    {
      "type": "Feature",
      "id": 436,
      "geometry": {
        "type": "Point",
        "coordinates": [
          54.400741217000075,
          24.535270786000069,
          0
        ]
      },
      "properties": {
        "FID": 436,
        "X": 54.400740999999996,
        "Y": 24.5352707857,
        "name": "محطة شارع جاك شيراك / اللوفر السعديات",
        "zones": "جزيرة السعادة",
        "direction": "أ",
        "description": "شارع جاك شيراك / اللوفر السعديات",
        "stationType": 3,
        "regionCode": "AE-ABU-DHABI",
        "OBJECTID": 437,
        "landmark": ""
      }
    },
    {
      "type": "Feature",
      "id": 437,
      "geometry": {
        "type": "Point",
        "coordinates": [
          54.401081025000053,
          24.535538385000052,
          0
        ]
      },
      "properties": {
        "FID": 437,
        "X": 54.401080999999998,
        "Y": 24.535538385500001,
        "name": "محطة شارع جاك شيراك / اللوفر السعديات",
        "zones": "جزيرة السعادة",
        "direction": "ب",
        "description": "شارع جاك شيراك / اللوفر السعديات",
        "stationType": 3,
        "regionCode": "AE-ABU-DHABI",
        "OBJECTID": 438,
        "landmark": ""
      }
    },
    {
      "type": "Feature",
      "id": 438,
      "geometry": {
        "type": "Point",
        "coordinates": [
          54.404747640000039,
          24.532839747000025,
          0
        ]
      },
      "properties": {
        "FID": 438,
        "X": 54.404747999999998,
        "Y": 24.532839746800001,
        "name": "محطة متحف زايد الوطني",
        "zones": "جزيرة السعادة",
        "direction": "أ",
        "description": "متحف زايد الوطني",
        "stationType": 3,
        "regionCode": "AE-ABU-DHABI",
        "OBJECTID": 439,
        "landmark": ""
      }
    },
    {
      "type": "Feature",
      "id": 439,
      "geometry": {
        "type": "Point",
        "coordinates": [
          54.397546566000074,
          24.53851899600005,
          0
        ]
      },
      "properties": {
        "FID": 439,
        "X": 54.397547000000003,
        "Y": 24.538518996299999,
        "name": "محطة متحف غوغنهايم أبوظبي",
        "zones": "جزيرة السعادة",
        "direction": "أ",
        "description": "متحف غوغنهايم أبوظبي",
        "stationType": 3,
        "regionCode": "AE-ABU-DHABI",
        "OBJECTID": 440,
        "landmark": ""
      }
    },
    {
      "type": "Feature",
      "id": 440,
      "geometry": {
        "type": "Point",
        "coordinates": [
          54.41221511100008,
          24.490060425000024,
          0
        ]
      },
      "properties": {
        "FID": 440,
        "X": 54.412215000000003,
        "Y": 24.490060424500001,
        "name": "محطة جامعة السوربون أبوظبي",
        "zones": "طموح",
        "direction": "ب",
        "description": "جامعة السوربون أبوظبي",
        "stationType": 3,
        "regionCode": "AE-ABU-DHABI",
        "OBJECTID": 441,
        "landmark": ""
      }
    },
    {
      "type": "Feature",
      "id": 441,
      "geometry": {
        "type": "Point",
        "coordinates": [
          54.407293585000048,
          24.491501290000031,
          0
        ]
      },
      "properties": {
        "FID": 441,
        "X": 54.407294,
        "Y": 24.4915012899,
        "name": "محطة شارع الريم / حديقة البوابة",
        "zones": "طموح",
        "direction": "ب",
        "description": "شارع الريم / حديقة البوابة",
        "stationType": 3,
        "regionCode": "AE-ABU-DHABI",
        "OBJECTID": 442,
        "landmark": ""
      }
    },
    {
      "type": "Feature",
      "id": 442,
      "geometry": {
        "type": "Point",
        "coordinates": [
          54.403657259000056,
          24.493270972000062,
          0
        ]
      },
      "properties": {
        "FID": 442,
        "X": 54.403657000000003,
        "Y": 24.493270971699999,
        "name": "محطة أبراج غرانديوس هورايزون، جزيرة الريم أبوظبي",
        "zones": "طموح",
        "direction": "أ",
        "description": "أبراج غرانديوس هورايزون، جزيرة الريم أبوظبي",
        "stationType": 3,
        "regionCode": "AE-ABU-DHABI",
        "OBJECTID": 443,
        "landmark": ""
      }
    },
    {
      "type": "Feature",
      "id": 443,
      "geometry": {
        "type": "Point",
        "coordinates": [
          54.394733644000041,
          24.498415177000027,
          0
        ]
      },
      "properties": {
        "FID": 443,
        "X": 54.394734,
        "Y": 24.498415177399998,
        "name": "محطة شارع المارية / مارينا رايز تاور",
        "zones": "طموح",
        "direction": "أ",
        "description": "شارع المارية امام فندق مارينا رايز تاور",
        "stationType": 3,
        "regionCode": "AE-ABU-DHABI",
        "OBJECTID": 444,
        "landmark": ""
      }
    },
    {
      "type": "Feature",
      "id": 444,
      "geometry": {
        "type": "Point",
        "coordinates": [
          54.402434673000073,
          24.493249934000062,
          0
        ]
      },
      "properties": {
        "FID": 444,
        "X": 54.402434999999997,
        "Y": 24.4932499339,
        "name": "محطة شارع الريم / اكاديمية كرة قدم",
        "zones": "طموح",
        "direction": "أ",
        "description": "شارع الريم / اكاديمية كرة قدم",
        "stationType": 3,
        "regionCode": "AE-ABU-DHABI",
        "OBJECTID": 445,
        "landmark": ""
      }
    },
    {
      "type": "Feature",
      "id": 445,
      "geometry": {
        "type": "Point",
        "coordinates": [
          54.396263418000046,
          24.498369378000064,
          0
        ]
      },
      "properties": {
        "FID": 445,
        "X": 54.396262999999998,
        "Y": 24.498369377700001,
        "name": "محطة شارع المارية / شارع ن\u0650قا الر\u0651\u064Eاك\u0650ي",
        "zones": "طموح",
        "direction": "أ",
        "description": "شارع المارية / شارع ن\u0650قا الر\u0651\u064Eاك\u0650ي",
        "stationType": 3,
        "regionCode": "AE-ABU-DHABI",
        "OBJECTID": 446,
        "landmark": ""
      }
    },
    {
      "type": "Feature",
      "id": 446,
      "geometry": {
        "type": "Point",
        "coordinates": [
          54.396710144000053,
          24.491048344000035,
          0
        ]
      },
      "properties": {
        "FID": 446,
        "X": 54.396709999999999,
        "Y": 24.491048344300001,
        "name": "محطة شارع هزاع بن زايد/ مارينا سكوير",
        "zones": "طموح",
        "direction": "أ",
        "description": "شارع هزاع بن زايد/ مارينا سكوير",
        "stationType": 3,
        "regionCode": "AE-ABU-DHABI",
        "OBJECTID": 447,
        "landmark": ""
      }
    },
    {
      "type": "Feature",
      "id": 447,
      "geometry": {
        "type": "Point",
        "coordinates": [
          54.393718860000035,
          24.490707902000054,
          0
        ]
      },
      "properties": {
        "FID": 447,
        "X": 54.393718999999997,
        "Y": 24.490707902299999,
        "name": "محطة شارع خور عزيز/ مارينا سكوير",
        "zones": "طموح",
        "direction": "أ",
        "description": "شارع خور عزيز/ مارينا سكوير",
        "stationType": 3,
        "regionCode": "AE-ABU-DHABI",
        "OBJECTID": 448,
        "landmark": ""
      }
    },
    {
      "type": "Feature",
      "id": 448,
      "geometry": {
        "type": "Point",
        "coordinates": [
          54.39611241700004,
          24.489422461000061,
          0
        ]
      },
      "properties": {
        "FID": 448,
        "X": 54.396112000000002,
        "Y": 24.489422460699998,
        "name": "محطة شارع هزاع بن زايد/ مارينا سكوير",
        "zones": "طموح",
        "direction": "أ",
        "description": "شارع هزاع بن زايد/ مارينا سكوير",
        "stationType": 3,
        "regionCode": "AE-ABU-DHABI",
        "OBJECTID": 449,
        "landmark": ""
      }
    },
    {
      "type": "Feature",
      "id": 449,
      "geometry": {
        "type": "Point",
        "coordinates": [
          54.401509005000037,
          24.490300689000037,
          0
        ]
      },
      "properties": {
        "FID": 449,
        "X": 54.401508999999997,
        "Y": 24.4903006889,
        "name": "محطة شارع عبدالله عمران تريم / برج النور",
        "zones": "طموح",
        "direction": "أ",
        "description": "شارع عبدالله عمران تريم / برج النور",
        "stationType": 3,
        "regionCode": "AE-ABU-DHABI",
        "OBJECTID": 450,
        "landmark": ""
      }
    },
    {
      "type": "Feature",
      "id": 450,
      "geometry": {
        "type": "Point",
        "coordinates": [
          54.40147461600003,
          24.487655604000054,
          0
        ]
      },
      "properties": {
        "FID": 450,
        "X": 54.401474999999998,
        "Y": 24.4876556044,
        "name": "محطة شارع ر\u064Eأس الر\u0651\u064Eنق\u0650ي\u0651\u064Eة / ريم مولأ",
        "zones": "نجمة ابو ظبي",
        "direction": "أ",
        "description": "شارع ر\u064Eأس الر\u0651\u064Eنق\u0650ي\u0651\u064Eة / ريم مول",
        "stationType": 3,
        "regionCode": "AE-ABU-DHABI",
        "OBJECTID": 451,
        "landmark": ""
      }
    },
    {
      "type": "Feature",
      "id": 451,
      "geometry": {
        "type": "Point",
        "coordinates": [
          54.403562862000058,
          24.487303439000073,
          0
        ]
      },
      "properties": {
        "FID": 451,
        "X": 54.403562999999998,
        "Y": 24.487303439400002,
        "name": "محطة شارع راس الرنكة / شارع بالشعوم",
        "zones": "نجمة ابو ظبي",
        "direction": "أ",
        "description": "شارع راس الرنكة / شارع بالشعوم",
        "stationType": 3,
        "regionCode": "AE-ABU-DHABI",
        "OBJECTID": 452,
        "landmark": ""
      }
    },
    {
      "type": "Feature",
      "id": 452,
      "geometry": {
        "type": "Point",
        "coordinates": [
          54.405642765000039,
          24.481589898000038,
          0
        ]
      },
      "properties": {
        "FID": 452,
        "X": 54.405642999999998,
        "Y": 24.481589897599999,
        "name": "محطة شارع ض\u064Eدنا / جزيرة الريم",
        "zones": "نجمة ابو ظبي",
        "direction": "أ",
        "description": "شارع ض\u064Eدنا / جزيرة الريم",
        "stationType": 3,
        "regionCode": "AE-ABU-DHABI",
        "OBJECTID": 453,
        "landmark": ""
      }
    },
    {
      "type": "Feature",
      "id": 453,
      "geometry": {
        "type": "Point",
        "coordinates": [
          54.406986109000059,
          24.482930714000076,
          0
        ]
      },
      "properties": {
        "FID": 453,
        "X": 54.406986000000003,
        "Y": 24.482930714199998,
        "name": "محطة شارع ر\u064Eأس الر\u0651\u064Eنق\u0650ي\u0651\u064Eة / برج باهين",
        "zones": "نجمة ابو ظبي",
        "direction": "أ",
        "description": "ر\u064Eأس الر\u0651\u064Eنق\u0650ي\u0651\u064Eة / برج باهين",
        "stationType": 3,
        "regionCode": "AE-ABU-DHABI",
        "OBJECTID": 454,
        "landmark": ""
      }
    },
    {
      "type": "Feature",
      "id": 454,
      "geometry": {
        "type": "Point",
        "coordinates": [
          54.404654050000033,
          24.485074833000056,
          0
        ]
      },
      "properties": {
        "FID": 454,
        "X": 54.404654000000001,
        "Y": 24.485074833500001,
        "name": "محطة شارع الش\u0651\u0650عبة / مسجد الريم",
        "zones": "نجمة ابو ظبي",
        "direction": "أ",
        "description": "شارع الش\u0651\u0650عبة / مسجد الريم",
        "stationType": 3,
        "regionCode": "AE-ABU-DHABI",
        "OBJECTID": 455,
        "landmark": ""
      }
    },
    {
      "type": "Feature",
      "id": 455,
      "geometry": {
        "type": "Point",
        "coordinates": [
          54.410937337000064,
          24.478287154000043,
          0
        ]
      },
      "properties": {
        "FID": 455,
        "X": 54.410936999999997,
        "Y": 24.478287153699998,
        "name": "محطة أكاديمية جيمس العالمية - أبوظبي",
        "zones": "نجمة ابو ظبي",
        "direction": "أ",
        "description": "امام أكاديمية جيمس العالمية أبوظبي",
        "stationType": 3,
        "regionCode": "AE-ABU-DHABI",
        "OBJECTID": 456,
        "landmark": ""
      }
    },
    {
      "type": "Feature",
      "id": 456,
      "geometry": {
        "type": "Point",
        "coordinates": [
          54.409256708000044,
          24.485226100000034,
          0
        ]
      },
      "properties": {
        "FID": 456,
        "X": 54.409256999999997,
        "Y": 24.485226100399998,
        "name": "محطة مدرسة نورد أنجليا الدولية أبوظبي",
        "zones": "طموح",
        "direction": "أ",
        "description": "مدرسة نورد أنجليا الدولية أبوظبي",
        "stationType": 3,
        "regionCode": "AE-ABU-DHABI",
        "OBJECTID": 457,
        "landmark": ""
      }
    },
    {
      "type": "Feature",
      "id": 457,
      "geometry": {
        "type": "Point",
        "coordinates": [
          54.407770173000074,
          24.487980467000057,
          0
        ]
      },
      "properties": {
        "FID": 457,
        "X": 54.407769999999999,
        "Y": 24.4879804666,
        "name": "محطة قرية ريم",
        "zones": "طموح",
        "direction": "أ",
        "description": "امام قرية ريم",
        "stationType": 3,
        "regionCode": "AE-ABU-DHABI",
        "OBJECTID": 458,
        "landmark": ""
      }
    },
    {
      "type": "Feature",
      "id": 458,
      "geometry": {
        "type": "Point",
        "coordinates": [
          54.409241296000062,
          24.486940702000027,
          0
        ]
      },
      "properties": {
        "FID": 458,
        "X": 54.409241000000002,
        "Y": 24.4869407019,
        "name": "محطة قرية سينشري",
        "zones": "طموح",
        "direction": "أ",
        "description": "امام قرية سينشري",
        "stationType": 3,
        "regionCode": "AE-ABU-DHABI",
        "OBJECTID": 459,
        "landmark": ""
      }
    },
    {
      "type": "Feature",
      "id": 459,
      "geometry": {
        "type": "Point",
        "coordinates": [
          54.40733857500004,
          24.491231295000034,
          0
        ]
      },
      "properties": {
        "FID": 459,
        "X": 54.407339,
        "Y": 24.4912312949,
        "name": "محطة شارع الريم / حديقة البوابة",
        "zones": "طموح",
        "direction": "أ",
        "description": "شارع الريم / حديقة البوابة",
        "stationType": 3,
        "regionCode": "AE-ABU-DHABI",
        "OBJECTID": 460,
        "landmark": ""
      }
    },
    {
      "type": "Feature",
      "id": 460,
      "geometry": {
        "type": "Point",
        "coordinates": [
          54.410108038000033,
          24.488923159000024,
          0
        ]
      },
      "properties": {
        "FID": 460,
        "X": 54.410108000000001,
        "Y": 24.488923159100001,
        "name": "محطة جامعة السوربون أبوظبي",
        "zones": "طموح",
        "direction": "أ",
        "description": "جامعة السوربون أبوظبي",
        "stationType": 3,
        "regionCode": "AE-ABU-DHABI",
        "OBJECTID": 461,
        "landmark": ""
      }
    },
    {
      "type": "Feature",
      "id": 461,
      "geometry": {
        "type": "Point",
        "coordinates": [
          54.408497796000063,
          24.495303698000043,
          0
        ]
      },
      "properties": {
        "FID": 461,
        "X": 54.408498000000002,
        "Y": 24.495303698099999,
        "name": "محطة شارع بالشعوم / أبراج البوابة",
        "zones": "شمس ابو ظبي",
        "direction": "أ",
        "description": "شارع بالشعوم / أبراج البوابة",
        "stationType": 3,
        "regionCode": "AE-ABU-DHABI",
        "OBJECTID": 462,
        "landmark": ""
      }
    },
    {
      "type": "Feature",
      "id": 462,
      "geometry": {
        "type": "Point",
        "coordinates": [
          54.407778588000042,
          24.495264269000074,
          0
        ]
      },
      "properties": {
        "FID": 462,
        "X": 54.407778999999998,
        "Y": 24.495264269,
        "name": "محطة شارع بالشعوم / أبراج البوابة",
        "zones": "شمس ابو ظبي",
        "direction": "ب",
        "description": "شارع بالشعوم / أبراج البوابة",
        "stationType": 3,
        "regionCode": "AE-ABU-DHABI",
        "OBJECTID": 463,
        "landmark": ""
      }
    },
    {
      "type": "Feature",
      "id": 463,
      "geometry": {
        "type": "Point",
        "coordinates": [
          54.405231599000047,
          24.497296381000069,
          0
        ]
      },
      "properties": {
        "FID": 463,
        "X": 54.405231999999998,
        "Y": 24.497296381000002,
        "name": "محطة شارع مطر بن ثاني الرميثي / مدينة الأضواء",
        "zones": "طموح",
        "direction": "أ",
        "description": "شارع مطر بن ثاني الرميثي / مدينة الأضواء",
        "stationType": 3,
        "regionCode": "AE-ABU-DHABI",
        "OBJECTID": 464,
        "landmark": ""
      }
    },
    {
      "type": "Feature",
      "id": 464,
      "geometry": {
        "type": "Point",
        "coordinates": [
          54.40569264800007,
          24.497899997000047,
          0
        ]
      },
      "properties": {
        "FID": 464,
        "X": 54.405692999999999,
        "Y": 24.497899996699999,
        "name": "محطة شارع مطر بن ثاني الرميثي / مدينة الأضواء",
        "zones": "طموح",
        "direction": "ب",
        "description": "شارع مطر بن ثاني الرميثي / مدينة الأضواء",
        "stationType": 3,
        "regionCode": "AE-ABU-DHABI",
        "OBJECTID": 465,
        "landmark": ""
      }
    },
    {
      "type": "Feature",
      "id": 465,
      "geometry": {
        "type": "Point",
        "coordinates": [
          54.408090345000062,
          24.537734960000023,
          0
        ]
      },
      "properties": {
        "FID": 465,
        "X": 54.408090000000001,
        "Y": 24.537734960200002,
        "name": "محطة شارع جاك شيراك / ممشى السعديات",
        "zones": "جزيرة السعادة",
        "direction": "ب",
        "description": "شارع جاك شيراك / ممشى السعديات",
        "stationType": 3,
        "regionCode": "AE-ABU-DHABI",
        "OBJECTID": 466,
        "landmark": ""
      }
    },
    {
      "type": "Feature",
      "id": 466,
      "geometry": {
        "type": "Point",
        "coordinates": [
          54.410653778000039,
          24.537345795000078,
          0
        ]
      },
      "properties": {
        "FID": 466,
        "X": 54.410654000000001,
        "Y": 24.5373457952,
        "name": "محطة شارع جاك شيراك / ممشى السعديات",
        "zones": "جزيرة السعادة",
        "direction": "أ",
        "description": "شارع جاك شيراك / ممشى السعديات",
        "stationType": 3,
        "regionCode": "AE-ABU-DHABI",
        "OBJECTID": 467,
        "landmark": ""
      }
    },
    {
      "type": "Feature",
      "id": 467,
      "geometry": {
        "type": "Point",
        "coordinates": [
          54.413730021000049,
          24.536487030000046,
          0
        ]
      },
      "properties": {
        "FID": 467,
        "X": 54.413730000000001,
        "Y": 24.536487029900002,
        "name": "محطة ليالي رمضان",
        "zones": "جزيرة السعادة",
        "direction": "أ",
        "description": "ليالي رمضان",
        "stationType": 3,
        "regionCode": "AE-ABU-DHABI",
        "OBJECTID": 468,
        "landmark": ""
      }
    },
    {
      "type": "Feature",
      "id": 468,
      "geometry": {
        "type": "Point",
        "coordinates": [
          54.41368723800008,
          24.536648756000034,
          0
        ]
      },
      "properties": {
        "FID": 468,
        "X": 54.413687000000003,
        "Y": 24.5366487563,
        "name": "محطة ليالي رمضان",
        "zones": "جزيرة السعادة",
        "direction": "ب",
        "description": "ليالي رمضان",
        "stationType": 3,
        "regionCode": "AE-ABU-DHABI",
        "OBJECTID": 469,
        "landmark": ""
      }
    },
    {
      "type": "Feature",
      "id": 469,
      "geometry": {
        "type": "Point",
        "coordinates": [
          54.420261738000079,
          24.533106054000029,
          0
        ]
      },
      "properties": {
        "FID": 469,
        "X": 54.420262000000001,
        "Y": 24.533106053699999,
        "name": "محطة منارة السعديات / مدرسة كرانلي بريطاني أبوظبي",
        "zones": "جزيرة السعادة",
        "direction": "ب",
        "description": "منارة السعديات / مدرسة كرانلي بريطاني أبوظبي",
        "stationType": 3,
        "regionCode": "AE-ABU-DHABI",
        "OBJECTID": 470,
        "landmark": ""
      }
    },
    {
      "type": "Feature",
      "id": 470,
      "geometry": {
        "type": "Point",
        "coordinates": [
          54.423091164000027,
          24.531764503000034,
          0
        ]
      },
      "properties": {
        "FID": 470,
        "X": 54.423090999999999,
        "Y": 24.531764502800002,
        "name": "محطة منارة السعديات / مدرسة كرانلي بريطاني أبوظبي",
        "zones": "جزيرة السعادة",
        "direction": "أ",
        "description": "منارة السعديات / مدرسة كرانلي بريطاني أبوظبي",
        "stationType": 3,
        "regionCode": "AE-ABU-DHABI",
        "OBJECTID": 471,
        "landmark": ""
      }
    },
    {
      "type": "Feature",
      "id": 471,
      "geometry": {
        "type": "Point",
        "coordinates": [
          54.41631366200005,
          24.533182844000066,
          0
        ]
      },
      "properties": {
        "FID": 471,
        "X": 54.416314,
        "Y": 24.533182844199999,
        "name": "محطة مؤسسة بسام فريحة للفنون",
        "zones": "جزيرة السعادة",
        "direction": "أ",
        "description": "مؤسسة بسام فريحة للفنون",
        "stationType": 3,
        "regionCode": "AE-ABU-DHABI",
        "OBJECTID": 472,
        "landmark": ""
      }
    },
    {
      "type": "Feature",
      "id": 472,
      "geometry": {
        "type": "Point",
        "coordinates": [
          54.417589029000055,
          24.532572907000031,
          0
        ]
      },
      "properties": {
        "FID": 472,
        "X": 54.417589,
        "Y": 24.532572906599999,
        "name": "محطة مؤسسة بسام فريحة للفنون",
        "zones": "جزيرة السعادة",
        "direction": "ب",
        "description": "مؤسسة بسام فريحة للفنون",
        "stationType": 3,
        "regionCode": "AE-ABU-DHABI",
        "OBJECTID": 473,
        "landmark": ""
      }
    },
    {
      "type": "Feature",
      "id": 473,
      "geometry": {
        "type": "Point",
        "coordinates": [
          54.419255072000055,
          24.533603282000058,
          0
        ]
      },
      "properties": {
        "FID": 473,
        "X": 54.419255,
        "Y": 24.533603282200001,
        "name": "محطة مؤسسة بسام فريحة للفنون",
        "zones": "جزيرة السعادة",
        "direction": "ب",
        "description": "مؤسسة بسام فريحة للفنون",
        "stationType": 3,
        "regionCode": "AE-ABU-DHABI",
        "OBJECTID": 474,
        "landmark": ""
      }
    },
    {
      "type": "Feature",
      "id": 474,
      "geometry": {
        "type": "Point",
        "coordinates": [
          54.428107357000044,
          24.536399098000061,
          0
        ]
      },
      "properties": {
        "FID": 474,
        "X": 54.428106999999997,
        "Y": 24.536399098,
        "name": "محطة شاطئ السعديات / أكاديمية التنس العالمية",
        "zones": "جزيرة السعادة",
        "direction": "أ",
        "description": "شاطئ السعديات / أكاديمية التنس العالمية",
        "stationType": 3,
        "regionCode": "AE-ABU-DHABI",
        "OBJECTID": 475,
        "landmark": ""
      }
    },
    {
      "type": "Feature",
      "id": 475,
      "geometry": {
        "type": "Point",
        "coordinates": [
          54.429913442000043,
          24.540247759000067,
          0
        ]
      },
      "properties": {
        "FID": 475,
        "X": 54.429912999999999,
        "Y": 24.540247758700001,
        "name": "محطة شارع شاطئ السعديات / فندق روتانا السعديات",
        "zones": "جزيرة السعادة",
        "direction": "أ",
        "description": "شارع شاطئ السعديات / فندق روتانا السعديات",
        "stationType": 3,
        "regionCode": "AE-ABU-DHABI",
        "OBJECTID": 476,
        "landmark": ""
      }
    },
    {
      "type": "Feature",
      "id": 476,
      "geometry": {
        "type": "Point",
        "coordinates": [
          54.430576987000052,
          24.540611074000026,
          0
        ]
      },
      "properties": {
        "FID": 476,
        "X": 54.430577,
        "Y": 24.540611073699999,
        "name": "محطة شارع شاطئ السعديات / فندق روتانا السعديات",
        "zones": "جزيرة السعادة",
        "direction": "ب",
        "description": "شارع شاطئ السعديات / فندق روتانا السعديات",
        "stationType": 3,
        "regionCode": "AE-ABU-DHABI",
        "OBJECTID": 477,
        "landmark": ""
      }
    },
    {
      "type": "Feature",
      "id": 477,
      "geometry": {
        "type": "Point",
        "coordinates": [
          54.364503515000081,
          24.487962280000033,
          0
        ]
      },
      "properties": {
        "FID": 477,
        "X": 54.364503999999997,
        "Y": 24.487962280200001,
        "name": "محطة شارع سلطان بن زايد/ مستشفى لايف لاين",
        "zones": "الدانة",
        "direction": "أ",
        "description": "شارع سلطان بن زايد/ مستشفى لايف لاين",
        "stationType": 3,
        "regionCode": "AE-ABU-DHABI",
        "OBJECTID": 478,
        "landmark": ""
      }
    },
    {
      "type": "Feature",
      "id": 478,
      "geometry": {
        "type": "Point",
        "coordinates": [
          54.364281841000036,
          24.487714724000057,
          0
        ]
      },
      "properties": {
        "FID": 478,
        "X": 54.364282000000003,
        "Y": 24.4877147238,
        "name": "محطة شارع سلطان بن زايد/ مستشفى لايف لاين",
        "zones": "الدانة",
        "direction": "ب",
        "description": "شارع سلطان بن زايد/ مستشفى لايف لاين",
        "stationType": 3,
        "regionCode": "AE-ABU-DHABI",
        "OBJECTID": 479,
        "landmark": ""
      }
    },
    {
      "type": "Feature",
      "id": 479,
      "geometry": {
        "type": "Point",
        "coordinates": [
          54.366021739000075,
          24.485624126000062,
          0
        ]
      },
      "properties": {
        "FID": 479,
        "X": 54.366022000000001,
        "Y": 24.485624125600001,
        "name": "محطة شارع سلطان بن زايد/ مركز مدينة زايد للتسوق",
        "zones": "الدانة",
        "direction": "أ",
        "description": "شارع سلطان بن زايد/ مركز مدينة زايد للتسوق",
        "stationType": 3,
        "regionCode": "AE-ABU-DHABI",
        "OBJECTID": 480,
        "landmark": ""
      }
    },
    {
      "type": "Feature",
      "id": 480,
      "geometry": {
        "type": "Point",
        "coordinates": [
          54.365792086000056,
          24.485286178000024,
          0
        ]
      },
      "properties": {
        "FID": 480,
        "X": 54.365791999999999,
        "Y": 24.485286178100001,
        "name": "محطة شارع سلطان بن زايد/ مركز مدينة زايد للتسوق",
        "zones": "الدانة",
        "direction": "ب",
        "description": "شارع سلطان بن زايد/ مركز مدينة زايد للتسوق",
        "stationType": 3,
        "regionCode": "AE-ABU-DHABI",
        "OBJECTID": 481,
        "landmark": ""
      }
    },
    {
      "type": "Feature",
      "id": 481,
      "geometry": {
        "type": "Point",
        "coordinates": [
          54.366740324000034,
          24.483795479000037,
          0
        ]
      },
      "properties": {
        "FID": 481,
        "X": 54.36674,
        "Y": 24.483795479000001,
        "name": "محطة شارع سلطان بن زايد / مركز الذهب",
        "zones": "الدانة",
        "direction": "أ",
        "description": "شارع سلطان بن زايد / مركز الذهب",
        "stationType": 3,
        "regionCode": "AE-ABU-DHABI",
        "OBJECTID": 482,
        "landmark": ""
      }
    },
    {
      "type": "Feature",
      "id": 482,
      "geometry": {
        "type": "Point",
        "coordinates": [
          54.366817213000047,
          24.484365421000064,
          0
        ]
      },
      "properties": {
        "FID": 482,
        "X": 54.366816999999998,
        "Y": 24.484365421100001,
        "name": "محطة شارع سلطان بن زايد / مركز الذهب",
        "zones": "الدانة",
        "direction": "ب",
        "description": "شارع سلطان بن زايد / مركز الذهب",
        "stationType": 3,
        "regionCode": "AE-ABU-DHABI",
        "OBJECTID": 483,
        "landmark": ""
      }
    },
    {
      "type": "Feature",
      "id": 483,
      "geometry": {
        "type": "Point",
        "coordinates": [
          54.368438249000064,
          24.481821444000047,
          0
        ]
      },
      "properties": {
        "FID": 483,
        "X": 54.368437999999998,
        "Y": 24.481821444000001,
        "name": "محطة شارع سلطان بن زايد/ مكتب البريد المركزي",
        "zones": "الدانة",
        "direction": "أ",
        "description": "شارع سلطان بن زايد/ مكتب البريد المركزي",
        "stationType": 3,
        "regionCode": "AE-ABU-DHABI",
        "OBJECTID": 484,
        "landmark": ""
      }
    },
    {
      "type": "Feature",
      "id": 484,
      "geometry": {
        "type": "Point",
        "coordinates": [
          54.36808691400006,
          24.481643836000046,
          0
        ]
      },
      "properties": {
        "FID": 484,
        "X": 54.368087000000003,
        "Y": 24.4816438364,
        "name": "محطة شارع سلطان بن زايد/ مكتب البريد المركزي",
        "zones": "الدانة",
        "direction": "ب",
        "description": "شارع سلطان بن زايد/ مكتب البريد المركزي",
        "stationType": 3,
        "regionCode": "AE-ABU-DHABI",
        "OBJECTID": 485,
        "landmark": ""
      }
    },
    {
      "type": "Feature",
      "id": 485,
      "geometry": {
        "type": "Point",
        "coordinates": [
          54.369426986000065,
          24.480277277000027,
          0
        ]
      },
      "properties": {
        "FID": 485,
        "X": 54.369427000000002,
        "Y": 24.480277276900001,
        "name": "محطة شارع سلطان بن زايد/ مستشفى ميديور",
        "zones": "الدانة",
        "direction": "أ",
        "description": "شارع سلطان بن زايد/ مستشفى ميديور",
        "stationType": 3,
        "regionCode": "AE-ABU-DHABI",
        "OBJECTID": 486,
        "landmark": ""
      }
    },
    {
      "type": "Feature",
      "id": 486,
      "geometry": {
        "type": "Point",
        "coordinates": [
          54.368913416000055,
          24.480313455000044,
          0
        ]
      },
      "properties": {
        "FID": 486,
        "X": 54.368912999999999,
        "Y": 24.480313454800001,
        "name": "محطة شارع سلطان بن زايد/ مستشفى ميديور",
        "zones": "الدانة",
        "direction": "ب",
        "description": "شارع سلطان بن زايد/ مستشفى ميديور",
        "stationType": 3,
        "regionCode": "AE-ABU-DHABI",
        "OBJECTID": 487,
        "landmark": ""
      }
    },
    {
      "type": "Feature",
      "id": 487,
      "geometry": {
        "type": "Point",
        "coordinates": [
          54.37099749600003,
          24.477786536000053,
          0
        ]
      },
      "properties": {
        "FID": 487,
        "X": 54.370997000000003,
        "Y": 24.477786536499998,
        "name": "محطة شارع سلطان بن زايد/ مسجد عيسى عبيد بطي العجماني",
        "zones": "الدانة",
        "direction": "أ",
        "description": "شارع سلطان بن زايد/ مسجد عيسى عبيد بطي العجماني",
        "stationType": 3,
        "regionCode": "AE-ABU-DHABI",
        "OBJECTID": 488,
        "landmark": ""
      }
    },
    {
      "type": "Feature",
      "id": 488,
      "geometry": {
        "type": "Point",
        "coordinates": [
          54.372517486000049,
          24.476775069000041,
          0
        ]
      },
      "properties": {
        "FID": 488,
        "X": 54.372517000000002,
        "Y": 24.476775068999999,
        "name": "محطة شارع سلطان بن زايد / مسجد مريم بنت سعيد",
        "zones": "الدانة",
        "direction": "أ",
        "description": "شارع سلطان بن زايد / مسجد مريم بنت سعيد",
        "stationType": 3,
        "regionCode": "AE-ABU-DHABI",
        "OBJECTID": 489,
        "landmark": ""
      }
    },
    {
      "type": "Feature",
      "id": 489,
      "geometry": {
        "type": "Point",
        "coordinates": [
          54.372176016000026,
          24.476597643000048,
          0
        ]
      },
      "properties": {
        "FID": 489,
        "X": 54.372176000000003,
        "Y": 24.4765976431,
        "name": "محطة شارع سلطان بن زايد / مسجد مريم بنت سعيد",
        "zones": "الدانة",
        "direction": "ب",
        "description": "شارع سلطان بن زايد / مسجد مريم بنت سعيد",
        "stationType": 3,
        "regionCode": "AE-ABU-DHABI",
        "OBJECTID": 490,
        "landmark": ""
      }
    },
    {
      "type": "Feature",
      "id": 490,
      "geometry": {
        "type": "Point",
        "coordinates": [
          54.37342269800007,
          24.475924375000034,
          0
        ]
      },
      "properties": {
        "FID": 490,
        "X": 54.373423000000003,
        "Y": 24.4759243751,
        "name": "محطة شارع سلطان بن زايد/ مسجد سالم غابش الخميسي",
        "zones": "الدانة",
        "direction": "أ",
        "description": "شارع سلطان بن زايد/ مسجد سالم غابش الخميسي",
        "stationType": 3,
        "regionCode": "AE-ABU-DHABI",
        "OBJECTID": 491,
        "landmark": ""
      }
    },
    {
      "type": "Feature",
      "id": 491,
      "geometry": {
        "type": "Point",
        "coordinates": [
          54.372892241000045,
          24.475824892000048,
          0
        ]
      },
      "properties": {
        "FID": 491,
        "X": 54.372892,
        "Y": 24.475824892399999,
        "name": "محطة شارع سلطان بن زايد/ مسجد سالم غابش الخميسي",
        "zones": "الدانة",
        "direction": "ب",
        "description": "شارع سلطان بن زايد/ مسجد سالم غابش الخميسي",
        "stationType": 3,
        "regionCode": "AE-ABU-DHABI",
        "OBJECTID": 492,
        "landmark": ""
      }
    },
    {
      "type": "Feature",
      "id": 492,
      "geometry": {
        "type": "Point",
        "coordinates": [
          54.373990925000044,
          24.47467972000004,
          0
        ]
      },
      "properties": {
        "FID": 492,
        "X": 54.373990999999997,
        "Y": 24.474679720299999,
        "name": "محطة شارع سلطان بن زايد/ مسجد أحمد بن علي بن حمودة",
        "zones": "الدانة",
        "direction": "أ",
        "description": "شارع سلطان بن زايد/ مسجد أحمد بن علي بن حمودة",
        "stationType": 3,
        "regionCode": "AE-ABU-DHABI",
        "OBJECTID": 493,
        "landmark": ""
      }
    },
    {
      "type": "Feature",
      "id": 493,
      "geometry": {
        "type": "Point",
        "coordinates": [
          54.377672934000032,
          24.471647971000039,
          0
        ]
      },
      "properties": {
        "FID": 493,
        "X": 54.377673000000001,
        "Y": 24.471647970599999,
        "name": "محطة شارع سلطان بن زايد/ محطة حافلات أبوظبي",
        "zones": "ال نهيان",
        "direction": "أ",
        "description": "شارع سلطان بن زايد/ محطة حافلات أبوظبي",
        "stationType": 3,
        "regionCode": "AE-ABU-DHABI",
        "OBJECTID": 494,
        "landmark": ""
      }
    },
    {
      "type": "Feature",
      "id": 494,
      "geometry": {
        "type": "Point",
        "coordinates": [
          54.377246304000039,
          24.471297594000077,
          0
        ]
      },
      "properties": {
        "FID": 494,
        "X": 54.377246,
        "Y": 24.471297593799999,
        "name": "محطة شارع سلطان بن زايد/ محطة حافلات أبوظبي",
        "zones": "ال نهيان",
        "direction": "ب",
        "description": "شارع سلطان بن زايد/ محطة حافلات أبوظبي",
        "stationType": 3,
        "regionCode": "AE-ABU-DHABI",
        "OBJECTID": 495,
        "landmark": ""
      }
    },
    {
      "type": "Feature",
      "id": 495,
      "geometry": {
        "type": "Point",
        "coordinates": [
          54.365121436000038,
          24.496168127000033,
          0
        ]
      },
      "properties": {
        "FID": 495,
        "X": 54.365121000000002,
        "Y": 24.496168127299999,
        "name": "محطة شارع سعيد بن أحمد العتيبة / لى رويال مريديان",
        "zones": "الدانة",
        "direction": "أ",
        "description": "شارع سعيد بن أحمد العتيبة / لى رويال مريديان",
        "stationType": 3,
        "regionCode": "AE-ABU-DHABI",
        "OBJECTID": 496,
        "landmark": ""
      }
    },
    {
      "type": "Feature",
      "id": 496,
      "geometry": {
        "type": "Point",
        "coordinates": [
          54.364766306000035,
          24.496170951000067,
          0
        ]
      },
      "properties": {
        "FID": 496,
        "X": 54.364766000000003,
        "Y": 24.4961709514,
        "name": "محطة شارع سعيد بن أحمد العتيبة / لى رويال مريديان",
        "zones": "الدانة",
        "direction": "ب",
        "description": "شارع سعيد بن أحمد العتيبة / لى رويال مريديان",
        "stationType": 3,
        "regionCode": "AE-ABU-DHABI",
        "OBJECTID": 497,
        "landmark": ""
      }
    },
    {
      "type": "Feature",
      "id": 497,
      "geometry": {
        "type": "Point",
        "coordinates": [
          54.366931031000036,
          24.494051668000054,
          0
        ]
      },
      "properties": {
        "FID": 497,
        "X": 54.366931000000001,
        "Y": 24.494051668000001,
        "name": "محطة شارع سعيد بن أحمد العتيبة / المارية مول",
        "zones": "الدانة",
        "direction": "أ",
        "description": "شارع سعيد بن أحمد العتيبة / المارية مول",
        "stationType": 3,
        "regionCode": "AE-ABU-DHABI",
        "OBJECTID": 498,
        "landmark": ""
      }
    },
    {
      "type": "Feature",
      "id": 498,
      "geometry": {
        "type": "Point",
        "coordinates": [
          54.366333830000031,
          24.494312009000055,
          0
        ]
      },
      "properties": {
        "FID": 498,
        "X": 54.366334000000002,
        "Y": 24.494312009000001,
        "name": "محطة شارع سعيد بن أحمد العتيبة / المارية مول",
        "zones": "الدانة",
        "direction": "ب",
        "description": "شارع سعيد بن أحمد العتيبة / المارية مول",
        "stationType": 3,
        "regionCode": "AE-ABU-DHABI",
        "OBJECTID": 499,
        "landmark": ""
      }
    },
    {
      "type": "Feature",
      "id": 499,
      "geometry": {
        "type": "Point",
        "coordinates": [
          54.368902819000027,
          24.491721400000074,
          0
        ]
      },
      "properties": {
        "FID": 499,
        "X": 54.368903000000003,
        "Y": 24.491721400100001,
        "name": "محطة شارع سعيد بن أحمد العتيبة / شارع زايد الأول",
        "zones": "الدانة",
        "direction": "أ",
        "description": "شارع سعيد بن أحمد العتيبة / شارع زايد الأول",
        "stationType": 3,
        "regionCode": "AE-ABU-DHABI",
        "OBJECTID": 500,
        "landmark": ""
      }
    },
    {
      "type": "Feature",
      "id": 500,
      "geometry": {
        "type": "Point",
        "coordinates": [
          54.36873042600007,
          24.491474708000055,
          0
        ]
      },
      "properties": {
        "FID": 500,
        "X": 54.368729999999999,
        "Y": 24.491474708399998,
        "name": "محطة شارع سعيد بن أحمد العتيبة / شارع زايد الأول",
        "zones": "الدانة",
        "direction": "ب",
        "description": "شارع سعيد بن أحمد العتيبة / شارع زايد الأول",
        "stationType": 3,
        "regionCode": "AE-ABU-DHABI",
        "OBJECTID": 501,
        "landmark": ""
      }
    },
    {
      "type": "Feature",
      "id": 501,
      "geometry": {
        "type": "Point",
        "coordinates": [
          54.370611155000063,
          24.489251130000071,
          0
        ]
      },
      "properties": {
        "FID": 501,
        "X": 54.370610999999997,
        "Y": 24.489251130300001,
        "name": "محطة شارع سعيد بن أحمد العتيبة / أدنوك",
        "zones": "الدانة",
        "direction": "أ",
        "description": "شارع سعيد بن أحمد العتيبة / أدنوك امام بنزينة ادنوك",
        "stationType": 3,
        "regionCode": "AE-ABU-DHABI",
        "OBJECTID": 502,
        "landmark": ""
      }
    },
    {
      "type": "Feature",
      "id": 502,
      "geometry": {
        "type": "Point",
        "coordinates": [
          54.371329634000062,
          24.488848475000054,
          0
        ]
      },
      "properties": {
        "FID": 502,
        "X": 54.37133,
        "Y": 24.488848475299999,
        "name": "محطة شارع سعيد بن أحمد العتيبة / أدنوك",
        "zones": "الدانة",
        "direction": "ب",
        "description": "شارع سعيد بن أحمد العتيبة / أدنوك امام بنزينة ادنوك",
        "stationType": 3,
        "regionCode": "AE-ABU-DHABI",
        "OBJECTID": 503,
        "landmark": ""
      }
    },
    {
      "type": "Feature",
      "id": 503,
      "geometry": {
        "type": "Point",
        "coordinates": [
          54.373160233000078,
          24.486660088000065,
          0
        ]
      },
      "properties": {
        "FID": 503,
        "X": 54.373159999999999,
        "Y": 24.486660087800001,
        "name": "محطة شارع سعيد بن أحمد العتيبة / أكاديمية الفلاح",
        "zones": "الدانة",
        "direction": "أ",
        "description": "شارع سعيد بن أحمد العتيبة / أكاديمية الفلاح",
        "stationType": 3,
        "regionCode": "AE-ABU-DHABI",
        "OBJECTID": 504,
        "landmark": ""
      }
    },
    {
      "type": "Feature",
      "id": 504,
      "geometry": {
        "type": "Point",
        "coordinates": [
          54.373391936000075,
          24.48595111000003,
          0
        ]
      },
      "properties": {
        "FID": 504,
        "X": 54.373392000000003,
        "Y": 24.485951109999998,
        "name": "محطة شارع سعيد بن أحمد العتيبة / أكاديمية الفلاح",
        "zones": "الدانة",
        "direction": "ب",
        "description": "شارع سعيد بن أحمد العتيبة / أكاديمية الفلاح",
        "stationType": 3,
        "regionCode": "AE-ABU-DHABI",
        "OBJECTID": 505,
        "landmark": ""
      }
    },
    {
      "type": "Feature",
      "id": 505,
      "geometry": {
        "type": "Point",
        "coordinates": [
          54.375484517000075,
          24.483965806000072,
          0
        ]
      },
      "properties": {
        "FID": 505,
        "X": 54.375484999999998,
        "Y": 24.483965806400001,
        "name": "محطة شارع سعيد بن أحمد العتيبة / شارع الفلاح",
        "zones": "الدانة",
        "direction": "أ",
        "description": "شارع سعيد بن أحمد العتيبة / شارع الفلاح",
        "stationType": 3,
        "regionCode": "AE-ABU-DHABI",
        "OBJECTID": 506,
        "landmark": ""
      }
    },
    {
      "type": "Feature",
      "id": 506,
      "geometry": {
        "type": "Point",
        "coordinates": [
          54.37523193800007,
          24.48378090600005,
          0
        ]
      },
      "properties": {
        "FID": 506,
        "X": 54.375231999999997,
        "Y": 24.483780905900002,
        "name": "محطة شارع سعيد بن أحمد العتيبة / شارع الفلاح",
        "zones": "الدانة",
        "direction": "ب",
        "description": "شارع سعيد بن أحمد العتيبة / شارع الفلاح",
        "stationType": 3,
        "regionCode": "AE-ABU-DHABI",
        "OBJECTID": 507,
        "landmark": ""
      }
    },
    {
      "type": "Feature",
      "id": 507,
      "geometry": {
        "type": "Point",
        "coordinates": [
          54.377087040000049,
          24.48230589800005,
          0
        ]
      },
      "properties": {
        "FID": 507,
        "X": 54.377087000000003,
        "Y": 24.4823058976,
        "name": "محطة شارع سعيد بن أحمد العتيبة / هيئة مياه وكهرباء أبوظبي",
        "zones": "الدانة",
        "direction": "أ",
        "description": "شارع سعيد بن أحمد العتيبة / هيئة مياه وكهرباء أبوظبي",
        "stationType": 3,
        "regionCode": "AE-ABU-DHABI",
        "OBJECTID": 508,
        "landmark": ""
      }
    },
    {
      "type": "Feature",
      "id": 508,
      "geometry": {
        "type": "Point",
        "coordinates": [
          54.376703307000071,
          24.482263128000056,
          0
        ]
      },
      "properties": {
        "FID": 508,
        "X": 54.376702999999999,
        "Y": 24.4822631282,
        "name": "محطة شارع سعيد بن أحمد العتيبة / هيئة مياه وكهرباء أبوظبي",
        "zones": "الدانة",
        "direction": "ب",
        "description": "شارع سعيد بن أحمد العتيبة / هيئة مياه وكهرباء أبوظبي",
        "stationType": 3,
        "regionCode": "AE-ABU-DHABI",
        "OBJECTID": 509,
        "landmark": ""
      }
    },
    {
      "type": "Feature",
      "id": 509,
      "geometry": {
        "type": "Point",
        "coordinates": [
          54.378243219000069,
          24.48124292500006,
          0
        ]
      },
      "properties": {
        "FID": 509,
        "X": 54.378242999999998,
        "Y": 24.4812429246,
        "name": "محطة شارع سعيد بن أحمد العتيبة / أكاديمية جيمس الأمريكية",
        "zones": "الدانة",
        "direction": "أ",
        "description": "شارع سعيد بن أحمد العتيبة / أكاديمية جيمس الأمريكية",
        "stationType": 3,
        "regionCode": "AE-ABU-DHABI",
        "OBJECTID": 510,
        "landmark": ""
      }
    },
    {
      "type": "Feature",
      "id": 510,
      "geometry": {
        "type": "Point",
        "coordinates": [
          54.377557935000027,
          24.481474710000043,
          0
        ]
      },
      "properties": {
        "FID": 510,
        "X": 54.377558000000001,
        "Y": 24.481474710000001,
        "name": "محطة شارع سعيد بن أحمد العتيبة / أكاديمية جيمس الأمريكية",
        "zones": "الدانة",
        "direction": "ب",
        "description": "شارع سعيد بن أحمد العتيبة / أكاديمية جيمس الأمريكية",
        "stationType": 3,
        "regionCode": "AE-ABU-DHABI",
        "OBJECTID": 511,
        "landmark": ""
      }
    },
    {
      "type": "Feature",
      "id": 511,
      "geometry": {
        "type": "Point",
        "coordinates": [
          54.379500392000068,
          24.480064363000054,
          0
        ]
      },
      "properties": {
        "FID": 511,
        "X": 54.3795,
        "Y": 24.480064363099999,
        "name": "محطة شارع سعيد بن أحمد العتيبة / بريد الإمارات",
        "zones": "الدانة",
        "direction": "أ",
        "description": "شارع سعيد بن أحمد العتيبة / بريد الإمارات",
        "stationType": 3,
        "regionCode": "AE-ABU-DHABI",
        "OBJECTID": 512,
        "landmark": ""
      }
    },
    {
      "type": "Feature",
      "id": 512,
      "geometry": {
        "type": "Point",
        "coordinates": [
          54.379227163000053,
          24.479924238000024,
          0
        ]
      },
      "properties": {
        "FID": 512,
        "X": 54.379227,
        "Y": 24.479924238300001,
        "name": "محطة شارع سعيد بن أحمد العتيبة / بريد الإمارات",
        "zones": "الدانة",
        "direction": "ب",
        "description": "شارع سعيد بن أحمد العتيبة / بريد الإمارات",
        "stationType": 3,
        "regionCode": "AE-ABU-DHABI",
        "OBJECTID": 513,
        "landmark": ""
      }
    },
    {
      "type": "Feature",
      "id": 513,
      "geometry": {
        "type": "Point",
        "coordinates": [
          54.380564114000038,
          24.478701924000063,
          0
        ]
      },
      "properties": {
        "FID": 513,
        "X": 54.380564,
        "Y": 24.478701923700001,
        "name": "محطة شارع سعيد بن أحمد العتيبة / مستشفى برجيل",
        "zones": "الدانة",
        "direction": "أ",
        "description": "شارع سعيد بن أحمد العتيبة / مستشفى برجيل",
        "stationType": 3,
        "regionCode": "AE-ABU-DHABI",
        "OBJECTID": 514,
        "landmark": ""
      }
    },
    {
      "type": "Feature",
      "id": 514,
      "geometry": {
        "type": "Point",
        "coordinates": [
          54.380485762000035,
          24.479151838000064,
          0
        ]
      },
      "properties": {
        "FID": 514,
        "X": 54.380485999999998,
        "Y": 24.4791518384,
        "name": "محطة شارع سعيد بن أحمد العتيبة / مستشفى برجيل",
        "zones": "الدانة",
        "direction": "ب",
        "description": "شارع سعيد بن أحمد العتيبة / مستشفى برجيل",
        "stationType": 3,
        "regionCode": "AE-ABU-DHABI",
        "OBJECTID": 515,
        "landmark": ""
      }
    },
    {
      "type": "Feature",
      "id": 515,
      "geometry": {
        "type": "Point",
        "coordinates": [
          54.377859044000047,
          24.475514105000059,
          0
        ]
      },
      "properties": {
        "FID": 515,
        "X": 54.377859000000001,
        "Y": 24.475514104999998,
        "name": "محطة شارع هزاع بن زايد/ مدرسة إسلامية الإنجليزية",
        "zones": "الدانة",
        "direction": "أ",
        "description": "شارع هزاع بن زايد/ مدرسة إسلامية الإنجليزية",
        "stationType": 3,
        "regionCode": "AE-ABU-DHABI",
        "OBJECTID": 516,
        "landmark": ""
      }
    },
    {
      "type": "Feature",
      "id": 516,
      "geometry": {
        "type": "Point",
        "coordinates": [
          54.37816913000006,
          24.475302878000036,
          0
        ]
      },
      "properties": {
        "FID": 516,
        "X": 54.378169,
        "Y": 24.475302878099999,
        "name": "محطة شارع هزاع بن زايد/ مدرسة إسلامية الإنجليزية",
        "zones": "ال نهيان",
        "direction": "ب",
        "description": "شارع هزاع بن زايد/ مدرسة إسلامية الإنجليزية",
        "stationType": 3,
        "regionCode": "AE-ABU-DHABI",
        "OBJECTID": 517,
        "landmark": ""
      }
    },
    {
      "type": "Feature",
      "id": 517,
      "geometry": {
        "type": "Point",
        "coordinates": [
          54.372231130000046,
          24.471571429000051,
          0
        ]
      },
      "properties": {
        "FID": 517,
        "X": 54.372230999999999,
        "Y": 24.471571428499999,
        "name": "محطة شارع هزاع بن زايد/ الوحدة مول",
        "zones": "الدانة",
        "direction": "أ",
        "description": "شارع هزاع بن زايد/ الوحدة مول",
        "stationType": 3,
        "regionCode": "AE-ABU-DHABI",
        "OBJECTID": 518,
        "landmark": ""
      }
    },
    {
      "type": "Feature",
      "id": 518,
      "geometry": {
        "type": "Point",
        "coordinates": [
          54.37296857900003,
          24.471674513000039,
          0
        ]
      },
      "properties": {
        "FID": 518,
        "X": 54.372968999999998,
        "Y": 24.4716745134,
        "name": "محطة شارع هزاع بن زايد/ الوحدة مول",
        "zones": " ",
        "direction": "ب",
        "description": "شارع هزاع بن زايد/ الوحدة مول",
        "stationType": 3,
        "regionCode": "AE-ABU-DHABI",
        "OBJECTID": 519,
        "landmark": ""
      }
    },
    {
      "type": "Feature",
      "id": 519,
      "geometry": {
        "type": "Point",
        "coordinates": [
          54.373863614000072,
          24.472737034000033,
          0
        ]
      },
      "properties": {
        "FID": 519,
        "X": 54.373863999999998,
        "Y": 24.4727370335,
        "name": "محطة شارع هزاع بن زايد / محطة حافلات أبوظبي",
        "zones": "الدانة",
        "direction": "أ",
        "description": "شارع هزاع بن زايد / محطة حافلات أبوظبي",
        "stationType": 3,
        "regionCode": "AE-ABU-DHABI",
        "OBJECTID": 520,
        "landmark": ""
      }
    },
    {
      "type": "Feature",
      "id": 520,
      "geometry": {
        "type": "Point",
        "coordinates": [
          54.379548963000047,
          24.476292557000079,
          0
        ]
      },
      "properties": {
        "FID": 520,
        "X": 54.379548999999997,
        "Y": 24.476292556600001,
        "name": "محطة شارع هزاع بن زايد/ كلية التقنية العليا",
        "zones": "ال نهيان",
        "direction": "أ",
        "description": "شارع هزاع بن زايد/ كلية التقنية العليا",
        "stationType": 3,
        "regionCode": "AE-ABU-DHABI",
        "OBJECTID": 521,
        "landmark": ""
      }
    },
    {
      "type": "Feature",
      "id": 521,
      "geometry": {
        "type": "Point",
        "coordinates": [
          54.378762749000032,
          24.476161579000063,
          0
        ]
      },
      "properties": {
        "FID": 521,
        "X": 54.378762999999999,
        "Y": 24.476161578900001,
        "name": "محطة شارع هزاع بن زايد/ كلية التقنية العليا",
        "zones": "الدانة",
        "direction": "ب",
        "description": "شارع هزاع بن زايد/ كلية التقنية العليا",
        "stationType": 3,
        "regionCode": "AE-ABU-DHABI",
        "OBJECTID": 522,
        "landmark": ""
      }
    },
    {
      "type": "Feature",
      "id": 522,
      "geometry": {
        "type": "Point",
        "coordinates": [
          54.380162124000037,
          24.477160617000038,
          0
        ]
      },
      "properties": {
        "FID": 522,
        "X": 54.380161999999999,
        "Y": 24.477160617300001,
        "name": "محطة شارع هزاع بن زايد/ كلية التقنية العليا",
        "zones": "الدانة",
        "direction": "أ",
        "description": "شارع هزاع بن زايد/ كلية التقنية العليا",
        "stationType": 3,
        "regionCode": "AE-ABU-DHABI",
        "OBJECTID": 523,
        "landmark": ""
      }
    },
    {
      "type": "Feature",
      "id": 523,
      "geometry": {
        "type": "Point",
        "coordinates": [
          54.367346249000036,
          24.476955756000052,
          0
        ]
      },
      "properties": {
        "FID": 523,
        "X": 54.367345999999998,
        "Y": 24.476955755599999,
        "name": "محطة شارع الفلاح / مسجد عيسى عبيد بطي العجماني",
        "zones": "الدانة",
        "direction": "أ",
        "description": "شارع الفلاح / مسجد عيسى عبيد بطي العجماني",
        "stationType": 3,
        "regionCode": "AE-ABU-DHABI",
        "OBJECTID": 524,
        "landmark": ""
      }
    },
    {
      "type": "Feature",
      "id": 524,
      "geometry": {
        "type": "Point",
        "coordinates": [
          54.366928643000051,
          24.47711995700007,
          0
        ]
      },
      "properties": {
        "FID": 524,
        "X": 54.366928999999999,
        "Y": 24.477119956599999,
        "name": "محطة شارع الفلاح / مسجد عيسى عبيد بطي العجماني",
        "zones": "الدانة",
        "direction": "ب",
        "description": "شارع الفلاح / مسجد عيسى عبيد بطي العجماني",
        "stationType": 3,
        "regionCode": "AE-ABU-DHABI",
        "OBJECTID": 525,
        "landmark": ""
      }
    },
    {
      "type": "Feature",
      "id": 525,
      "geometry": {
        "type": "Point",
        "coordinates": [
          54.368803366000066,
          24.478019079000035,
          0
        ]
      },
      "properties": {
        "FID": 525,
        "X": 54.368803,
        "Y": 24.478019078799999,
        "name": "محطة شارع الفلاح / مدارس القمة الدولية",
        "zones": "الدانة",
        "direction": "أ",
        "description": "شارع الفلاح / مدارس القمة الدولية",
        "stationType": 3,
        "regionCode": "AE-ABU-DHABI",
        "OBJECTID": 526,
        "landmark": ""
      }
    },
    {
      "type": "Feature",
      "id": 526,
      "geometry": {
        "type": "Point",
        "coordinates": [
          54.368648548000067,
          24.47835032200004,
          0
        ]
      },
      "properties": {
        "FID": 526,
        "X": 54.368648999999998,
        "Y": 24.478350321499999,
        "name": "محطة شارع الفلاح / مدارس القمة الدولية",
        "zones": "الدانة",
        "direction": "ب",
        "description": "شارع الفلاح / مدارس القمة الدولية",
        "stationType": 3,
        "regionCode": "AE-ABU-DHABI",
        "OBJECTID": 527,
        "landmark": ""
      }
    },
    {
      "type": "Feature",
      "id": 527,
      "geometry": {
        "type": "Point",
        "coordinates": [
          54.37131131700005,
          24.479768571000022,
          0
        ]
      },
      "properties": {
        "FID": 527,
        "X": 54.371310999999999,
        "Y": 24.479768571299999,
        "name": "محطة شارع الفلاح / مستشفى ميديور",
        "zones": "الدانة",
        "direction": "أ",
        "description": "شارع الفلاح / مستشفى ميديور",
        "stationType": 3,
        "regionCode": "AE-ABU-DHABI",
        "OBJECTID": 528,
        "landmark": ""
      }
    },
    {
      "type": "Feature",
      "id": 528,
      "geometry": {
        "type": "Point",
        "coordinates": [
          54.37105848300007,
          24.480071034000048,
          0
        ]
      },
      "properties": {
        "FID": 528,
        "X": 54.371057999999998,
        "Y": 24.480071033800002,
        "name": "محطة شارع الفلاح / مستشفى ميديور",
        "zones": "الدانة",
        "direction": "ب",
        "description": "شارع الفلاح / مستشفى ميديور",
        "stationType": 3,
        "regionCode": "AE-ABU-DHABI",
        "OBJECTID": 529,
        "landmark": ""
      }
    },
    {
      "type": "Feature",
      "id": 529,
      "geometry": {
        "type": "Point",
        "coordinates": [
          54.374081020000062,
          24.481739190000042,
          0
        ]
      },
      "properties": {
        "FID": 529,
        "X": 54.374080999999997,
        "Y": 24.481739190100001,
        "name": "محطة شارع الفلاح / مسجد عبد الخالق عبد الله الخوري",
        "zones": "الدانة",
        "direction": "أ",
        "description": "شارع الفلاح / مسجد عبد الخالق عبد الله الخوري",
        "stationType": 3,
        "regionCode": "AE-ABU-DHABI",
        "OBJECTID": 530,
        "landmark": ""
      }
    },
    {
      "type": "Feature",
      "id": 530,
      "geometry": {
        "type": "Point",
        "coordinates": [
          54.373886964000064,
          24.482060731000047,
          0
        ]
      },
      "properties": {
        "FID": 530,
        "X": 54.373887000000003,
        "Y": 24.482060730699999,
        "name": "محطة شارع الفلاح / مسجد عبد الخالق عبد الله الخوري",
        "zones": "الدانة",
        "direction": "ب",
        "description": "شارع الفلاح / مسجد عبد الخالق عبد الله الخوري",
        "stationType": 3,
        "regionCode": "AE-ABU-DHABI",
        "OBJECTID": 531,
        "landmark": ""
      }
    },
    {
      "type": "Feature",
      "id": 531,
      "geometry": {
        "type": "Point",
        "coordinates": [
          54.374473871000077,
          24.495112705000054,
          0
        ]
      },
      "properties": {
        "FID": 531,
        "X": 54.374473999999999,
        "Y": 24.4951127048,
        "name": "محطة شارع الشيخ زايد بن سلطان \\ حديقة إليكترا",
        "zones": "الزاهية",
        "direction": "أ",
        "description": "شارع الشيخ زايد بن سلطان \\ حديقة إليكترا",
        "stationType": 3,
        "regionCode": "AE-ABU-DHABI",
        "OBJECTID": 532,
        "landmark": ""
      }
    },
    {
      "type": "Feature",
      "id": 532,
      "geometry": {
        "type": "Point",
        "coordinates": [
          54.373728784000036,
          24.495370503000061,
          0
        ]
      },
      "properties": {
        "FID": 532,
        "X": 54.373728999999997,
        "Y": 24.4953705028,
        "name": "محطة شارع الشيخ زايد بن سلطان \\ حديقة إليكترا",
        "zones": "الدانة",
        "direction": "ب",
        "description": "شارع الشيخ زايد بن سلطان \\ حديقة إليكترا",
        "stationType": 3,
        "regionCode": "AE-ABU-DHABI",
        "OBJECTID": 533,
        "landmark": ""
      }
    },
    {
      "type": "Feature",
      "id": 533,
      "geometry": {
        "type": "Point",
        "coordinates": [
          54.37613772900005,
          24.492406933000041,
          0
        ]
      },
      "properties": {
        "FID": 533,
        "X": 54.376137999999997,
        "Y": 24.4924069335,
        "name": "محطة شارع الشيخ زايد بن سلطان / أدنوك",
        "zones": "الدانة",
        "direction": "أ",
        "description": "شارع الشيخ زايد بن سلطان / أدنوك",
        "stationType": 3,
        "regionCode": "AE-ABU-DHABI",
        "OBJECTID": 534,
        "landmark": ""
      }
    },
    {
      "type": "Feature",
      "id": 534,
      "geometry": {
        "type": "Point",
        "coordinates": [
          54.376233444000036,
          24.493022328000052,
          0
        ]
      },
      "properties": {
        "FID": 534,
        "X": 54.376232999999999,
        "Y": 24.493022327999999,
        "name": "محطة شارع الشيخ زايد بن سلطان / أدنوك",
        "zones": "الزاهية",
        "direction": "ب",
        "description": "شارع الشيخ زايد بن سلطان / أدنوك",
        "stationType": 3,
        "regionCode": "AE-ABU-DHABI",
        "OBJECTID": 535,
        "landmark": ""
      }
    },
    {
      "type": "Feature",
      "id": 535,
      "geometry": {
        "type": "Point",
        "coordinates": [
          54.378408414000035,
          24.490397615000063,
          0
        ]
      },
      "properties": {
        "FID": 535,
        "X": 54.378408,
        "Y": 24.490397614599999,
        "name": "محطة شارع الشيخ زايد بن سلطان / مركز إدارة المرور أبو ظبي",
        "zones": " ",
        "direction": "أ",
        "description": "شارع الشيخ زايد بن سلطان / مركز إدارة المرور أبو ظبي",
        "stationType": 3,
        "regionCode": "AE-ABU-DHABI",
        "OBJECTID": 536,
        "landmark": ""
      }
    },
    {
      "type": "Feature",
      "id": 536,
      "geometry": {
        "type": "Point",
        "coordinates": [
          54.377996950000067,
          24.490264111000045,
          0
        ]
      },
      "properties": {
        "FID": 536,
        "X": 54.377997000000001,
        "Y": 24.490264110599998,
        "name": "محطة شارع الشيخ زايد بن سلطان / مركز إدارة المرور أبو ظبي",
        "zones": "الدانة",
        "direction": "ب",
        "description": "شارع الشيخ زايد بن سلطان / مركز إدارة المرور أبو ظبي",
        "stationType": 3,
        "regionCode": "AE-ABU-DHABI",
        "OBJECTID": 537,
        "landmark": ""
      }
    },
    {
      "type": "Feature",
      "id": 537,
      "geometry": {
        "type": "Point",
        "coordinates": [
          54.380187946000035,
          24.48828947800007,
          0
        ]
      },
      "properties": {
        "FID": 537,
        "X": 54.380187999999997,
        "Y": 24.4882894775,
        "name": "محطة شارع الشيخ زايد بن سلطان / بلدية ابوظبي",
        "zones": " ",
        "direction": "أ",
        "description": "شارع الشيخ زايد بن سلطان / بلدية ابوظبي",
        "stationType": 3,
        "regionCode": "AE-ABU-DHABI",
        "OBJECTID": 538,
        "landmark": ""
      }
    },
    {
      "type": "Feature",
      "id": 538,
      "geometry": {
        "type": "Point",
        "coordinates": [
          54.382399049000071,
          24.485340404000056,
          0
        ]
      },
      "properties": {
        "FID": 538,
        "X": 54.382398999999999,
        "Y": 24.485340403999999,
        "name": "محطة شارع الشيخ زايد بن سلطان / شارع الفلاح",
        "zones": "الدانة",
        "direction": "أ",
        "description": "شارع الشيخ زايد بن سلطان / شارع الفلاح",
        "stationType": 3,
        "regionCode": "AE-ABU-DHABI",
        "OBJECTID": 539,
        "landmark": ""
      }
    },
    {
      "type": "Feature",
      "id": 539,
      "geometry": {
        "type": "Point",
        "coordinates": [
          54.38457543100003,
          24.482634377000068,
          0
        ]
      },
      "properties": {
        "FID": 539,
        "X": 54.384574999999998,
        "Y": 24.482634377,
        "name": "محطة شارع الشيخ زايد بن سلطان / ش هزاع بن زايد",
        "zones": "الدانة",
        "direction": "أ",
        "description": "شارع الشيخ زايد بن سلطان / ش هزاع بن زايد",
        "stationType": 3,
        "regionCode": "AE-ABU-DHABI",
        "OBJECTID": 540,
        "landmark": ""
      }
    },
    {
      "type": "Feature",
      "id": 540,
      "geometry": {
        "type": "Point",
        "coordinates": [
          54.373209700000075,
          24.489025613000024,
          0
        ]
      },
      "properties": {
        "FID": 540,
        "X": 54.37321,
        "Y": 24.489025613399999,
        "name": "محطة شارع محمد بن بطي آل حامد / أكاديمية الفلاح",
        "zones": "الدانة",
        "direction": "أ",
        "description": "شارع محمد بن بطي آل حامد / أكاديمية الفلاح",
        "stationType": 3,
        "regionCode": "AE-ABU-DHABI",
        "OBJECTID": 541,
        "landmark": ""
      }
    },
    {
      "type": "Feature",
      "id": 541,
      "geometry": {
        "type": "Point",
        "coordinates": [
          54.373332883000046,
          24.488793096000052,
          0
        ]
      },
      "properties": {
        "FID": 541,
        "X": 54.373333000000002,
        "Y": 24.488793095799998,
        "name": "محطة شارع محمد بن بطي آل حامد / أكاديمية الفلاح",
        "zones": "الدانة",
        "direction": "ب",
        "description": "شارع محمد بن بطي آل حامد / أكاديمية الفلاح",
        "stationType": 3,
        "regionCode": "AE-ABU-DHABI",
        "OBJECTID": 542,
        "landmark": ""
      }
    },
    {
      "type": "Feature",
      "id": 542,
      "geometry": {
        "type": "Point",
        "coordinates": [
          54.376240084000074,
          24.490802183000028,
          0
        ]
      },
      "properties": {
        "FID": 542,
        "X": 54.376240000000003,
        "Y": 24.490802183,
        "name": "محطة شارع محمد بن بطي آل حامد / بلدية أبوظبي",
        "zones": "الدانة",
        "direction": "أ",
        "description": "شارع محمد بن بطي آل حامد / بلدية أبوظبي",
        "stationType": 3,
        "regionCode": "AE-ABU-DHABI",
        "OBJECTID": 543,
        "landmark": ""
      }
    },
    {
      "type": "Feature",
      "id": 543,
      "geometry": {
        "type": "Point",
        "coordinates": [
          54.376037843000063,
          24.491042354000058,
          0
        ]
      },
      "properties": {
        "FID": 543,
        "X": 54.376038000000001,
        "Y": 24.491042354200001,
        "name": "محطة شارع محمد بن بطي آل حامد / بلدية أبوظبي",
        "zones": "الدانة",
        "direction": "ب",
        "description": "شارع محمد بن بطي آل حامد / بلدية أبوظبي",
        "stationType": 3,
        "regionCode": "AE-ABU-DHABI",
        "OBJECTID": 544,
        "landmark": ""
      }
    },
    {
      "type": "Feature",
      "id": 544,
      "geometry": {
        "type": "Point",
        "coordinates": [
          54.378310893000048,
          24.492246140000077,
          0
        ]
      },
      "properties": {
        "FID": 544,
        "X": 54.378310999999997,
        "Y": 24.492246139799999,
        "name": "محطة شارع محمد بن بطي آل حامد / مسجد بلال بن ربيعة",
        "zones": "الزاهية",
        "direction": "أ",
        "description": "شارع محمد بن بطي آل حامد / مسجد بلال بن ربيعة",
        "stationType": 3,
        "regionCode": "AE-ABU-DHABI",
        "OBJECTID": 545,
        "landmark": ""
      }
    },
    {
      "type": "Feature",
      "id": 545,
      "geometry": {
        "type": "Point",
        "coordinates": [
          54.377913714000044,
          24.492374622000057,
          0
        ]
      },
      "properties": {
        "FID": 545,
        "X": 54.377913999999997,
        "Y": 24.4923746216,
        "name": "محطة شارع محمد بن بطي آل حامد / مسجد بلال بن ربيعة",
        "zones": "الزاهية",
        "direction": "ب",
        "description": "شارع محمد بن بطي آل حامد / مسجد بلال بن ربيعة",
        "stationType": 3,
        "regionCode": "AE-ABU-DHABI",
        "OBJECTID": 546,
        "landmark": ""
      }
    },
    {
      "type": "Feature",
      "id": 546,
      "geometry": {
        "type": "Point",
        "coordinates": [
          54.380567906000067,
          24.494225806000031,
          0
        ]
      },
      "properties": {
        "FID": 546,
        "X": 54.380567999999997,
        "Y": 24.494225805700001,
        "name": "محطة شارع محمد بن بطي آل حامد / شارع الز\u0651\u064Eعامة",
        "zones": "الزاهية",
        "direction": "أ",
        "description": "شارع محمد بن بطي آل حامد / شارع الز\u0651\u064Eعامة",
        "stationType": 3,
        "regionCode": "AE-ABU-DHABI",
        "OBJECTID": 547,
        "landmark": ""
      }
    },
    {
      "type": "Feature",
      "id": 547,
      "geometry": {
        "type": "Point",
        "coordinates": [
          54.380653514000073,
          24.493902375000062,
          0
        ]
      },
      "properties": {
        "FID": 547,
        "X": 54.380654,
        "Y": 24.493902374699999,
        "name": "محطة شارع محمد بن بطي آل حامد / شارع الز\u0651\u064Eعامة",
        "zones": "الزاهية",
        "direction": "ب",
        "description": "شارع محمد بن بطي آل حامد / شارع الز\u0651\u064Eعامة",
        "stationType": 3,
        "regionCode": "AE-ABU-DHABI",
        "OBJECTID": 548,
        "landmark": ""
      }
    },
    {
      "type": "Feature",
      "id": 548,
      "geometry": {
        "type": "Point",
        "coordinates": [
          54.381317568000043,
          24.490890366000031,
          0
        ]
      },
      "properties": {
        "FID": 548,
        "X": 54.381318,
        "Y": 24.4908903657,
        "name": "محطة شارع الريم / مسجد بلال بن رباح",
        "zones": "الزاهية",
        "direction": "أ",
        "description": "شارع الريم / مسجد بلال بن رباح",
        "stationType": 3,
        "regionCode": "AE-ABU-DHABI",
        "OBJECTID": 549,
        "landmark": ""
      }
    },
    {
      "type": "Feature",
      "id": 549,
      "geometry": {
        "type": "Point",
        "coordinates": [
          54.381373033000045,
          24.490593487000069,
          0
        ]
      },
      "properties": {
        "FID": 549,
        "X": 54.381373000000004,
        "Y": 24.490593487400002,
        "name": "محطة شارع الريم / مسجد بلال بن رباح",
        "zones": "الزاهية",
        "direction": "ب",
        "description": "شارع الريم / مسجد بلال بن رباح",
        "stationType": 3,
        "regionCode": "AE-ABU-DHABI",
        "OBJECTID": 550,
        "landmark": ""
      }
    },
    {
      "type": "Feature",
      "id": 550,
      "geometry": {
        "type": "Point",
        "coordinates": [
          54.37718145100007,
          24.484410470000057,
          0
        ]
      },
      "properties": {
        "FID": 550,
        "X": 54.377181,
        "Y": 24.484410470299999,
        "name": "محطة شارع الفلاح / وزارة المالية",
        "zones": "الدانة",
        "direction": "أ",
        "description": "شارع الفلاح / وزارة المالية",
        "stationType": 3,
        "regionCode": "AE-ABU-DHABI",
        "OBJECTID": 551,
        "landmark": ""
      }
    },
    {
      "type": "Feature",
      "id": 551,
      "geometry": {
        "type": "Point",
        "coordinates": [
          54.376909589000036,
          24.483728837000058,
          0
        ]
      },
      "properties": {
        "FID": 551,
        "X": 54.376910000000002,
        "Y": 24.483728837099999,
        "name": "محطة شارع الفلاح / وزارة المالية",
        "zones": "الدانة",
        "direction": "ب",
        "description": "شارع الفلاح / وزارة المالية",
        "stationType": 3,
        "regionCode": "AE-ABU-DHABI",
        "OBJECTID": 552,
        "landmark": ""
      }
    },
    {
      "type": "Feature",
      "id": 552,
      "geometry": {
        "type": "Point",
        "coordinates": [
          54.372371643000065,
          24.468604500000026,
          0
        ]
      },
      "properties": {
        "FID": 552,
        "X": 54.372371999999999,
        "Y": 24.468604500200001,
        "name": "محطة شارع الشيخ راشد بن سعيد / الوحدة مول",
        "zones": "ال نهيان",
        "direction": "أ",
        "description": "شارع الشيخ راشد بن سعيد / الوحدة مول",
        "stationType": 3,
        "regionCode": "AE-ABU-DHABI",
        "OBJECTID": 553,
        "landmark": ""
      }
    },
    {
      "type": "Feature",
      "id": 553,
      "geometry": {
        "type": "Point",
        "coordinates": [
          54.371989453000026,
          24.468489545000068,
          0
        ]
      },
      "properties": {
        "FID": 553,
        "X": 54.371988999999999,
        "Y": 24.468489544899999,
        "name": "محطة شارع الشيخ راشد بن سعيد / الوحدة مول",
        "zones": "ال نهيان",
        "direction": "ب",
        "description": "شارع الشيخ راشد بن سعيد / الوحدة مول",
        "stationType": 3,
        "regionCode": "AE-ABU-DHABI",
        "OBJECTID": 554,
        "landmark": ""
      }
    },
    {
      "type": "Feature",
      "id": 554,
      "geometry": {
        "type": "Point",
        "coordinates": [
          54.374317188000077,
          24.46656248000005,
          0
        ]
      },
      "properties": {
        "FID": 554,
        "X": 54.374316999999998,
        "Y": 24.4665624802,
        "name": "محطة شارع الشيخ راشد بن سعيد / مسجد عمر بن الخطاب",
        "zones": "ال نهيان",
        "direction": "أ",
        "description": "شارع الشيخ راشد بن سعيد / مسجد عمر بن الخطاب",
        "stationType": 3,
        "regionCode": "AE-ABU-DHABI",
        "OBJECTID": 555,
        "landmark": ""
      }
    },
    {
      "type": "Feature",
      "id": 555,
      "geometry": {
        "type": "Point",
        "coordinates": [
          54.37400587500008,
          24.466358508000042,
          0
        ]
      },
      "properties": {
        "FID": 555,
        "X": 54.374006000000001,
        "Y": 24.466358507799999,
        "name": "محطة شارع الشيخ راشد بن سعيد / مسجد عمر بن الخطاب",
        "zones": "ال نهيان",
        "direction": "ب",
        "description": "شارع الشيخ راشد بن سعيد / مسجد عمر بن الخطاب",
        "stationType": 3,
        "regionCode": "AE-ABU-DHABI",
        "OBJECTID": 556,
        "landmark": ""
      }
    },
    {
      "type": "Feature",
      "id": 556,
      "geometry": {
        "type": "Point",
        "coordinates": [
          54.376534797000033,
          24.46423634100006,
          0
        ]
      },
      "properties": {
        "FID": 556,
        "X": 54.376534999999997,
        "Y": 24.464236340799999,
        "name": "محطة شارع راشد بن سعيد / مجلس أبوظبي للجودة والمطابقة",
        "zones": "ال نهيان",
        "direction": "أ",
        "description": "شارع راشد بن سعيد / مجلس أبوظبي للجودة والمطابقة",
        "stationType": 3,
        "regionCode": "AE-ABU-DHABI",
        "OBJECTID": 557,
        "landmark": ""
      }
    },
    {
      "type": "Feature",
      "id": 557,
      "geometry": {
        "type": "Point",
        "coordinates": [
          54.378844025000035,
          24.461767345000055,
          0
        ]
      },
      "properties": {
        "FID": 557,
        "X": 54.378844000000001,
        "Y": 24.4617673447,
        "name": "محطة شارع الشيخ راشد بن سعيد / مسجد مريم غانم الرميثي",
        "zones": "ال نهيان",
        "direction": "أ",
        "description": "شارع الشيخ راشد بن سعيد / مسجد مريم غانم الرميثي",
        "stationType": 3,
        "regionCode": "AE-ABU-DHABI",
        "OBJECTID": 558,
        "landmark": ""
      }
    },
    {
      "type": "Feature",
      "id": 558,
      "geometry": {
        "type": "Point",
        "coordinates": [
          54.378623296000058,
          24.461474699000064,
          0
        ]
      },
      "properties": {
        "FID": 558,
        "X": 54.378622999999997,
        "Y": 24.461474698899998,
        "name": "محطة شارع الشيخ راشد بن سعيد / مسجد مريم غانم الرميثي",
        "zones": "المنهل",
        "direction": "ب",
        "description": "شارع الشيخ راشد بن سعيد / مسجد مريم غانم الرميثي",
        "stationType": 3,
        "regionCode": "AE-ABU-DHABI",
        "OBJECTID": 559,
        "landmark": ""
      }
    },
    {
      "type": "Feature",
      "id": 559,
      "geometry": {
        "type": "Point",
        "coordinates": [
          54.380759227000055,
          24.459751776000076,
          0
        ]
      },
      "properties": {
        "FID": 559,
        "X": 54.380758999999998,
        "Y": 24.459751776099999,
        "name": "محطة شارع الشيخ راشد بن سعيد / محطة ايواء الحافلات مركز النقل المتكامل",
        "zones": "ال نهيان",
        "direction": "أ",
        "description": "شارع الشيخ راشد بن سعيد / محطة ايواء الحافلات مركز النقل المتكامل",
        "stationType": 3,
        "regionCode": "AE-ABU-DHABI",
        "OBJECTID": 560,
        "landmark": ""
      }
    },
    {
      "type": "Feature",
      "id": 560,
      "geometry": {
        "type": "Point",
        "coordinates": [
          54.380458335000071,
          24.459520921000035,
          0
        ]
      },
      "properties": {
        "FID": 560,
        "X": 54.380457999999997,
        "Y": 24.459520921399999,
        "name": "محطة شارع الشيخ راشد بن سعيد / محطة ايواء الحافلات مركز النقل المتكامل",
        "zones": "المنهل",
        "direction": "ب",
        "description": "شارع الشيخ راشد بن سعيد / محطة ايواء الحافلات مركز النقل المتكامل",
        "stationType": 3,
        "regionCode": "AE-ABU-DHABI",
        "OBJECTID": 561,
        "landmark": ""
      }
    },
    {
      "type": "Feature",
      "id": 561,
      "geometry": {
        "type": "Point",
        "coordinates": [
          54.384167083000079,
          24.456119386000069,
          0
        ]
      },
      "properties": {
        "FID": 561,
        "X": 54.384166999999998,
        "Y": 24.456119385600001,
        "name": "محطة شارع الشيخ راشد بن سعيد / مدرسة الوردية",
        "zones": "ال نهيان",
        "direction": "أ",
        "description": "شارع الشيخ راشد بن سعيد / مدرسة الوردية",
        "stationType": 3,
        "regionCode": "AE-ABU-DHABI",
        "OBJECTID": 562,
        "landmark": ""
      }
    },
    {
      "type": "Feature",
      "id": 562,
      "geometry": {
        "type": "Point",
        "coordinates": [
          54.383764643000063,
          24.456031188000054,
          0
        ]
      },
      "properties": {
        "FID": 562,
        "X": 54.383764999999997,
        "Y": 24.456031187800001,
        "name": "محطة شارع الشيخ راشد بن سعيد / مدرسة الوردية",
        "zones": "المشرف",
        "direction": "ب",
        "description": "شارع الشيخ راشد بن سعيد / مدرسة الوردية",
        "stationType": 3,
        "regionCode": "AE-ABU-DHABI",
        "OBJECTID": 563,
        "landmark": ""
      }
    },
    {
      "type": "Feature",
      "id": 563,
      "geometry": {
        "type": "Point",
        "coordinates": [
          54.386767803000055,
          24.453366475000053,
          0
        ]
      },
      "properties": {
        "FID": 563,
        "X": 54.386767999999996,
        "Y": 24.453366475100001,
        "name": "محطة شارع الشيخ راشد بن سعيد / وزارة الاعلام و الثقافة",
        "zones": "ال نهيان",
        "direction": "أ",
        "description": "شارع الشيخ راشد بن سعيد / وزارة الاعلام و الثقافة",
        "stationType": 3,
        "regionCode": "AE-ABU-DHABI",
        "OBJECTID": 564,
        "landmark": ""
      }
    },
    {
      "type": "Feature",
      "id": 564,
      "geometry": {
        "type": "Point",
        "coordinates": [
          54.386496482000041,
          24.453136144000041,
          0
        ]
      },
      "properties": {
        "FID": 564,
        "X": 54.386496000000001,
        "Y": 24.453136143999998,
        "name": "محطة شارع الشيخ راشد بن سعيد / وزارة الاعلام و الثقافة",
        "zones": "المشرف",
        "direction": "ب",
        "description": "شارع الشيخ راشد بن سعيد / وزارة الاعلام و الثقافة",
        "stationType": 3,
        "regionCode": "AE-ABU-DHABI",
        "OBJECTID": 565,
        "landmark": ""
      }
    },
    {
      "type": "Feature",
      "id": 565,
      "geometry": {
        "type": "Point",
        "coordinates": [
          54.388764207000065,
          24.450747479000029,
          0
        ]
      },
      "properties": {
        "FID": 565,
        "X": 54.388764000000002,
        "Y": 24.4507474786,
        "name": "محطة  شارع الشيخ راشد بن سعيد / نادي الجزيرة الرياضي",
        "zones": "المشرف",
        "direction": "ب",
        "description": "شارع الشيخ راشد بن سعيد / نادي الجزيرة الرياضي",
        "stationType": 3,
        "regionCode": "AE-ABU-DHABI",
        "OBJECTID": 566,
        "landmark": ""
      }
    },
    {
      "type": "Feature",
      "id": 566,
      "geometry": {
        "type": "Point",
        "coordinates": [
          54.38818862800008,
          24.451883776000045,
          0
        ]
      },
      "properties": {
        "FID": 566,
        "X": 54.388188999999997,
        "Y": 24.451883775500001,
        "name": "محطة  شارع الشيخ راشد بن سعيد / نادي الجزيرة الرياضي",
        "zones": "ال نهيان",
        "direction": "أ",
        "description": "شارع الشيخ راشد بن سعيد / نادي الجزيرة الرياضي",
        "stationType": 3,
        "regionCode": "AE-ABU-DHABI",
        "OBJECTID": 567,
        "landmark": ""
      }
    },
    {
      "type": "Feature",
      "id": 567,
      "geometry": {
        "type": "Point",
        "coordinates": [
          54.391941384000063,
          24.448239087000047,
          0
        ]
      },
      "properties": {
        "FID": 567,
        "X": 54.391941000000003,
        "Y": 24.448239087200001,
        "name": "محطة شارع الشيخ راشد بن سعيد/ دائرة الهجرة والجوازات",
        "zones": "ال نهيان",
        "direction": "أ",
        "description": "شارع الشيخ راشد بن سعيد/ دائرة الهجرة والجوازات",
        "stationType": 3,
        "regionCode": "AE-ABU-DHABI",
        "OBJECTID": 568,
        "landmark": ""
      }
    },
    {
      "type": "Feature",
      "id": 568,
      "geometry": {
        "type": "Point",
        "coordinates": [
          54.391331794000052,
          24.447678007000036,
          0
        ]
      },
      "properties": {
        "FID": 568,
        "X": 54.391331999999998,
        "Y": 24.447678006499999,
        "name": "محطة شارع الشيخ راشد بن سعيد/ دائرة الهجرة والجوازات",
        "zones": "المشرف",
        "direction": "ب",
        "description": "شارع الشيخ راشد بن سعيد/ دائرة الهجرة والجوازات",
        "stationType": 3,
        "regionCode": "AE-ABU-DHABI",
        "OBJECTID": 569,
        "landmark": ""
      }
    },
    {
      "type": "Feature",
      "id": 569,
      "geometry": {
        "type": "Point",
        "coordinates": [
          54.393035334000047,
          24.445866186000046,
          0
        ]
      },
      "properties": {
        "FID": 569,
        "X": 54.393034999999998,
        "Y": 24.445866186100002,
        "name": "محطة شارع اشيخ راشد بن سعيد / جامعة خليفة",
        "zones": "المشرف",
        "direction": "أ",
        "description": "شارع اشيخ راشد بن سعيد / جامعة خليفة",
        "stationType": 3,
        "regionCode": "AE-ABU-DHABI",
        "OBJECTID": 570,
        "landmark": ""
      }
    },
    {
      "type": "Feature",
      "id": 570,
      "geometry": {
        "type": "Point",
        "coordinates": [
          54.394290178000062,
          24.44573439100003,
          0
        ]
      },
      "properties": {
        "FID": 570,
        "X": 54.394289999999998,
        "Y": 24.4457343911,
        "name": "محطة شارع اشيخ راشد بن سعيد / جامعة خليفة",
        "zones": "حدبة الزعفرانة",
        "direction": "ب",
        "description": "شارع اشيخ راشد بن سعيد / جامعة خليفة",
        "stationType": 3,
        "regionCode": "AE-ABU-DHABI",
        "OBJECTID": 571,
        "landmark": ""
      }
    },
    {
      "type": "Feature",
      "id": 571,
      "geometry": {
        "type": "Point",
        "coordinates": [
          54.367063482000049,
          24.464956036000046,
          0
        ]
      },
      "properties": {
        "FID": 571,
        "X": 54.367063000000002,
        "Y": 24.4649560356,
        "name": "محطة شارع الكرامة / مركز الروضة الصحي",
        "zones": "المنهل",
        "direction": "أ",
        "description": "شارع الكرامة / مركز الروضة الصحي",
        "stationType": 3,
        "regionCode": "AE-ABU-DHABI",
        "OBJECTID": 572,
        "landmark": ""
      }
    },
    {
      "type": "Feature",
      "id": 572,
      "geometry": {
        "type": "Point",
        "coordinates": [
          54.367324738000036,
          24.464247580000062,
          0
        ]
      },
      "properties": {
        "FID": 572,
        "X": 54.367325000000001,
        "Y": 24.464247580399999,
        "name": "محطة شارع الكرامة / مركز الروضة الصحي",
        "zones": "المنهل",
        "direction": "ب",
        "description": "شارع الكرامة / مركز الروضة الصحي",
        "stationType": 3,
        "regionCode": "AE-ABU-DHABI",
        "OBJECTID": 573,
        "landmark": ""
      }
    },
    {
      "type": "Feature",
      "id": 573,
      "geometry": {
        "type": "Point",
        "coordinates": [
          54.370632939000075,
          24.461164347000079,
          0
        ]
      },
      "properties": {
        "FID": 573,
        "X": 54.370632999999998,
        "Y": 24.461164347499999,
        "name": "محطة شارع الكرامة / مجمع الكرامة",
        "zones": "المنهل",
        "direction": "أ",
        "description": "شارع الكرامة / مجمع الكرامة",
        "stationType": 3,
        "regionCode": "AE-ABU-DHABI",
        "OBJECTID": 574,
        "landmark": ""
      }
    },
    {
      "type": "Feature",
      "id": 574,
      "geometry": {
        "type": "Point",
        "coordinates": [
          54.371105654000075,
          24.460242953000034,
          0
        ]
      },
      "properties": {
        "FID": 574,
        "X": 54.371105999999997,
        "Y": 24.460242953000002,
        "name": "محطة شارع الكرامة / مجمع الكرامة",
        "zones": "المنهل",
        "direction": "ب",
        "description": "شارع الكرامة / مجمع الكرامة",
        "stationType": 3,
        "regionCode": "AE-ABU-DHABI",
        "OBJECTID": 575,
        "landmark": ""
      }
    },
    {
      "type": "Feature",
      "id": 575,
      "geometry": {
        "type": "Point",
        "coordinates": [
          54.37363692100007,
          24.458003538000071,
          0
        ]
      },
      "properties": {
        "FID": 575,
        "X": 54.373637000000002,
        "Y": 24.458003538100002,
        "name": "محطة شارع الكرامة / مركز إن إم سي رويال الطبي",
        "zones": "المنهل",
        "direction": "أ",
        "description": "شارع الكرامة / مركز إن إم سي رويال الطبي",
        "stationType": 3,
        "regionCode": "AE-ABU-DHABI",
        "OBJECTID": 576,
        "landmark": ""
      }
    },
    {
      "type": "Feature",
      "id": 576,
      "geometry": {
        "type": "Point",
        "coordinates": [
          54.373565556000074,
          24.457641279000029,
          0
        ]
      },
      "properties": {
        "FID": 576,
        "X": 54.373565999999997,
        "Y": 24.457641278699999,
        "name": "محطة شارع الكرامة / مركز إن إم سي رويال الطبي",
        "zones": "المنهل",
        "direction": "ب",
        "description": "شارع الكرامة / مركز إن إم سي رويال الطبي",
        "stationType": 3,
        "regionCode": "AE-ABU-DHABI",
        "OBJECTID": 577,
        "landmark": ""
      }
    },
    {
      "type": "Feature",
      "id": 577,
      "geometry": {
        "type": "Point",
        "coordinates": [
          54.376278443000047,
          24.455197383000041,
          0
        ]
      },
      "properties": {
        "FID": 577,
        "X": 54.376277999999999,
        "Y": 24.455197383400002,
        "name": "محطة شارع الكرامة / شارع محمد بن خليفة",
        "zones": "المنهل",
        "direction": "أ",
        "description": "شارع الكرامة / شارع محمد بن خليفة",
        "stationType": 3,
        "regionCode": "AE-ABU-DHABI",
        "OBJECTID": 578,
        "landmark": ""
      }
    },
    {
      "type": "Feature",
      "id": 578,
      "geometry": {
        "type": "Point",
        "coordinates": [
          54.376096407000034,
          24.454941509000037,
          0
        ]
      },
      "properties": {
        "FID": 578,
        "X": 54.376095999999997,
        "Y": 24.454941508600001,
        "name": "محطة شارع الكرامة / شارع محمد بن خليفة",
        "zones": "المنهل",
        "direction": "ب",
        "description": "شارع الكرامة / شارع محمد بن خليفة",
        "stationType": 3,
        "regionCode": "AE-ABU-DHABI",
        "OBJECTID": 579,
        "landmark": ""
      }
    },
    {
      "type": "Feature",
      "id": 579,
      "geometry": {
        "type": "Point",
        "coordinates": [
          54.378736084000082,
          24.452694851000047,
          0
        ]
      },
      "properties": {
        "FID": 579,
        "X": 54.378736000000004,
        "Y": 24.4526948508,
        "name": "محطة شارع الكرامة / حديقة أم الإمارات",
        "zones": "المشرف",
        "direction": "أ",
        "description": "شارع الكرامة / حديقة أم الإمارات",
        "stationType": 3,
        "regionCode": "AE-ABU-DHABI",
        "OBJECTID": 580,
        "landmark": ""
      }
    },
    {
      "type": "Feature",
      "id": 580,
      "geometry": {
        "type": "Point",
        "coordinates": [
          54.378364910000073,
          24.45252595200003,
          0
        ]
      },
      "properties": {
        "FID": 580,
        "X": 54.378365000000002,
        "Y": 24.4525259525,
        "name": "محطة شارع الكرامة / حديقة أم الإمارات",
        "zones": "المشرف",
        "direction": "ب",
        "description": "شارع الكرامة / حديقة أم الإمارات",
        "stationType": 3,
        "regionCode": "AE-ABU-DHABI",
        "OBJECTID": 581,
        "landmark": ""
      }
    },
    {
      "type": "Feature",
      "id": 581,
      "geometry": {
        "type": "Point",
        "coordinates": [
          54.381306707000078,
          24.449968591000072,
          0
        ]
      },
      "properties": {
        "FID": 581,
        "X": 54.381307,
        "Y": 24.449968591200001,
        "name": "محطة شارع الكرامة / وزارة التسامح والتعايش",
        "zones": "المشرف",
        "direction": "أ",
        "description": "شارع الكرامة / وزارة التسامح والتعايش",
        "stationType": 3,
        "regionCode": "AE-ABU-DHABI",
        "OBJECTID": 582,
        "landmark": ""
      }
    },
    {
      "type": "Feature",
      "id": 582,
      "geometry": {
        "type": "Point",
        "coordinates": [
          54.381097152000052,
          24.449612965000028,
          0
        ]
      },
      "properties": {
        "FID": 582,
        "X": 54.381096999999997,
        "Y": 24.449612964699998,
        "name": "محطة شارع الكرامة / وزارة التسامح والتعايش",
        "zones": "المشرف",
        "direction": "ب",
        "description": "شارع الكرامة / وزارة التسامح والتعايش",
        "stationType": 3,
        "regionCode": "AE-ABU-DHABI",
        "OBJECTID": 583,
        "landmark": ""
      }
    },
    {
      "type": "Feature",
      "id": 583,
      "geometry": {
        "type": "Point",
        "coordinates": [
          54.383867176000081,
          24.447251129000051,
          0
        ]
      },
      "properties": {
        "FID": 583,
        "X": 54.383867000000002,
        "Y": 24.4472511293,
        "name": "محطة شارع الكرامة / نادي أبوظبي للفروسية",
        "zones": "المشرف",
        "direction": "أ",
        "description": "شارع الكرامة / نادي أبوظبي للفروسية",
        "stationType": 3,
        "regionCode": "AE-ABU-DHABI",
        "OBJECTID": 584,
        "landmark": ""
      }
    },
    {
      "type": "Feature",
      "id": 584,
      "geometry": {
        "type": "Point",
        "coordinates": [
          54.382609305000074,
          24.448005544000068,
          0
        ]
      },
      "properties": {
        "FID": 584,
        "X": 54.382609000000002,
        "Y": 24.448005544200001,
        "name": "محطة شارع الكرامة / نادي أبوظبي للفروسية",
        "zones": "المشرف",
        "direction": "ب",
        "description": "شارع الكرامة / نادي أبوظبي للفروسية",
        "stationType": 3,
        "regionCode": "AE-ABU-DHABI",
        "OBJECTID": 585,
        "landmark": ""
      }
    },
    {
      "type": "Feature",
      "id": 585,
      "geometry": {
        "type": "Point",
        "coordinates": [
          54.386164956000073,
          24.444835941000065,
          0
        ]
      },
      "properties": {
        "FID": 585,
        "X": 54.386164999999998,
        "Y": 24.444835941400001,
        "name": "محطة شارع الكرامة / نادي أبوظبي الريفي",
        "zones": "المشرف",
        "direction": "أ",
        "description": "شارع الكرامة / نادي أبوظبي الريفي",
        "stationType": 3,
        "regionCode": "AE-ABU-DHABI",
        "OBJECTID": 586,
        "landmark": ""
      }
    },
    {
      "type": "Feature",
      "id": 586,
      "geometry": {
        "type": "Point",
        "coordinates": [
          54.385179933000074,
          24.445270180000023,
          0
        ]
      },
      "properties": {
        "FID": 586,
        "X": 54.385179999999998,
        "Y": 24.4452701797,
        "name": "محطة شارع الكرامة / نادي أبوظبي الريفي",
        "zones": "المشرف",
        "direction": "ب",
        "description": "شارع الكرامة / نادي أبوظبي الريفي",
        "stationType": 3,
        "regionCode": "AE-ABU-DHABI",
        "OBJECTID": 587,
        "landmark": ""
      }
    },
    {
      "type": "Feature",
      "id": 587,
      "geometry": {
        "type": "Point",
        "coordinates": [
          54.388424156000042,
          24.442374918000041,
          0
        ]
      },
      "properties": {
        "FID": 587,
        "X": 54.388424000000001,
        "Y": 24.442374917599999,
        "name": "محطة شارع الكرامة / شارع شخبوط بن سلطان",
        "zones": "المشرف",
        "direction": "أ",
        "description": "شارع الكرامة / شارع شخبوط بن سلطان",
        "stationType": 3,
        "regionCode": "AE-ABU-DHABI",
        "OBJECTID": 588,
        "landmark": ""
      }
    },
    {
      "type": "Feature",
      "id": 588,
      "geometry": {
        "type": "Point",
        "coordinates": [
          54.388142067000047,
          24.442189532000043,
          0
        ]
      },
      "properties": {
        "FID": 588,
        "X": 54.388142000000002,
        "Y": 24.4421895324,
        "name": "محطة شارع الكرامة / شارع شخبوط بن سلطان",
        "zones": "المشرف",
        "direction": "ب",
        "description": "شارع الكرامة / شارع شخبوط بن سلطان",
        "stationType": 3,
        "regionCode": "AE-ABU-DHABI",
        "OBJECTID": 589,
        "landmark": ""
      }
    },
    {
      "type": "Feature",
      "id": 589,
      "geometry": {
        "type": "Point",
        "coordinates": [
          54.386515892000034,
          24.462225188000048,
          0
        ]
      },
      "properties": {
        "FID": 589,
        "X": 54.386516,
        "Y": 24.4622251885,
        "name": "محطة شارع سلطان بن زايد/ مسجد امين سعيد العوضي",
        "zones": "ال نهيان",
        "direction": "أ",
        "description": "شارع سلطان بن زايد/ مسجد امين سعيد العوضي",
        "stationType": 3,
        "regionCode": "AE-ABU-DHABI",
        "OBJECTID": 590,
        "landmark": ""
      }
    },
    {
      "type": "Feature",
      "id": 590,
      "geometry": {
        "type": "Point",
        "coordinates": [
          54.385019443000033,
          24.463065741000037,
          0
        ]
      },
      "properties": {
        "FID": 590,
        "X": 54.385019,
        "Y": 24.463065740699999,
        "name": "محطة شارع سلطان بن زايد/ مسجد امين سعيد العوضي",
        "zones": "ال نهيان",
        "direction": "ب",
        "description": "شارع سلطان بن زايد/ مسجد امين سعيد العوضي",
        "stationType": 3,
        "regionCode": "AE-ABU-DHABI",
        "OBJECTID": 591,
        "landmark": ""
      }
    },
    {
      "type": "Feature",
      "id": 591,
      "geometry": {
        "type": "Point",
        "coordinates": [
          54.389066117000027,
          24.459534550000058,
          0
        ]
      },
      "properties": {
        "FID": 591,
        "X": 54.389066,
        "Y": 24.459534550200001,
        "name": "محطة شارع سلطان بن زايد/ معهد الامارات المالي",
        "zones": "ال نهيان",
        "direction": "أ",
        "description": "شارع سلطان بن زايد/ معهد الامارات المالي",
        "stationType": 3,
        "regionCode": "AE-ABU-DHABI",
        "OBJECTID": 592,
        "landmark": ""
      }
    },
    {
      "type": "Feature",
      "id": 592,
      "geometry": {
        "type": "Point",
        "coordinates": [
          54.38868728500006,
          24.459257236000042,
          0
        ]
      },
      "properties": {
        "FID": 592,
        "X": 54.388686999999997,
        "Y": 24.459257236300001,
        "name": "محطة شارع سلطان بن زايد/ معهد الامارات المالي",
        "zones": "ال نهيان",
        "direction": "ب",
        "description": "شارع سلطان بن زايد/ معهد الامارات المالي",
        "stationType": 3,
        "regionCode": "AE-ABU-DHABI",
        "OBJECTID": 593,
        "landmark": ""
      }
    },
    {
      "type": "Feature",
      "id": 593,
      "geometry": {
        "type": "Point",
        "coordinates": [
          54.392527668000071,
          24.455198888000041,
          0
        ]
      },
      "properties": {
        "FID": 593,
        "X": 54.392527999999999,
        "Y": 24.455198888399998,
        "name": "محطة شارع سلطان بن زايد/ مركز الامارات للدراسات والبحوث الاستراتيجية",
        "zones": "ال نهيان",
        "direction": "ب",
        "description": "شارع سلطان بن زايد/ مركز الامارات للدراسات والبحوث الاستراتيجية",
        "stationType": 3,
        "regionCode": "AE-ABU-DHABI",
        "OBJECTID": 594,
        "landmark": ""
      }
    },
    {
      "type": "Feature",
      "id": 594,
      "geometry": {
        "type": "Point",
        "coordinates": [
          54.392916355000068,
          24.455476363000059,
          0
        ]
      },
      "properties": {
        "FID": 594,
        "X": 54.392916,
        "Y": 24.455476362599999,
        "name": "محطة شارع سلطان بن زايد/ مركز الامارات للدراسات والبحوث الاستراتيجية",
        "zones": "ال نهيان",
        "direction": "أ",
        "description": "شارع سلطان بن زايد/ مركز الامارات للدراسات والبحوث الاستراتيجية",
        "stationType": 3,
        "regionCode": "AE-ABU-DHABI",
        "OBJECTID": 595,
        "landmark": ""
      }
    },
    {
      "type": "Feature",
      "id": 595,
      "geometry": {
        "type": "Point",
        "coordinates": [
          54.395057906000034,
          24.452507784000034,
          0
        ]
      },
      "properties": {
        "FID": 595,
        "X": 54.395057999999999,
        "Y": 24.4525077839,
        "name": "محطة شارع سلطان بن زايد/ كلية أبو ظبي للطلاب",
        "zones": "ال نهيان",
        "direction": "أ",
        "description": "شارع سلطان بن زايد/ كلية أبو ظبي للطلاب",
        "stationType": 3,
        "regionCode": "AE-ABU-DHABI",
        "OBJECTID": 596,
        "landmark": ""
      }
    },
    {
      "type": "Feature",
      "id": 596,
      "geometry": {
        "type": "Point",
        "coordinates": [
          54.396202517000063,
          24.451985977000049,
          0
        ]
      },
      "properties": {
        "FID": 596,
        "X": 54.396203,
        "Y": 24.451985977100001,
        "name": "محطة شارع سلطان بن زايد/ كلية أبو ظبي للطلاب",
        "zones": "ال نهيان",
        "direction": "ب",
        "description": "شارع سلطان بن زايد/ كلية أبو ظبي للطلاب",
        "stationType": 3,
        "regionCode": "AE-ABU-DHABI",
        "OBJECTID": 597,
        "landmark": ""
      }
    },
    {
      "type": "Feature",
      "id": 597,
      "geometry": {
        "type": "Point",
        "coordinates": [
          54.378656131000071,
          24.464173889000051,
          0
        ]
      },
      "properties": {
        "FID": 597,
        "X": 54.378655999999999,
        "Y": 24.4641738895,
        "name": "محطة شارع الشيخة فاطمة بنت مبارك / مجمع زايد التعليمي",
        "zones": "ال نهيان",
        "direction": "أ",
        "description": "شارع الشيخة فاطمة بنت مبارك / مجمع زايد التعليمي",
        "stationType": 3,
        "regionCode": "AE-ABU-DHABI",
        "OBJECTID": 598,
        "landmark": ""
      }
    },
    {
      "type": "Feature",
      "id": 598,
      "geometry": {
        "type": "Point",
        "coordinates": [
          54.379042801000082,
          24.464072293000072,
          0
        ]
      },
      "properties": {
        "FID": 598,
        "X": 54.379043000000003,
        "Y": 24.464072293499999,
        "name": "محطة شارع الشيخة فاطمة بنت مبارك / مجمع زايد التعليمي",
        "zones": "ال نهيان",
        "direction": "ب",
        "description": "شارع الشيخة فاطمة بنت مبارك / مجمع زايد التعليمي",
        "stationType": 3,
        "regionCode": "AE-ABU-DHABI",
        "OBJECTID": 599,
        "landmark": ""
      }
    },
    {
      "type": "Feature",
      "id": 599,
      "geometry": {
        "type": "Point",
        "coordinates": [
          54.375909471000057,
          24.461581015000036,
          0
        ]
      },
      "properties": {
        "FID": 599,
        "X": 54.375909,
        "Y": 24.4615810146,
        "name": "محطة شارع الشيخة فاطمة بنت مبارك / مجلس أبوظبي للجودة والمطابقة",
        "zones": "المنهل",
        "direction": "أ",
        "description": "شارع الشيخة فاطمة بنت مبارك / مجلس أبوظبي للجودة والمطابقة",
        "stationType": 3,
        "regionCode": "AE-ABU-DHABI",
        "OBJECTID": 600,
        "landmark": ""
      }
    },
    {
      "type": "Feature",
      "id": 600,
      "geometry": {
        "type": "Point",
        "coordinates": [
          54.374427321000042,
          24.460779071000047,
          0
        ]
      },
      "properties": {
        "FID": 600,
        "X": 54.374426999999997,
        "Y": 24.460779070499999,
        "name": "محطة شارع الشيخة فاطمة بنت مبارك / مجلس أبوظبي للجودة والمطابقة",
        "zones": "المنهل",
        "direction": "ب",
        "description": "شارع الشيخة فاطمة بنت مبارك / مجلس أبوظبي للجودة والمطابقة",
        "stationType": 3,
        "regionCode": "AE-ABU-DHABI",
        "OBJECTID": 601,
        "landmark": ""
      }
    },
    {
      "type": "Feature",
      "id": 601,
      "geometry": {
        "type": "Point",
        "coordinates": [
          54.369218045000082,
          24.456654067000045,
          0
        ]
      },
      "properties": {
        "FID": 601,
        "X": 54.369217999999996,
        "Y": 24.456654066700001,
        "name": "محطة شارع الشيخة فاطمة بنت مبارك / قرية ليوا",
        "zones": "المنهل",
        "direction": "أ",
        "description": "شارع الشيخة فاطمة بنت مبارك / قرية ليوا",
        "stationType": 3,
        "regionCode": "AE-ABU-DHABI",
        "OBJECTID": 602,
        "landmark": ""
      }
    },
    {
      "type": "Feature",
      "id": 602,
      "geometry": {
        "type": "Point",
        "coordinates": [
          54.368652643000075,
          24.455868032000069,
          0
        ]
      },
      "properties": {
        "FID": 602,
        "X": 54.368653000000002,
        "Y": 24.455868032000001,
        "name": "محطة شارع الشيخة فاطمة بنت مبارك / قرية ليوا",
        "zones": "المنهل",
        "direction": "ب",
        "description": "شارع الشيخة فاطمة بنت مبارك / قرية ليوا",
        "stationType": 3,
        "regionCode": "AE-ABU-DHABI",
        "OBJECTID": 603,
        "landmark": ""
      }
    },
    {
      "type": "Feature",
      "id": 603,
      "geometry": {
        "type": "Point",
        "coordinates": [
          54.40083889400006,
          24.454277070000046,
          0
        ]
      },
      "properties": {
        "FID": 603,
        "X": 54.400838999999998,
        "Y": 24.454277070100002,
        "name": "محطة ش شخبوط بن سلطان / أبراج البحر",
        "zones": "ال نهيان",
        "direction": "أ",
        "description": "ش شخبوط بن سلطان امام أبراج البحر و بجانب بلدية ابوظبي الجديد",
        "stationType": 3,
        "regionCode": "AE-ABU-DHABI",
        "OBJECTID": 604,
        "landmark": ""
      }
    },
    {
      "type": "Feature",
      "id": 604,
      "geometry": {
        "type": "Point",
        "coordinates": [
          54.401618813000027,
          24.453748948000054,
          0
        ]
      },
      "properties": {
        "FID": 604,
        "X": 54.401618999999997,
        "Y": 24.453748947899999,
        "name": "محطة ش شخبوط بن سلطان / أبراج البحر",
        "zones": " ",
        "direction": "ب",
        "description": "ش شخبوط بن سلطان امام أبراج البحر و بجانب بلدية ابوظبي الجديد",
        "stationType": 3,
        "regionCode": "AE-ABU-DHABI",
        "OBJECTID": 605,
        "landmark": ""
      }
    },
    {
      "type": "Feature",
      "id": 605,
      "geometry": {
        "type": "Point",
        "coordinates": [
          54.395192809000037,
          24.449784385000044,
          0
        ]
      },
      "properties": {
        "FID": 605,
        "X": 54.395192999999999,
        "Y": 24.449784385099999,
        "name": "محطة شارع شخبوط بن سلطان / جامعة خليفة",
        "zones": "ال نهيان",
        "direction": "أ",
        "description": "شارع شخبوط بن سلطان / جامعة خليفة",
        "stationType": 3,
        "regionCode": "AE-ABU-DHABI",
        "OBJECTID": 606,
        "landmark": ""
      }
    },
    {
      "type": "Feature",
      "id": 606,
      "geometry": {
        "type": "Point",
        "coordinates": [
          54.39537036300004,
          24.448821708000025,
          0
        ]
      },
      "properties": {
        "FID": 606,
        "X": 54.39537,
        "Y": 24.448821708499999,
        "name": "محطة شارع شخبوط بن سلطان / جامعة خليفة",
        "zones": "حدبة الزعفرانة",
        "direction": "ب",
        "description": "شارع شخبوط بن سلطان / جامعة خليفة",
        "stationType": 3,
        "regionCode": "AE-ABU-DHABI",
        "OBJECTID": 607,
        "landmark": ""
      }
    },
    {
      "type": "Feature",
      "id": 607,
      "geometry": {
        "type": "Point",
        "coordinates": [
          54.388993909000078,
          24.44486678800007,
          0
        ]
      },
      "properties": {
        "FID": 607,
        "X": 54.388993999999997,
        "Y": 24.444866788399999,
        "name": "محطة شارع شخبوط بن سلطان / نادي ابوظبي الرياضي",
        "zones": "المشرف",
        "direction": "أ",
        "description": "شارع شخبوط بن سلطان امام نادي ابوظبي الرياضي و بجانب سفارة سلطنة عمان",
        "stationType": 3,
        "regionCode": "AE-ABU-DHABI",
        "OBJECTID": 608,
        "landmark": ""
      }
    },
    {
      "type": "Feature",
      "id": 608,
      "geometry": {
        "type": "Point",
        "coordinates": [
          54.388783598000032,
          24.443590552000046,
          0
        ]
      },
      "properties": {
        "FID": 608,
        "X": 54.388784000000001,
        "Y": 24.443590552,
        "name": "محطة شارع شخبوط بن سلطان / نادي ابوظبي الرياضي",
        "zones": "المشرف",
        "direction": "ب",
        "description": "شارع شخبوط بن سلطان امام نادي ابوظبي الرياضي و بجانب سفارة سلطنة عمان",
        "stationType": 3,
        "regionCode": "AE-ABU-DHABI",
        "OBJECTID": 609,
        "landmark": ""
      }
    },
    {
      "type": "Feature",
      "id": 609,
      "geometry": {
        "type": "Point",
        "coordinates": [
          54.380625849000069,
          24.437122508000073,
          0
        ]
      },
      "properties": {
        "FID": 609,
        "X": 54.380625999999999,
        "Y": 24.437122508200002,
        "name": "محطة شارع شخبوط بن سلطان / نادي أبوظبي للفروسية",
        "zones": "المشرف",
        "direction": "أ",
        "description": "شارع شخبوط بن سلطان / نادي أبوظبي للفروسية",
        "stationType": 3,
        "regionCode": "AE-ABU-DHABI",
        "OBJECTID": 610,
        "landmark": ""
      }
    },
    {
      "type": "Feature",
      "id": 610,
      "geometry": {
        "type": "Point",
        "coordinates": [
          54.378488469000047,
          24.436552954000035,
          0
        ]
      },
      "properties": {
        "FID": 610,
        "X": 54.378487999999997,
        "Y": 24.4365529538,
        "name": "محطة شارع شخبوط بن سلطان / نادي أبوظبي للفروسية",
        "zones": "المشرف",
        "direction": "ب",
        "description": "شارع شخبوط بن سلطان / نادي أبوظبي للفروسية",
        "stationType": 3,
        "regionCode": "AE-ABU-DHABI",
        "OBJECTID": 611,
        "landmark": ""
      }
    },
    {
      "type": "Feature",
      "id": 611,
      "geometry": {
        "type": "Point",
        "coordinates": [
          54.374046140000075,
          24.433037143000035,
          0
        ]
      },
      "properties": {
        "FID": 611,
        "X": 54.374046,
        "Y": 24.433037142700002,
        "name": "محطة شارع شخبوط بن سلطان / مسجد خلفية محمد بن خلف المزروعي",
        "zones": "البطين",
        "direction": "أ",
        "description": "شارع شخبوط بن سلطان امام مسجد خلفية محمد بن خلف المزروعي",
        "stationType": 3,
        "regionCode": "AE-ABU-DHABI",
        "OBJECTID": 612,
        "landmark": ""
      }
    },
    {
      "type": "Feature",
      "id": 612,
      "geometry": {
        "type": "Point",
        "coordinates": [
          54.375252146000037,
          24.432877574000031,
          0
        ]
      },
      "properties": {
        "FID": 612,
        "X": 54.375252000000003,
        "Y": 24.432877574199999,
        "name": "محطة شارع شخبوط بن سلطان / مسجد خلفية محمد بن خلف المزروعي",
        "zones": " ",
        "direction": "ب",
        "description": "شارع شخبوط بن سلطان امام مسجد خلفية محمد بن خلف المزروعي",
        "stationType": 3,
        "regionCode": "AE-ABU-DHABI",
        "OBJECTID": 613,
        "landmark": ""
      }
    },
    {
      "type": "Feature",
      "id": 613,
      "geometry": {
        "type": "Point",
        "coordinates": [
          54.395575559000065,
          24.442678822000062,
          0
        ]
      },
      "properties": {
        "FID": 613,
        "X": 54.395575999999998,
        "Y": 24.442678822000001,
        "name": "محطة شارع إبن رشد / مسجد عبدالرحمن بن عوف",
        "zones": "المشرف",
        "direction": "أ",
        "description": "شارع إبن رشد / مسجد عبدالرحمن بن عوف",
        "stationType": 3,
        "regionCode": "AE-ABU-DHABI",
        "OBJECTID": 614,
        "landmark": ""
      }
    },
    {
      "type": "Feature",
      "id": 614,
      "geometry": {
        "type": "Point",
        "coordinates": [
          54.39717033900007,
          24.443274905000067,
          0
        ]
      },
      "properties": {
        "FID": 614,
        "X": 54.397170000000003,
        "Y": 24.443274905399999,
        "name": "محطة شارع إبن رشد / مسجد عبدالرحمن بن عوف",
        "zones": "حدبة الزعفرانة",
        "direction": "ب",
        "description": "شارع إبن رشد / مسجد عبدالرحمن بن عوف",
        "stationType": 3,
        "regionCode": "AE-ABU-DHABI",
        "OBJECTID": 615,
        "landmark": ""
      }
    },
    {
      "type": "Feature",
      "id": 615,
      "geometry": {
        "type": "Point",
        "coordinates": [
          54.397200310000073,
          24.440856562000079,
          0
        ]
      },
      "properties": {
        "FID": 615,
        "X": 54.397199999999998,
        "Y": 24.440856561899999,
        "name": "محطة شارع الشيخ راشد بن سعيد / المشرف صالة الافراح",
        "zones": "المشرف",
        "direction": "أ",
        "description": "شارع الشيخ راشد بن سعيد / المشرف صالة الافراح",
        "stationType": 3,
        "regionCode": "AE-ABU-DHABI",
        "OBJECTID": 616,
        "landmark": ""
      }
    },
    {
      "type": "Feature",
      "id": 616,
      "geometry": {
        "type": "Point",
        "coordinates": [
          54.398782443000073,
          24.441587794000043,
          0
        ]
      },
      "properties": {
        "FID": 616,
        "X": 54.398781999999997,
        "Y": 24.441587793499998,
        "name": "محطة شارع الشيخ راشد بن سعيد / المشرف صالة الافراح",
        "zones": "حدبة الزعفرانة",
        "direction": "ب",
        "description": "شارع الشيخ راشد بن سعيد / المشرف صالة الافراح",
        "stationType": 3,
        "regionCode": "AE-ABU-DHABI",
        "OBJECTID": 617,
        "landmark": ""
      }
    },
    {
      "type": "Feature",
      "id": 617,
      "geometry": {
        "type": "Point",
        "coordinates": [
          54.400591894000058,
          24.438929289000043,
          0
        ]
      },
      "properties": {
        "FID": 617,
        "X": 54.400592000000003,
        "Y": 24.438929288699999,
        "name": "محطة شارع الشيخ راشد بن سعيد / مدرسة النهضة الوطنية",
        "zones": "المشرف",
        "direction": "ب",
        "description": "شارع الشيخ راشد بن سعيد / مدرسة النهضة الوطنية",
        "stationType": 3,
        "regionCode": "AE-ABU-DHABI",
        "OBJECTID": 618,
        "landmark": ""
      }
    },
    {
      "type": "Feature",
      "id": 618,
      "geometry": {
        "type": "Point",
        "coordinates": [
          54.40104255500006,
          24.438106681000079,
          0
        ]
      },
      "properties": {
        "FID": 618,
        "X": 54.401043000000001,
        "Y": 24.438106680600001,
        "name": "محطة شارع الشيخ راشد بن سعيد / مدرسة النهضة الوطنية",
        "zones": "المشرف",
        "direction": "أ",
        "description": "شارع الشيخ راشد بن سعيد / مدرسة النهضة الوطنية",
        "stationType": 3,
        "regionCode": "AE-ABU-DHABI",
        "OBJECTID": 619,
        "landmark": ""
      }
    },
    {
      "type": "Feature",
      "id": 619,
      "geometry": {
        "type": "Point",
        "coordinates": [
          54.400889042000074,
          24.447030372000029,
          0
        ]
      },
      "properties": {
        "FID": 619,
        "X": 54.400888999999999,
        "Y": 24.447030372099999,
        "name": "محطة شارع سلطان بن زايد/ شارع دهان",
        "zones": "حدبة الزعفرانة",
        "direction": "أ",
        "description": "شارع سلطان بن زايد/ شارع دهان",
        "stationType": 3,
        "regionCode": "AE-ABU-DHABI",
        "OBJECTID": 620,
        "landmark": ""
      }
    },
    {
      "type": "Feature",
      "id": 620,
      "geometry": {
        "type": "Point",
        "coordinates": [
          54.400671243000033,
          24.446593397000072,
          0
        ]
      },
      "properties": {
        "FID": 620,
        "X": 54.400671000000003,
        "Y": 24.446593397099999,
        "name": "محطة شارع سلطان بن زايد/ شارع دهان",
        "zones": "حدبة الزعفرانة",
        "direction": "ب",
        "description": "شارع سلطان بن زايد/ شارع دهان",
        "stationType": 3,
        "regionCode": "AE-ABU-DHABI",
        "OBJECTID": 621,
        "landmark": ""
      }
    },
    {
      "type": "Feature",
      "id": 621,
      "geometry": {
        "type": "Point",
        "coordinates": [
          54.403115863000039,
          24.444694914000024,
          0
        ]
      },
      "properties": {
        "FID": 621,
        "X": 54.403115999999997,
        "Y": 24.444694914100001,
        "name": "محطة شارع سلطان بن زايد/ مديرية المرور والدوريات",
        "zones": "حدبة الزعفرانة",
        "direction": "أ",
        "description": "شارع سلطان بن زايد و مديرية المرور والدوريات بجانب مدرسة الشيخ خليفة بن زايد العربية الباكستانية",
        "stationType": 3,
        "regionCode": "AE-ABU-DHABI",
        "OBJECTID": 622,
        "landmark": ""
      }
    },
    {
      "type": "Feature",
      "id": 622,
      "geometry": {
        "type": "Point",
        "coordinates": [
          54.403251520000026,
          24.443848836000029,
          0
        ]
      },
      "properties": {
        "FID": 622,
        "X": 54.403252000000002,
        "Y": 24.443848836400001,
        "name": "محطة شارع سلطان بن زايد/ مديرية المرور والدوريات",
        "zones": "حدبة الزعفرانة",
        "direction": "ب",
        "description": "شارع سلطان بن زايد و مديرية المرور والدوريات بجانب مدرسة الشيخ خليفة بن زايد العربية الباكستانية",
        "stationType": 3,
        "regionCode": "AE-ABU-DHABI",
        "OBJECTID": 623,
        "landmark": ""
      }
    },
    {
      "type": "Feature",
      "id": 623,
      "geometry": {
        "type": "Point",
        "coordinates": [
          54.406425976000037,
          24.435671957000068,
          0
        ]
      },
      "properties": {
        "FID": 623,
        "X": 54.406426000000003,
        "Y": 24.435671957099999,
        "name": "محطة شارع الشيخ راشد بن سعيد / مسجد الشيخ سيف بن محمد ال نهيان",
        "zones": " ",
        "direction": "أ",
        "description": "شارع الشيخ راشد بن سعيد / مسجد الشيخ سيف بن محمد ال نهيان",
        "stationType": 3,
        "regionCode": "AE-ABU-DHABI",
        "OBJECTID": 624,
        "landmark": ""
      }
    },
    {
      "type": "Feature",
      "id": 624,
      "geometry": {
        "type": "Point",
        "coordinates": [
          54.405916466000065,
          24.435518805000072,
          0
        ]
      },
      "properties": {
        "FID": 624,
        "X": 54.405915999999998,
        "Y": 24.435518805200001,
        "name": "محطة شارع الشيخ راشد بن سعيد / مسجد الشيخ سيف بن محمد ال نهيان",
        "zones": "المشرف",
        "direction": "ب",
        "description": "شارع الشيخ راشد بن سعيد / مسجد الشيخ سيف بن محمد ال نهيان",
        "stationType": 3,
        "regionCode": "AE-ABU-DHABI",
        "OBJECTID": 625,
        "landmark": ""
      }
    },
    {
      "type": "Feature",
      "id": 625,
      "geometry": {
        "type": "Point",
        "coordinates": [
          54.408335730000033,
          24.441111073000059,
          0
        ]
      },
      "properties": {
        "FID": 625,
        "X": 54.408335999999998,
        "Y": 24.441111072599998,
        "name": "محطة شارع سلطان بن زايد/ مسجد عبد الرحمن حسن الزعابي",
        "zones": "حدبة الزعفرانة",
        "direction": "أ",
        "description": "شارع سلطان بن زايد/ مسجد عبد الرحمن حسن الزعابي",
        "stationType": 3,
        "regionCode": "AE-ABU-DHABI",
        "OBJECTID": 626,
        "landmark": ""
      }
    },
    {
      "type": "Feature",
      "id": 626,
      "geometry": {
        "type": "Point",
        "coordinates": [
          54.408764427000051,
          24.44039637000003,
          0
        ]
      },
      "properties": {
        "FID": 626,
        "X": 54.408763999999998,
        "Y": 24.440396369999998,
        "name": "محطة شارع سلطان بن زايد/ مسجد عبد الرحمن حسن الزعابي",
        "zones": "حدبة الزعفرانة",
        "direction": "ب",
        "description": "شارع سلطان بن زايد/ مسجد عبد الرحمن حسن الزعابي",
        "stationType": 3,
        "regionCode": "AE-ABU-DHABI",
        "OBJECTID": 627,
        "landmark": ""
      }
    },
    {
      "type": "Feature",
      "id": 627,
      "geometry": {
        "type": "Point",
        "coordinates": [
          54.411909965000063,
          24.43313044000007,
          0
        ]
      },
      "properties": {
        "FID": 627,
        "X": 54.411909999999999,
        "Y": 24.433130440399999,
        "name": "محطة شار ع الشيخ راشد بن سعيد / المشرف مول",
        "zones": "المشرف",
        "direction": "ب",
        "description": "شار ع الشيخ راشد بن سعيد / المشرف مول",
        "stationType": 3,
        "regionCode": "AE-ABU-DHABI",
        "OBJECTID": 628,
        "landmark": ""
      }
    },
    {
      "type": "Feature",
      "id": 628,
      "geometry": {
        "type": "Point",
        "coordinates": [
          54.412150628000063,
          24.433414356000071,
          0
        ]
      },
      "properties": {
        "FID": 628,
        "X": 54.412151000000001,
        "Y": 24.433414355699998,
        "name": "محطة شار ع الشيخ راشد بن سعيد / المشرف مول",
        "zones": " ",
        "direction": "أ",
        "description": "شار ع الشيخ راشد بن سعيد / المشرف مول",
        "stationType": 3,
        "regionCode": "AE-ABU-DHABI",
        "OBJECTID": 629,
        "landmark": ""
      }
    },
    {
      "type": "Feature",
      "id": 629,
      "geometry": {
        "type": "Point",
        "coordinates": [
          54.415006264000056,
          24.438409282000066,
          0
        ]
      },
      "properties": {
        "FID": 629,
        "X": 54.415005999999998,
        "Y": 24.4384092817,
        "name": "محطة شارع سلطان بن زايد/ مركز فحص مركبات أدنوك",
        "zones": "حدبة الزعفرانة",
        "direction": "ب",
        "description": "شارع سلطان بن زايد/ مركز فحص مركبات أدنوك",
        "stationType": 3,
        "regionCode": "AE-ABU-DHABI",
        "OBJECTID": 630,
        "landmark": ""
      }
    },
    {
      "type": "Feature",
      "id": 630,
      "geometry": {
        "type": "Point",
        "coordinates": [
          54.413912868000068,
          24.438363504000051,
          0
        ]
      },
      "properties": {
        "FID": 630,
        "X": 54.413913000000001,
        "Y": 24.4383635039,
        "name": "محطة شارع سلطان بن زايد/ مركز فحص مركبات أدنوك",
        "zones": "حدبة الزعفرانة",
        "direction": "أ",
        "description": "شارع سلطان بن زايد/ مركز فحص مركبات أدنوك",
        "stationType": 3,
        "regionCode": "AE-ABU-DHABI",
        "OBJECTID": 631,
        "landmark": ""
      }
    },
    {
      "type": "Feature",
      "id": 631,
      "geometry": {
        "type": "Point",
        "coordinates": [
          54.418739999000081,
          24.430801233000068,
          0
        ]
      },
      "properties": {
        "FID": 631,
        "X": 54.41874,
        "Y": 24.430801233299999,
        "name": "محطة شارع الشيخ راشد بن سعيد / إدارة الدوريات الخاصة",
        "zones": " ",
        "direction": "أ",
        "description": "شارع الشيخ راشد بن سعيد / إدارة الدوريات الخاصة",
        "stationType": 3,
        "regionCode": "AE-ABU-DHABI",
        "OBJECTID": 632,
        "landmark": ""
      }
    },
    {
      "type": "Feature",
      "id": 632,
      "geometry": {
        "type": "Point",
        "coordinates": [
          54.418538049000063,
          24.427647813000078,
          0
        ]
      },
      "properties": {
        "FID": 632,
        "X": 54.418537999999998,
        "Y": 24.4276478134,
        "name": "محطة شارع موقب / مسجد عائشة ام المؤمنين",
        "zones": "الروضة",
        "direction": "أ",
        "description": "شارع موقب / مسجد عائشة ام المؤمنين",
        "stationType": 3,
        "regionCode": "AE-ABU-DHABI",
        "OBJECTID": 633,
        "landmark": ""
      }
    },
    {
      "type": "Feature",
      "id": 633,
      "geometry": {
        "type": "Point",
        "coordinates": [
          54.418628277000039,
          24.427089760000058,
          0
        ]
      },
      "properties": {
        "FID": 633,
        "X": 54.418627999999998,
        "Y": 24.427089759600001,
        "name": "محطة شارع موقب / مسجد عائشة ام المؤمنين",
        "zones": "الروضة",
        "direction": "ب",
        "description": "شارع موقب / مسجد عائشة ام المؤمنين",
        "stationType": 3,
        "regionCode": "AE-ABU-DHABI",
        "OBJECTID": 634,
        "landmark": ""
      }
    },
    {
      "type": "Feature",
      "id": 634,
      "geometry": {
        "type": "Point",
        "coordinates": [
          54.402295344000038,
          24.431819301000075,
          0
        ]
      },
      "properties": {
        "FID": 634,
        "X": 54.402295000000002,
        "Y": 24.431819300800001,
        "name": "محطة شارع سلامة بنت بطي / مسجد خميس محمد المزروعي",
        "zones": "المشرف",
        "direction": "أ",
        "description": "شارع سلامة بنت بطي / مسجد خميس محمد المزروعي",
        "stationType": 3,
        "regionCode": "AE-ABU-DHABI",
        "OBJECTID": 635,
        "landmark": ""
      }
    },
    {
      "type": "Feature",
      "id": 635,
      "geometry": {
        "type": "Point",
        "coordinates": [
          54.417551206000041,
          24.436891333000062,
          0
        ]
      },
      "properties": {
        "FID": 635,
        "X": 54.417551000000003,
        "Y": 24.436891332999998,
        "name": "محطة شارع سلطان بن زايد/ مركز فحص مركبات أدنوك",
        "zones": "السعادة",
        "direction": "أ",
        "description": "شارع سلطان بن زايد/ مركز فحص مركبات أدنوك",
        "stationType": 3,
        "regionCode": "AE-ABU-DHABI",
        "OBJECTID": 636,
        "landmark": ""
      }
    },
    {
      "type": "Feature",
      "id": 636,
      "geometry": {
        "type": "Point",
        "coordinates": [
          54.419499316000042,
          24.436599673000046,
          0
        ]
      },
      "properties": {
        "FID": 636,
        "X": 54.419499000000002,
        "Y": 24.436599673,
        "name": "محطة شارع سلطان بن زايد/ مركز فحص مركبات أدنوك",
        "zones": "السعادة",
        "direction": "ب",
        "description": "شارع سلطان بن زايد/ مركز فحص مركبات أدنوك",
        "stationType": 3,
        "regionCode": "AE-ABU-DHABI",
        "OBJECTID": 637,
        "landmark": ""
      }
    },
    {
      "type": "Feature",
      "id": 637,
      "geometry": {
        "type": "Point",
        "coordinates": [
          54.422971480000058,
          24.435052321000057,
          0
        ]
      },
      "properties": {
        "FID": 637,
        "X": 54.422970999999997,
        "Y": 24.435052321200001,
        "name": "محطة شارع سلطان بن زايد/ كلية الشرطة",
        "zones": "السعادة",
        "direction": "أ",
        "description": "شارع سلطان بن زايد/ كلية الشرطة",
        "stationType": 3,
        "regionCode": "AE-ABU-DHABI",
        "OBJECTID": 638,
        "landmark": ""
      }
    },
    {
      "type": "Feature",
      "id": 638,
      "geometry": {
        "type": "Point",
        "coordinates": [
          54.425329441000031,
          24.434966135000025,
          0
        ]
      },
      "properties": {
        "FID": 638,
        "X": 54.425328999999998,
        "Y": 24.434966134700002,
        "name": "محطة شارع سلطان بن زايد/ أدنوك",
        "zones": "السعادة",
        "direction": "أ",
        "description": "شارع سلطان بن زايد/ أدنوك",
        "stationType": 3,
        "regionCode": "AE-ABU-DHABI",
        "OBJECTID": 639,
        "landmark": ""
      }
    },
    {
      "type": "Feature",
      "id": 639,
      "geometry": {
        "type": "Point",
        "coordinates": [
          54.422705842000028,
          24.429208149000033,
          0
        ]
      },
      "properties": {
        "FID": 639,
        "X": 54.422705999999998,
        "Y": 24.429208148899999,
        "name": "محطة شارع الشيخ راشد بن سعيد / إدارة الدوريات الخاصة",
        "zones": "الروضة",
        "direction": "أ",
        "description": "شارع الشيخ راشد بن سعيد / إدارة الدوريات الخاصة",
        "stationType": 3,
        "regionCode": "AE-ABU-DHABI",
        "OBJECTID": 640,
        "landmark": ""
      }
    },
    {
      "type": "Feature",
      "id": 640,
      "geometry": {
        "type": "Point",
        "coordinates": [
          54.449363293000033,
          24.423287896000033,
          0
        ]
      },
      "properties": {
        "FID": 640,
        "X": 54.449362999999998,
        "Y": 24.423287896200002,
        "name": "محطة شارع سيف غباش / الهيئة العامة للطيران المدني",
        "zones": "الروضة",
        "direction": "أ",
        "description": "شارع سيف غباش / الهيئة العامة للطيران المدني امام مسجد عبدالجليل محمد الفهيم",
        "stationType": 3,
        "regionCode": "AE-ABU-DHABI",
        "OBJECTID": 641,
        "landmark": ""
      }
    },
    {
      "type": "Feature",
      "id": 641,
      "geometry": {
        "type": "Point",
        "coordinates": [
          54.452176048000069,
          24.422143891000076,
          0
        ]
      },
      "properties": {
        "FID": 641,
        "X": 54.452176000000001,
        "Y": 24.422143890699999,
        "name": "محطة شارع سيف غباش / كارفور",
        "zones": "الروضة",
        "direction": "أ",
        "description": "شارع سيف غباش / كارفور المطار ابوظبي",
        "stationType": 3,
        "regionCode": "AE-ABU-DHABI",
        "OBJECTID": 642,
        "landmark": ""
      }
    },
    {
      "type": "Feature",
      "id": 642,
      "geometry": {
        "type": "Point",
        "coordinates": [
          54.452420052000036,
          24.422265337000056,
          0
        ]
      },
      "properties": {
        "FID": 642,
        "X": 54.452419999999996,
        "Y": 24.422265337100001,
        "name": "محطة شارع سيف غباش / كارفور",
        "zones": "الروضة",
        "direction": "ب",
        "description": "شارع سيف غباش / كارفور المطار ابوظبي",
        "stationType": 3,
        "regionCode": "AE-ABU-DHABI",
        "OBJECTID": 643,
        "landmark": ""
      }
    },
    {
      "type": "Feature",
      "id": 643,
      "geometry": {
        "type": "Point",
        "coordinates": [
          54.450090473000046,
          24.422912046000079,
          0
        ]
      },
      "properties": {
        "FID": 643,
        "X": 54.450090000000003,
        "Y": 24.422912046,
        "name": "محطة شارع سيف غباش / الهيئة العامة للطيران المدني",
        "zones": "الروضة",
        "direction": "ب",
        "description": "شارع سيف غباش / الهيئة العامة للطيران المدني امام مسجد عبدالجليل محمد الفهيم",
        "stationType": 3,
        "regionCode": "AE-ABU-DHABI",
        "OBJECTID": 644,
        "landmark": ""
      }
    },
    {
      "type": "Feature",
      "id": 644,
      "geometry": {
        "type": "Point",
        "coordinates": [
          54.454570091000051,
          24.420740059000025,
          0
        ]
      },
      "properties": {
        "FID": 644,
        "X": 54.454569999999997,
        "Y": 24.4207400586,
        "name": "محطة شارع سيف غباش / فندق ميلينيوم الروضة",
        "zones": "الروضة",
        "direction": "أ",
        "description": "شارع سيف غباش / فندق ميلينيوم الروضة و كلية الدفاع الوطني",
        "stationType": 3,
        "regionCode": "AE-ABU-DHABI",
        "OBJECTID": 645,
        "landmark": ""
      }
    },
    {
      "type": "Feature",
      "id": 645,
      "geometry": {
        "type": "Point",
        "coordinates": [
          54.45474439000003,
          24.420896432000063,
          0
        ]
      },
      "properties": {
        "FID": 645,
        "X": 54.454743999999998,
        "Y": 24.420896431799999,
        "name": "محطة شارع سيف غباش / فندق ميلينيوم الروضة",
        "zones": "الروضة",
        "direction": "ب",
        "description": "شارع سيف غباش / فندق ميلينيوم الروضة و كلية الدفاع الوطني",
        "stationType": 3,
        "regionCode": "AE-ABU-DHABI",
        "OBJECTID": 646,
        "landmark": ""
      }
    },
    {
      "type": "Feature",
      "id": 646,
      "geometry": {
        "type": "Point",
        "coordinates": [
          54.457390263000036,
          24.41872958700003,
          0
        ]
      },
      "properties": {
        "FID": 646,
        "X": 54.457389999999997,
        "Y": 24.418729587200001,
        "name": "محطة شارع سيف غباش / استاد مدينة زايد الرياضية",
        "zones": "الروضة",
        "direction": "أ",
        "description": "شارع سيف غباش / استاد مدينة زايد الرياضية و امام حديقة المطار القديم",
        "stationType": 3,
        "regionCode": "AE-ABU-DHABI",
        "OBJECTID": 647,
        "landmark": ""
      }
    },
    {
      "type": "Feature",
      "id": 647,
      "geometry": {
        "type": "Point",
        "coordinates": [
          54.457873661000065,
          24.418710634000035,
          0
        ]
      },
      "properties": {
        "FID": 647,
        "X": 54.457873999999997,
        "Y": 24.4187106342,
        "name": "محطة شارع سيف غباش / استاد مدينة زايد الرياضية",
        "zones": "الروضة",
        "direction": "ب",
        "description": "شارع سيف غباش / استاد مدينة زايد الرياضية و امام حديقة المطار القديم",
        "stationType": 3,
        "regionCode": "AE-ABU-DHABI",
        "OBJECTID": 648,
        "landmark": ""
      }
    },
    {
      "type": "Feature",
      "id": 648,
      "geometry": {
        "type": "Point",
        "coordinates": [
          54.461073611000074,
          24.416435691000061,
          0
        ]
      },
      "properties": {
        "FID": 648,
        "X": 54.461074000000004,
        "Y": 24.416435691299998,
        "name": "محطة شارع سيف غباش / مستشفى ميديكلينيك طريق المطار",
        "zones": "الروضة",
        "direction": "أ",
        "description": "شارع سيف غباش / مستشفى ميديكلينيك طريق المطار",
        "stationType": 3,
        "regionCode": "AE-ABU-DHABI",
        "OBJECTID": 649,
        "landmark": ""
      }
    },
    {
      "type": "Feature",
      "id": 649,
      "geometry": {
        "type": "Point",
        "coordinates": [
          54.465271036000047,
          24.414060051000035,
          0
        ]
      },
      "properties": {
        "FID": 649,
        "X": 54.465271000000001,
        "Y": 24.414060050700002,
        "name": "محطة شارع سيف غباش / وزارة الداخلية",
        "zones": "الروضة",
        "direction": "أ",
        "description": "شارع سيف غباش بجانب وزارة الداخلية",
        "stationType": 3,
        "regionCode": "AE-ABU-DHABI",
        "OBJECTID": 650,
        "landmark": ""
      }
    },
    {
      "type": "Feature",
      "id": 650,
      "geometry": {
        "type": "Point",
        "coordinates": [
          54.465603545000079,
          24.414191985000059,
          0
        ]
      },
      "properties": {
        "FID": 650,
        "X": 54.465603999999999,
        "Y": 24.4141919845,
        "name": "محطة شارع سيف غباش / وزارة الداخلية",
        "zones": "الروضة",
        "direction": "ب",
        "description": "شارع سيف غباش بجانب وزارة الداخلية",
        "stationType": 3,
        "regionCode": "AE-ABU-DHABI",
        "OBJECTID": 651,
        "landmark": ""
      }
    },
    {
      "type": "Feature",
      "id": 651,
      "geometry": {
        "type": "Point",
        "coordinates": [
          54.467916309000032,
          24.412894870000059,
          0
        ]
      },
      "properties": {
        "FID": 651,
        "X": 54.467916000000002,
        "Y": 24.412894869900001,
        "name": "محطة وزارة الداخلية",
        "zones": "الروضة",
        "direction": "ب",
        "description": "بجانب وزارة الداخلية",
        "stationType": 3,
        "regionCode": "AE-ABU-DHABI",
        "OBJECTID": 652,
        "landmark": ""
      }
    },
    {
      "type": "Feature",
      "id": 652,
      "geometry": {
        "type": "Point",
        "coordinates": [
          54.469408151000039,
          24.413217687000042,
          0
        ]
      },
      "properties": {
        "FID": 652,
        "X": 54.469408000000001,
        "Y": 24.413217687300001,
        "name": "محطة شارع سيف غباش / جامع الشيخ زايد الكبير",
        "zones": "الروضة",
        "direction": "أ",
        "description": "شارع سيف غباش / جامع الشيخ زايد الكبير بجانب وزارة الداخلية",
        "stationType": 3,
        "regionCode": "AE-ABU-DHABI",
        "OBJECTID": 653,
        "landmark": ""
      }
    },
    {
      "type": "Feature",
      "id": 653,
      "geometry": {
        "type": "Point",
        "coordinates": [
          54.46993666000003,
          24.413407046000032,
          0
        ]
      },
      "properties": {
        "FID": 653,
        "X": 54.469937000000002,
        "Y": 24.4134070458,
        "name": "محطة شارع سيف غباش / جامع الشيخ زايد الكبير",
        "zones": "الروضة",
        "direction": "ب",
        "description": "شارع سيف غباش / جامع الشيخ زايد الكبير بجانب وزارة الداخلية",
        "stationType": 3,
        "regionCode": "AE-ABU-DHABI",
        "OBJECTID": 654,
        "landmark": ""
      }
    },
    {
      "type": "Feature",
      "id": 654,
      "geometry": {
        "type": "Point",
        "coordinates": [
          54.446629536000046,
          24.418548327000053,
          0
        ]
      },
      "properties": {
        "FID": 654,
        "X": 54.446629999999999,
        "Y": 24.4185483274,
        "name": "محطة شارع النوفل / محاكم ابوظبي",
        "zones": "الروضة",
        "direction": "أ",
        "description": "شارع النوفل / محاكم ابوظبي",
        "stationType": 3,
        "regionCode": "AE-ABU-DHABI",
        "OBJECTID": 655,
        "landmark": ""
      }
    },
    {
      "type": "Feature",
      "id": 655,
      "geometry": {
        "type": "Point",
        "coordinates": [
          54.446181699000078,
          24.418269992000035,
          0
        ]
      },
      "properties": {
        "FID": 655,
        "X": 54.446182,
        "Y": 24.418269991700001,
        "name": "محطة شارع النوفل / محاكم ابوظبي",
        "zones": "الروضة",
        "direction": "ب",
        "description": "شارع النوفل / محاكم ابوظبي",
        "stationType": 3,
        "regionCode": "AE-ABU-DHABI",
        "OBJECTID": 656,
        "landmark": ""
      }
    },
    {
      "type": "Feature",
      "id": 656,
      "geometry": {
        "type": "Point",
        "coordinates": [
          54.447956473000033,
          24.417758393000042,
          0
        ]
      },
      "properties": {
        "FID": 656,
        "X": 54.447955999999998,
        "Y": 24.417758393300002,
        "name": "محطة شارع النوفل / مركز شرطة الروضة",
        "zones": "الروضة",
        "direction": "أ",
        "description": "شارع النوفل / امام مركز شرطة الروضة",
        "stationType": 3,
        "regionCode": "AE-ABU-DHABI",
        "OBJECTID": 657,
        "landmark": ""
      }
    },
    {
      "type": "Feature",
      "id": 657,
      "geometry": {
        "type": "Point",
        "coordinates": [
          54.395002272000056,
          24.428363381000054,
          0
        ]
      },
      "properties": {
        "FID": 657,
        "X": 54.395001999999998,
        "Y": 24.4283633806,
        "name": "محطة شارع س\u064Eبخة و\u064Eث\u0650يق / محطة خدمة أدنوك",
        "zones": " ",
        "direction": "أ",
        "description": "شارع س\u064Eبخة و\u064Eث\u0650يق / محطة خدمة أدنوك و امام منتزه الخليج العربي",
        "stationType": 3,
        "regionCode": "AE-ABU-DHABI",
        "OBJECTID": 658,
        "landmark": ""
      }
    },
    {
      "type": "Feature",
      "id": 658,
      "geometry": {
        "type": "Point",
        "coordinates": [
          54.394995253000047,
          24.429184589000045,
          0
        ]
      },
      "properties": {
        "FID": 658,
        "X": 54.394995000000002,
        "Y": 24.4291845891,
        "name": "محطة شارع س\u064Eبخة و\u064Eث\u0650يق / محطة خدمة أدنوك",
        "zones": "المشرف",
        "direction": "ب",
        "description": "شارع س\u064Eبخة و\u064Eث\u0650يق / محطة خدمة أدنوك و امام منتزه الخليج العربي",
        "stationType": 3,
        "regionCode": "AE-ABU-DHABI",
        "OBJECTID": 659,
        "landmark": ""
      }
    },
    {
      "type": "Feature",
      "id": 659,
      "geometry": {
        "type": "Point",
        "coordinates": [
          54.401803004000044,
          24.426982130000056,
          0
        ]
      },
      "properties": {
        "FID": 659,
        "X": 54.401803000000001,
        "Y": 24.426982129599999,
        "name": "محطة شارع الخليج العربي / صندوق الزكاة",
        "zones": " ",
        "direction": "أ",
        "description": "شارع الخليج العربي / صندوق الزكاة",
        "stationType": 3,
        "regionCode": "AE-ABU-DHABI",
        "OBJECTID": 660,
        "landmark": ""
      }
    },
    {
      "type": "Feature",
      "id": 660,
      "geometry": {
        "type": "Point",
        "coordinates": [
          54.405584614000077,
          24.425241925000023,
          0
        ]
      },
      "properties": {
        "FID": 660,
        "X": 54.405585000000002,
        "Y": 24.4252419253,
        "name": "محطة شارع الخليج العربي / القرم",
        "zones": " ",
        "direction": "أ",
        "description": "شارع الخليج العربي / القرم",
        "stationType": 3,
        "regionCode": "AE-ABU-DHABI",
        "OBJECTID": 661,
        "landmark": ""
      }
    },
    {
      "type": "Feature",
      "id": 661,
      "geometry": {
        "type": "Point",
        "coordinates": [
          54.411796155000047,
          24.424220149000064,
          0
        ]
      },
      "properties": {
        "FID": 661,
        "X": 54.411796000000002,
        "Y": 24.4242201488,
        "name": "محطة شارع الخليج العربي / القرم",
        "zones": " ",
        "direction": "ب",
        "description": "شارع الخليج العربي / القرم",
        "stationType": 3,
        "regionCode": "AE-ABU-DHABI",
        "OBJECTID": 662,
        "landmark": ""
      }
    },
    {
      "type": "Feature",
      "id": 662,
      "geometry": {
        "type": "Point",
        "coordinates": [
          54.426607927000077,
          24.419580949000078,
          0
        ]
      },
      "properties": {
        "FID": 662,
        "X": 54.426608000000002,
        "Y": 24.419580949499998,
        "name": "محطة شارع الخليج العربي / مستشفى زايد العسكري",
        "zones": " ",
        "direction": "ب",
        "description": "شارع الخليج العربي / مستشفى زايد العسكري",
        "stationType": 3,
        "regionCode": "AE-ABU-DHABI",
        "OBJECTID": 663,
        "landmark": ""
      }
    },
    {
      "type": "Feature",
      "id": 663,
      "geometry": {
        "type": "Point",
        "coordinates": [
          54.428738045000046,
          24.419535943000028,
          0
        ]
      },
      "properties": {
        "FID": 663,
        "X": 54.428738000000003,
        "Y": 24.4195359428,
        "name": "محطة شارع الخليج العربي / مستشفى زايد العسكري",
        "zones": " ",
        "direction": "أ",
        "description": "شارع الخليج العربي / مستشفى زايد العسكري",
        "stationType": 3,
        "regionCode": "AE-ABU-DHABI",
        "OBJECTID": 664,
        "landmark": ""
      }
    },
    {
      "type": "Feature",
      "id": 664,
      "geometry": {
        "type": "Point",
        "coordinates": [
          54.323248956000043,
          24.465151628000058,
          0
        ]
      },
      "properties": {
        "FID": 664,
        "X": 54.323248999999997,
        "Y": 24.465151628299999,
        "name": "محطة شارع الملك سلمان بن عبد العزيز آل سعود / شارع الكورنيش",
        "zones": "البطين",
        "direction": "أ",
        "description": "شارع الملك سلمان بن عبد العزيز آل سعود / شارع الكورنيش",
        "stationType": 3,
        "regionCode": "AE-ABU-DHABI",
        "OBJECTID": 665,
        "landmark": ""
      }
    },
    {
      "type": "Feature",
      "id": 665,
      "geometry": {
        "type": "Point",
        "coordinates": [
          54.323916531000066,
          24.476011768000035,
          0
        ]
      },
      "properties": {
        "FID": 665,
        "X": 54.323917000000002,
        "Y": 24.476011768199999,
        "name": "محطة شارع الملك سلمان بن عبد العزيز آل سعود / مارينا مول",
        "zones": " ",
        "direction": "أ",
        "description": "شارع الملك سلمان بن عبد العزيز آل سعود / مارينا مول",
        "stationType": 3,
        "regionCode": "AE-ABU-DHABI",
        "OBJECTID": 666,
        "landmark": ""
      }
    },
    {
      "type": "Feature",
      "id": 666,
      "geometry": {
        "type": "Point",
        "coordinates": [
          54.32172462300008,
          24.478933170000062,
          0
        ]
      },
      "properties": {
        "FID": 666,
        "X": 54.321725000000001,
        "Y": 24.478933169600001,
        "name": "محطة شارع الملك سلمان بن عبد العزيز آل سعود / مول سنتر بوينت مارينا أبوظبي",
        "zones": " ",
        "direction": "أ",
        "description": "شارع الملك سلمان بن عبد العزيز آل سعود / مول سنتر بوينت مارينا أبوظبي",
        "stationType": 3,
        "regionCode": "AE-ABU-DHABI",
        "OBJECTID": 667,
        "landmark": ""
      }
    },
    {
      "type": "Feature",
      "id": 667,
      "geometry": {
        "type": "Point",
        "coordinates": [
          54.438901779000048,
          24.434628032000035,
          0
        ]
      },
      "properties": {
        "FID": 667,
        "X": 54.438901999999999,
        "Y": 24.434628032399999,
        "name": "محطة شارع ظفير/ جمعية ابوظبي التعاونية",
        "zones": "المنتزه",
        "direction": "أ",
        "description": "شارع ظفير/ جمعية ابوظبي التعاونية",
        "stationType": 3,
        "regionCode": "AE-ABU-DHABI",
        "OBJECTID": 668,
        "landmark": ""
      }
    },
    {
      "type": "Feature",
      "id": 668,
      "geometry": {
        "type": "Point",
        "coordinates": [
          54.440609947000041,
          24.432057526000051,
          0
        ]
      },
      "properties": {
        "FID": 668,
        "X": 54.44061,
        "Y": 24.432057525800001,
        "name": "محطة شارع ظفير/ جمعية ابوظبي التعاونية",
        "zones": " ",
        "direction": "ب",
        "description": "شارع ظفير/ جمعية ابوظبي التعاونية",
        "stationType": 3,
        "regionCode": "AE-ABU-DHABI",
        "OBJECTID": 669,
        "landmark": ""
      }
    },
    {
      "type": "Feature",
      "id": 669,
      "geometry": {
        "type": "Point",
        "coordinates": [
          54.442148188000033,
          24.430576244000065,
          0
        ]
      },
      "properties": {
        "FID": 669,
        "X": 54.442148000000003,
        "Y": 24.430576244299999,
        "name": "محطة شارع سلطان بن زايد/ حديقة الزعفرانة",
        "zones": " ",
        "direction": "أ",
        "description": "شارع سلطان بن زايد/ حديقة الزعفرانة",
        "stationType": 3,
        "regionCode": "AE-ABU-DHABI",
        "OBJECTID": 670,
        "landmark": ""
      }
    },
    {
      "type": "Feature",
      "id": 670,
      "geometry": {
        "type": "Point",
        "coordinates": [
          54.441739195000082,
          24.430325628000048,
          0
        ]
      },
      "properties": {
        "FID": 670,
        "X": 54.441738999999998,
        "Y": 24.430325628199999,
        "name": "محطة شارع سلطان بن زايد/ حديقة الزعفرانة",
        "zones": "السعادة",
        "direction": "ب",
        "description": "شارع سلطان بن زايد/ حديقة الزعفرانة",
        "stationType": 3,
        "regionCode": "AE-ABU-DHABI",
        "OBJECTID": 671,
        "landmark": ""
      }
    },
    {
      "type": "Feature",
      "id": 671,
      "geometry": {
        "type": "Point",
        "coordinates": [
          54.443354056000032,
          24.428953938000063,
          0
        ]
      },
      "properties": {
        "FID": 671,
        "X": 54.443353999999999,
        "Y": 24.428953937999999,
        "name": "محطة شارع سلطان بن زايد/ مسجد السلام",
        "zones": " ",
        "direction": "أ",
        "description": "شارع سلطان بن زايد/ حديقة الزعفرانة و مسجد السلام",
        "stationType": 3,
        "regionCode": "AE-ABU-DHABI",
        "OBJECTID": 672,
        "landmark": ""
      }
    },
    {
      "type": "Feature",
      "id": 672,
      "geometry": {
        "type": "Point",
        "coordinates": [
          54.442422453000063,
          24.426266541000075,
          0
        ]
      },
      "properties": {
        "FID": 672,
        "X": 54.442422000000001,
        "Y": 24.426266541099999,
        "name": "محطة شارع الشيخ راشد بن سعيد/ دوارن الروضة",
        "zones": "الروضة",
        "direction": "أ",
        "description": "شارع الشيخ راشد بن سعيد/ منطقة السفارات و دوارن الروضة",
        "stationType": 3,
        "regionCode": "AE-ABU-DHABI",
        "OBJECTID": 673,
        "landmark": ""
      }
    },
    {
      "type": "Feature",
      "id": 673,
      "geometry": {
        "type": "Point",
        "coordinates": [
          54.446826514000065,
          24.423452688000054,
          0
        ]
      },
      "properties": {
        "FID": 673,
        "X": 54.446826999999999,
        "Y": 24.423452688000001,
        "name": "محطة شارع سيف غباش / هيئة الصحة أبوظبي",
        "zones": "الروضة",
        "direction": "أ",
        "description": "شارع سيف غباش / هيئة الصحة أبوظبي و امام معرض رينو على طريق مطار أبوظبي شركة المسعود للسيارات",
        "stationType": 3,
        "regionCode": "AE-ABU-DHABI",
        "OBJECTID": 674,
        "landmark": ""
      }
    },
    {
      "type": "Feature",
      "id": 674,
      "geometry": {
        "type": "Point",
        "coordinates": [
          54.439605061000066,
          24.438854993000064,
          0
        ]
      },
      "properties": {
        "FID": 674,
        "X": 54.439605,
        "Y": 24.4388549926,
        "name": "محطة شارع ظفير / مسجد سلطان بن راشد الظاهري",
        "zones": "المنتزه",
        "direction": "ب",
        "description": "شارع ظفير / مسجد سلطان بن راشد الظاهري",
        "stationType": 3,
        "regionCode": "AE-ABU-DHABI",
        "OBJECTID": 675,
        "landmark": ""
      }
    },
    {
      "type": "Feature",
      "id": 675,
      "geometry": {
        "type": "Point",
        "coordinates": [
          54.439330016000042,
          24.438805205000051,
          0
        ]
      },
      "properties": {
        "FID": 675,
        "X": 54.439329999999998,
        "Y": 24.4388052049,
        "name": "محطة شارع ظفير / مسجد سلطان بن راشد الظاهري",
        "zones": "السعادة",
        "direction": "أ",
        "description": "شارع ظفير / مسجد سلطان بن راشد الظاهري",
        "stationType": 3,
        "regionCode": "AE-ABU-DHABI",
        "OBJECTID": 676,
        "landmark": ""
      }
    },
    {
      "type": "Feature",
      "id": 676,
      "geometry": {
        "type": "Point",
        "coordinates": [
          54.383229153000059,
          24.488594946000035,
          0
        ]
      },
      "properties": {
        "FID": 676,
        "X": 54.383229,
        "Y": 24.488594945799999,
        "name": "محطة شارع الفلاح / مسجد قباء",
        "zones": "الزاهية",
        "direction": "أ",
        "description": "شارع الفلاح / مسجد قباء",
        "stationType": 3,
        "regionCode": "AE-ABU-DHABI",
        "OBJECTID": 677,
        "landmark": ""
      }
    },
    {
      "type": "Feature",
      "id": 677,
      "geometry": {
        "type": "Point",
        "coordinates": [
          54.383566975000065,
          24.488474445000065,
          0
        ]
      },
      "properties": {
        "FID": 677,
        "X": 54.383566999999999,
        "Y": 24.4884744453,
        "name": "محطة شارع الفلاح / مسجد قباء",
        "zones": "الزاهية",
        "direction": "ب",
        "description": "شارع الفلاح / مسجد قباء",
        "stationType": 3,
        "regionCode": "AE-ABU-DHABI",
        "OBJECTID": 678,
        "landmark": ""
      }
    },
    {
      "type": "Feature",
      "id": 678,
      "geometry": {
        "type": "Point",
        "coordinates": [
          54.384173346000068,
          24.491580698000064,
          0
        ]
      },
      "properties": {
        "FID": 678,
        "X": 54.384172999999997,
        "Y": 24.491580697700002,
        "name": "محطة شارع حامد بن بطي القبيسي / شارع الريم",
        "zones": "الزاهية",
        "direction": "أ",
        "description": "شارع حامد بن بطي القبيسي / شارع الريم",
        "stationType": 3,
        "regionCode": "AE-ABU-DHABI",
        "OBJECTID": 679,
        "landmark": ""
      }
    },
    {
      "type": "Feature",
      "id": 679,
      "geometry": {
        "type": "Point",
        "coordinates": [
          54.390005948000066,
          24.502385930000059,
          0
        ]
      },
      "properties": {
        "FID": 679,
        "X": 54.390006,
        "Y": 24.502385929599999,
        "name": "محطة شارع حمودة بن علي الظاهري / غاليريا، جزيرة المارية",
        "zones": "جزيرة المارية",
        "direction": "أ",
        "description": "شارع حمودة بن علي الظاهري / غاليريا، جزيرة المارية",
        "stationType": 3,
        "regionCode": "AE-ABU-DHABI",
        "OBJECTID": 680,
        "landmark": ""
      }
    },
    {
      "type": "Feature",
      "id": 680,
      "geometry": {
        "type": "Point",
        "coordinates": [
          54.389682342000071,
          24.499907343000075,
          0
        ]
      },
      "properties": {
        "FID": 680,
        "X": 54.389682000000001,
        "Y": 24.4999073432,
        "name": "محطة شارع حمودة بن علي الظاهري / غاليريا، جزيرة المارية",
        "zones": "جزيرة المارية",
        "direction": "ب",
        "description": "شارع حمودة بن علي الظاهري / غاليريا، جزيرة المارية",
        "stationType": 3,
        "regionCode": "AE-ABU-DHABI",
        "OBJECTID": 681,
        "landmark": ""
      }
    },
    {
      "type": "Feature",
      "id": 681,
      "geometry": {
        "type": "Point",
        "coordinates": [
          54.389392404000034,
          24.497709129000043,
          0
        ]
      },
      "properties": {
        "FID": 681,
        "X": 54.389392000000001,
        "Y": 24.4977091294,
        "name": "محطة شارع حمودة بن علي الظاهري / عيادة كليفلاند",
        "zones": "جزيرة المارية",
        "direction": "أ",
        "description": "شارع حمودة بن علي الظاهري / عيادة كليفلاند",
        "stationType": 3,
        "regionCode": "AE-ABU-DHABI",
        "OBJECTID": 682,
        "landmark": ""
      }
    },
    {
      "type": "Feature",
      "id": 682,
      "geometry": {
        "type": "Point",
        "coordinates": [
          54.391200422000054,
          24.499473297000065,
          0
        ]
      },
      "properties": {
        "FID": 682,
        "X": 54.391199999999998,
        "Y": 24.4994732969,
        "name": "محطة شارع حمودة بن علي الظاهري / عيادة كليفلاند",
        "zones": "جزيرة المارية",
        "direction": "ب",
        "description": "شارع حمودة بن علي الظاهري / عيادة كليفلاند",
        "stationType": 3,
        "regionCode": "AE-ABU-DHABI",
        "OBJECTID": 683,
        "landmark": ""
      }
    },
    {
      "type": "Feature",
      "id": 683,
      "geometry": {
        "type": "Point",
        "coordinates": [
          54.390331289000073,
          24.498573768000028,
          0
        ]
      },
      "properties": {
        "FID": 683,
        "X": 54.390331000000003,
        "Y": 24.4985737676,
        "name": "محطة شارع المار\u0650ية / مركز الغاليريا - برج المارية",
        "zones": "جزيرة المارية",
        "direction": "أ",
        "description": "شارع المار\u0650ية / مركز الغاليريا - برج المارية",
        "stationType": 3,
        "regionCode": "AE-ABU-DHABI",
        "OBJECTID": 684,
        "landmark": ""
      }
    },
    {
      "type": "Feature",
      "id": 684,
      "geometry": {
        "type": "Point",
        "coordinates": [
          54.390158266000071,
          24.498832515000061,
          0
        ]
      },
      "properties": {
        "FID": 684,
        "X": 54.390158,
        "Y": 24.498832514899998,
        "name": "محطة شارع المار\u0650ية / مركز الغاليريا - برج المارية",
        "zones": "جزيرة المارية",
        "direction": "ب",
        "description": "شارع المار\u0650ية / مركز الغاليريا - برج المارية",
        "stationType": 3,
        "regionCode": "AE-ABU-DHABI",
        "OBJECTID": 685,
        "landmark": ""
      }
    },
    {
      "type": "Feature",
      "id": 685,
      "geometry": {
        "type": "Point",
        "coordinates": [
          54.469146678000072,
          24.400134689000026,
          0
        ]
      },
      "properties": {
        "FID": 685,
        "X": 54.469147,
        "Y": 24.4001346893,
        "name": "محطة شارع الس\u0651\u0650ل\u064Eيم\u0650ي / أكاديمية الرياضة للسيدات",
        "zones": " ",
        "direction": "أ",
        "description": "شارع الس\u0651\u0650ل\u064Eيم\u0650ي / أكاديمية الرياضة للسيدات",
        "stationType": 3,
        "regionCode": "AE-ABU-DHABI",
        "OBJECTID": 686,
        "landmark": ""
      }
    },
    {
      "type": "Feature",
      "id": 686,
      "geometry": {
        "type": "Point",
        "coordinates": [
          54.470088220000036,
          24.402840171000037,
          0
        ]
      },
      "properties": {
        "FID": 686,
        "X": 54.470087999999997,
        "Y": 24.402840171099999,
        "name": "محطة شارع الس\u0651\u0650ل\u064Eيم\u0650ي / نادي ضباط القوات المسلحة",
        "zones": " ",
        "direction": "أ",
        "description": "شارع الس\u0651\u0650ل\u064Eيم\u0650ي / نادي ضباط القوات المسلحة",
        "stationType": 3,
        "regionCode": "AE-ABU-DHABI",
        "OBJECTID": 687,
        "landmark": ""
      }
    },
    {
      "type": "Feature",
      "id": 687,
      "geometry": {
        "type": "Point",
        "coordinates": [
          54.469811075000052,
          24.402898720000053,
          0
        ]
      },
      "properties": {
        "FID": 687,
        "X": 54.469811,
        "Y": 24.402898719700001,
        "name": "محطة شارع الس\u0651\u0650ل\u064Eيم\u0650ي / نادي ضباط القوات المسلحة",
        "zones": " ",
        "direction": "ب",
        "description": "شارع الس\u0651\u0650ل\u064Eيم\u0650ي / نادي ضباط القوات المسلحة",
        "stationType": 3,
        "regionCode": "AE-ABU-DHABI",
        "OBJECTID": 688,
        "landmark": ""
      }
    },
    {
      "type": "Feature",
      "id": 688,
      "geometry": {
        "type": "Point",
        "coordinates": [
          54.470607801000028,
          24.404464506000068,
          0
        ]
      },
      "properties": {
        "FID": 688,
        "X": 54.470607999999999,
        "Y": 24.404464505499998,
        "name": "محطة شارع الس\u0651\u0650ل\u064Eيم\u0650ي / تلال أبوظبي",
        "zones": " ",
        "direction": "ب",
        "description": "شارع الس\u0651\u0650ل\u064Eيم\u0650ي / تلال أبوظبي",
        "stationType": 3,
        "regionCode": "AE-ABU-DHABI",
        "OBJECTID": 689,
        "landmark": ""
      }
    },
    {
      "type": "Feature",
      "id": 689,
      "geometry": {
        "type": "Point",
        "coordinates": [
          54.47036898600004,
          24.404577851000056,
          0
        ]
      },
      "properties": {
        "FID": 689,
        "X": 54.470368999999998,
        "Y": 24.404577851399999,
        "name": "محطة شارع الس\u0651\u0650ل\u064Eيم\u0650ي / تلال أبوظبي",
        "zones": " ",
        "direction": "أ",
        "description": "شارع الس\u0651\u0650ل\u064Eيم\u0650ي / تلال أبوظبي",
        "stationType": 3,
        "regionCode": "AE-ABU-DHABI",
        "OBJECTID": 690,
        "landmark": ""
      }
    },
    {
      "type": "Feature",
      "id": 690,
      "geometry": {
        "type": "Point",
        "coordinates": [
          54.431698667000035,
          24.439316575000078,
          0
        ]
      },
      "properties": {
        "FID": 690,
        "X": 54.431699000000002,
        "Y": 24.439316574599999,
        "name": "محطة شارع بطي بن حامد آل حامد / مسجد الشهيد سيف سعيد غباش",
        "zones": "السعادة",
        "direction": "أ",
        "description": "شارع بطي بن حامد آل حامد / مسجد الشهيد سيف سعيد غباش",
        "stationType": 3,
        "regionCode": "AE-ABU-DHABI",
        "OBJECTID": 691,
        "landmark": ""
      }
    },
    {
      "type": "Feature",
      "id": 691,
      "geometry": {
        "type": "Point",
        "coordinates": [
          54.43062268400007,
          24.440841694000028,
          0
        ]
      },
      "properties": {
        "FID": 691,
        "X": 54.430622999999997,
        "Y": 24.4408416942,
        "name": "محطة شارع بطي بن حامد آل حامد / مسجد الشهيد سيف سعيد غباش",
        "zones": "السعادة",
        "direction": "ب",
        "description": "شارع بطي بن حامد آل حامد / مسجد الشهيد سيف سعيد غباش",
        "stationType": 3,
        "regionCode": "AE-ABU-DHABI",
        "OBJECTID": 692,
        "landmark": ""
      }
    },
    {
      "type": "Feature",
      "id": 692,
      "geometry": {
        "type": "Point",
        "coordinates": [
          54.418474862000039,
          24.441880268000034,
          0
        ]
      },
      "properties": {
        "FID": 692,
        "X": 54.418475000000001,
        "Y": 24.4418802681,
        "name": "محطة شارع الظ\u0651\u064Eفرة / مسجد عبدالله الخوري",
        "zones": "السعادة",
        "direction": "أ",
        "description": "شارع الظ\u0651\u064Eفرة / مسجد عبدالله الخوري",
        "stationType": 3,
        "regionCode": "AE-ABU-DHABI",
        "OBJECTID": 693,
        "landmark": ""
      }
    },
    {
      "type": "Feature",
      "id": 693,
      "geometry": {
        "type": "Point",
        "coordinates": [
          54.417163737000067,
          24.440422785000067,
          0
        ]
      },
      "properties": {
        "FID": 693,
        "X": 54.417164,
        "Y": 24.440422785300001,
        "name": "محطة شارع الظ\u0651\u064Eفرة / مسجد عبدالله الخوري",
        "zones": "حدبة الزعفرانة",
        "direction": "ب",
        "description": "شارع الظ\u0651\u064Eفرة / مسجد عبدالله الخوري",
        "stationType": 3,
        "regionCode": "AE-ABU-DHABI",
        "OBJECTID": 694,
        "landmark": ""
      }
    },
    {
      "type": "Feature",
      "id": 694,
      "geometry": {
        "type": "Point",
        "coordinates": [
          54.409319199000038,
          24.445568552000054,
          0
        ]
      },
      "properties": {
        "FID": 694,
        "X": 54.409319000000004,
        "Y": 24.445568551899999,
        "name": "محطة شارع سلامة بنت بطي / مدرسة ابوظبي الهند\u0650\u0650ية",
        "zones": "حدبة الزعفرانة",
        "direction": "أ",
        "description": "شارع سلامة بنت بطي / مدرسة ابوظبي الهند\u0650\u0650ية",
        "stationType": 3,
        "regionCode": "AE-ABU-DHABI",
        "OBJECTID": 695,
        "landmark": ""
      }
    },
    {
      "type": "Feature",
      "id": 695,
      "geometry": {
        "type": "Point",
        "coordinates": [
          54.407804321000071,
          24.443954064000025,
          0
        ]
      },
      "properties": {
        "FID": 695,
        "X": 54.407803999999999,
        "Y": 24.443954064300002,
        "name": "محطة شارع سلامة بنت بطي / مسجد حمزه بن عبدالمطلب",
        "zones": "حدبة الزعفرانة",
        "direction": "أ",
        "description": "محطة شارع سلامة بنت بطي / مسجد حمزه بن عبدالمطلب",
        "stationType": 3,
        "regionCode": "AE-ABU-DHABI",
        "OBJECTID": 696,
        "landmark": ""
      }
    },
    {
      "type": "Feature",
      "id": 696,
      "geometry": {
        "type": "Point",
        "coordinates": [
          54.412290462000044,
          24.443462320000037,
          0
        ]
      },
      "properties": {
        "FID": 696,
        "X": 54.412289999999999,
        "Y": 24.443462319999998,
        "name": "محطة شارع محمد بن جبران السويدي / مسجد عمار بن ياسر",
        "zones": "حدبة الزعفرانة",
        "direction": "أ",
        "description": "شارع محمد بن جبران السويدي / مسجد عمار بن ياسر",
        "stationType": 3,
        "regionCode": "AE-ABU-DHABI",
        "OBJECTID": 697,
        "landmark": ""
      }
    },
    {
      "type": "Feature",
      "id": 697,
      "geometry": {
        "type": "Point",
        "coordinates": [
          54.415709934000063,
          24.442094766000025,
          0
        ]
      },
      "properties": {
        "FID": 697,
        "X": 54.415709999999997,
        "Y": 24.4420947664,
        "name": "محطة شارع محمد بن جبران السويدي / مسجد",
        "zones": "حدبة الزعفرانة",
        "direction": "أ",
        "description": "شارع محمد بن جبران السويدي / المسجد",
        "stationType": 3,
        "regionCode": "AE-ABU-DHABI",
        "OBJECTID": 698,
        "landmark": ""
      }
    },
    {
      "type": "Feature",
      "id": 698,
      "geometry": {
        "type": "Point",
        "coordinates": [
          54.396145140000044,
          24.433193710000069,
          0
        ]
      },
      "properties": {
        "FID": 698,
        "X": 54.396144999999997,
        "Y": 24.433193710000001,
        "name": "محطة شارع سعيد بن عتيق الهاملي/ مدرسة الظبيانية",
        "zones": "المشرف",
        "direction": "أ",
        "description": "شارع سعيد بن عتيق الهاملي/ مدرسة الظبيانية",
        "stationType": 3,
        "regionCode": "AE-ABU-DHABI",
        "OBJECTID": 699,
        "landmark": ""
      }
    },
    {
      "type": "Feature",
      "id": 699,
      "geometry": {
        "type": "Point",
        "coordinates": [
          54.397468909000054,
          24.434019781000075,
          0
        ]
      },
      "properties": {
        "FID": 699,
        "X": 54.397469000000001,
        "Y": 24.434019781,
        "name": "شارع أحمد بن سعيد الرميثي/ مدرسة انترناشيونال كوميونيتي",
        "zones": "المشرف",
        "direction": "أ",
        "description": "شارع أحمد بن سعيد الرميثي/ مدرسة انترناشيونال كوميونيتي",
        "stationType": 3,
        "regionCode": "AE-ABU-DHABI",
        "OBJECTID": 700,
        "landmark": ""
      }
    },
    {
      "type": "Feature",
      "id": 700,
      "geometry": {
        "type": "Point",
        "coordinates": [
          54.395649912000067,
          24.435224965000032,
          0
        ]
      },
      "properties": {
        "FID": 700,
        "X": 54.395650000000003,
        "Y": 24.435224965,
        "name": "محطة شارع أحمد بن سعيد الرميثي/ شارع الد\u0650\u0651مثة",
        "zones": "المشرف",
        "direction": "أ",
        "description": "شارع أحمد بن سعيد الرميثي/ شارع الد\u0650\u0651مثة",
        "stationType": 3,
        "regionCode": "AE-ABU-DHABI",
        "OBJECTID": 701,
        "landmark": ""
      }
    },
    {
      "type": "Feature",
      "id": 701,
      "geometry": {
        "type": "Point",
        "coordinates": [
          54.394334026000081,
          24.43593336400005,
          0
        ]
      },
      "properties": {
        "FID": 701,
        "X": 54.394334000000001,
        "Y": 24.435933363899998,
        "name": "محطة شارع أحمد بن سعيد الرميثي/ شارع الد\u0650\u0651مثة",
        "zones": "المشرف",
        "direction": "ب",
        "description": "شارع أحمد بن سعيد الرميثي/ شارع الد\u0650\u0651مثة",
        "stationType": 3,
        "regionCode": "AE-ABU-DHABI",
        "OBJECTID": 702,
        "landmark": ""
      }
    },
    {
      "type": "Feature",
      "id": 702,
      "geometry": {
        "type": "Point",
        "coordinates": [
          54.391142797000043,
          24.44297242500005,
          0
        ]
      },
      "properties": {
        "FID": 702,
        "X": 54.391143,
        "Y": 24.442972425400001,
        "name": "محطة شارع جابر بن حيان / مسجد عبدالله بن رواحة",
        "zones": "المشرف",
        "direction": "أ",
        "description": "شارع جابر بن حيان / مسجد عبدالله بن رواحة",
        "stationType": 3,
        "regionCode": "AE-ABU-DHABI",
        "OBJECTID": 703,
        "landmark": ""
      }
    },
    {
      "type": "Feature",
      "id": 703,
      "geometry": {
        "type": "Point",
        "coordinates": [
          54.396246104000056,
          24.439314803000059,
          0
        ]
      },
      "properties": {
        "FID": 703,
        "X": 54.396245999999998,
        "Y": 24.439314803199998,
        "name": "محطة شارع الف\u064Eر\u0650يدة / صالة الافراح",
        "zones": "المشرف",
        "direction": "أ",
        "description": "شارع الف\u064Eر\u0650يدة / صالة الافراح",
        "stationType": 3,
        "regionCode": "AE-ABU-DHABI",
        "OBJECTID": 704,
        "landmark": ""
      }
    },
    {
      "type": "Feature",
      "id": 704,
      "geometry": {
        "type": "Point",
        "coordinates": [
          54.38412240200006,
          24.493565422000074,
          0
        ]
      },
      "properties": {
        "FID": 704,
        "X": 54.384121999999998,
        "Y": 24.493565421500001,
        "name": "محطة شارع أحمد بن حامد آل حامد / محطة حافلات الزاهية",
        "zones": "الزاهية",
        "direction": "أ",
        "description": "شارع أحمد بن حامد آل حامد امام محطة حافلات الزاهية",
        "stationType": 3,
        "regionCode": "AE-ABU-DHABI",
        "OBJECTID": 705,
        "landmark": ""
      }
    },
    {
      "type": "Feature",
      "id": 705,
      "geometry": {
        "type": "Point",
        "coordinates": [
          54.381594356000051,
          24.496572190000052,
          0
        ]
      },
      "properties": {
        "FID": 705,
        "X": 54.381594,
        "Y": 24.4965721901,
        "name": "محطة شارع أحمد بن حامد آل حامد/ ابوظبي مول",
        "zones": "الزاهية",
        "direction": "أ",
        "description": "شارع أحمد بن حامد آل حامد/ ابوظبي مول",
        "stationType": 3,
        "regionCode": "AE-ABU-DHABI",
        "OBJECTID": 706,
        "landmark": ""
      }
    },
    {
      "type": "Feature",
      "id": 706,
      "geometry": {
        "type": "Point",
        "coordinates": [
          54.381262528000036,
          24.497829997000053,
          0
        ]
      },
      "properties": {
        "FID": 706,
        "X": 54.381262999999997,
        "Y": 24.4978299974,
        "name": "محطة الزاهية شارع زايد الأول / ميرديان",
        "zones": "الزاهية",
        "direction": "أ",
        "description": "الزاهية شارع زايد الأول / ميرديان",
        "stationType": 3,
        "regionCode": "AE-ABU-DHABI",
        "OBJECTID": 707,
        "landmark": ""
      }
    },
    {
      "type": "Feature",
      "id": 707,
      "geometry": {
        "type": "Point",
        "coordinates": [
          54.380082240000036,
          24.49862180100007,
          0
        ]
      },
      "properties": {
        "FID": 707,
        "X": 54.380082000000002,
        "Y": 24.498621800900001,
        "name": "محطة شارع أحمد بن حامد آل حامد / فندق لو مريديان ابوظبي",
        "zones": "الزاهية",
        "direction": "أ",
        "description": "شارع أحمد بن حامد آل حامد / فندق لو مريديان ابوظبي",
        "stationType": 3,
        "regionCode": "AE-ABU-DHABI",
        "OBJECTID": 708,
        "landmark": ""
      }
    },
    {
      "type": "Feature",
      "id": 708,
      "geometry": {
        "type": "Point",
        "coordinates": [
          54.377792007000039,
          24.50109109300007,
          0
        ]
      },
      "properties": {
        "FID": 708,
        "X": 54.377791999999999,
        "Y": 24.501091093300001,
        "name": "محطة شارع أحمد بن حامد آل حامد / هلا أرجان روتانا",
        "zones": "الزاهية",
        "direction": "أ",
        "description": "شارع أحمد بن حامد آل حامد / هلا أرجان روتانا",
        "stationType": 3,
        "regionCode": "AE-ABU-DHABI",
        "OBJECTID": 709,
        "landmark": ""
      }
    },
    {
      "type": "Feature",
      "id": 709,
      "geometry": {
        "type": "Point",
        "coordinates": [
          54.376115624000079,
          24.501070975000061,
          0
        ]
      },
      "properties": {
        "FID": 709,
        "X": 54.376116000000003,
        "Y": 24.501070975000001,
        "name": "محطة شارع حامد بن بطي القبيسي / شارع حمدان بن محمد",
        "zones": "الزاهية",
        "direction": "أ",
        "description": "شارع حامد بن بطي القبيسي / شارع حمدان بن محمد امام مطعم عادل",
        "stationType": 3,
        "regionCode": "AE-ABU-DHABI",
        "OBJECTID": 710,
        "landmark": ""
      }
    },
    {
      "type": "Feature",
      "id": 710,
      "geometry": {
        "type": "Point",
        "coordinates": [
          54.378007375000038,
          24.49879334600007,
          0
        ]
      },
      "properties": {
        "FID": 710,
        "X": 54.378006999999997,
        "Y": 24.498793346500001,
        "name": "محطة شارع حامد بن بطي القبيسي / بريد الإمارات",
        "zones": "الزاهية",
        "direction": "أ",
        "description": "شارع حامد بن بطي القبيسي / بريد الإمارات",
        "stationType": 3,
        "regionCode": "AE-ABU-DHABI",
        "OBJECTID": 711,
        "landmark": ""
      }
    },
    {
      "type": "Feature",
      "id": 711,
      "geometry": {
        "type": "Point",
        "coordinates": [
          54.375952326000061,
          24.50323424000004,
          0
        ]
      },
      "properties": {
        "FID": 711,
        "X": 54.375951999999998,
        "Y": 24.503234240099999,
        "name": "محطة شارع أحمد بن حامد آل حامد / مسجد ثاني بن محمد",
        "zones": "الزاهية",
        "direction": "أ",
        "description": "شارع أحمد بن حامد آل حامد / مسجد ثاني بن محمد",
        "stationType": 3,
        "regionCode": "AE-ABU-DHABI",
        "OBJECTID": 712,
        "landmark": ""
      }
    },
    {
      "type": "Feature",
      "id": 712,
      "geometry": {
        "type": "Point",
        "coordinates": [
          54.376887343000078,
          24.499532017000035,
          0
        ]
      },
      "properties": {
        "FID": 712,
        "X": 54.376887000000004,
        "Y": 24.4995320172,
        "name": "محطة شارع حمدان بن محمد / مستشفي السلامه",
        "zones": "الزاهية",
        "direction": "أ",
        "description": "محطة شارع حمدان بن محمد / مستشفي السلامه",
        "stationType": 3,
        "regionCode": "AE-ABU-DHABI",
        "OBJECTID": 713,
        "landmark": ""
      }
    },
    {
      "type": "Feature",
      "id": 713,
      "geometry": {
        "type": "Point",
        "coordinates": [
          54.372524060000046,
          24.500656482000068,
          0
        ]
      },
      "properties": {
        "FID": 713,
        "X": 54.372523999999999,
        "Y": 24.500656481899998,
        "name": "محطة شارع الميناء / مستشفى الكورنيش",
        "zones": "الزاهية",
        "direction": "أ",
        "description": "شارع الميناء / مستشفى الكورنيش",
        "stationType": 3,
        "regionCode": "AE-ABU-DHABI",
        "OBJECTID": 714,
        "landmark": ""
      }
    },
    {
      "type": "Feature",
      "id": 714,
      "geometry": {
        "type": "Point",
        "coordinates": [
          54.372446237000077,
          24.502026991000037,
          0
        ]
      },
      "properties": {
        "FID": 714,
        "X": 54.372445999999997,
        "Y": 24.502026990699999,
        "name": "محطة شارع الميناء / مستشفى الكورنيش",
        "zones": "الزاهية",
        "direction": "ب",
        "description": "شارع الميناء / مستشفى الكورنيش",
        "stationType": 3,
        "regionCode": "AE-ABU-DHABI",
        "OBJECTID": 715,
        "landmark": ""
      }
    },
    {
      "type": "Feature",
      "id": 715,
      "geometry": {
        "type": "Point",
        "coordinates": [
          54.374781846000076,
          24.504973837000023,
          0
        ]
      },
      "properties": {
        "FID": 715,
        "X": 54.374782000000003,
        "Y": 24.5049738367,
        "name": "محطة شارع الميناء / صالون بلو شادوا",
        "zones": "الزاهية",
        "direction": "أ",
        "description": "شارع الميناء / صالون بلو شادوا",
        "stationType": 3,
        "regionCode": "AE-ABU-DHABI",
        "OBJECTID": 716,
        "landmark": ""
      }
    },
    {
      "type": "Feature",
      "id": 716,
      "geometry": {
        "type": "Point",
        "coordinates": [
          54.377729693000049,
          24.510268886000063,
          0
        ]
      },
      "properties": {
        "FID": 716,
        "X": 54.37773,
        "Y": 24.5102688857,
        "name": "محطة شارع الميناء / المركز الهندي الاجتماعي",
        "zones": "الزاهية",
        "direction": "أ",
        "description": "شارع الميناء / المركز الهندي الاجتماعي",
        "stationType": 3,
        "regionCode": "AE-ABU-DHABI",
        "OBJECTID": 717,
        "landmark": ""
      }
    },
    {
      "type": "Feature",
      "id": 717,
      "geometry": {
        "type": "Point",
        "coordinates": [
          54.377658655000062,
          24.511314601000038,
          0
        ]
      },
      "properties": {
        "FID": 717,
        "X": 54.377659000000001,
        "Y": 24.511314601500001,
        "name": "محطة شارع الميناء / المركز الهندي الاجتماعي",
        "zones": "الزاهية",
        "direction": "ب",
        "description": "شارع الميناء / المركز الهندي الاجتماعي",
        "stationType": 3,
        "regionCode": "AE-ABU-DHABI",
        "OBJECTID": 718,
        "landmark": ""
      }
    },
    {
      "type": "Feature",
      "id": 718,
      "geometry": {
        "type": "Point",
        "coordinates": [
          54.379015924000043,
          24.515309387000059,
          0
        ]
      },
      "properties": {
        "FID": 718,
        "X": 54.379016,
        "Y": 24.5153093867,
        "name": "محطة شارع الل\u0651\u064Fؤلؤة / سوق الخضار",
        "zones": "ميناء زايد",
        "direction": "أ",
        "description": "شارع الل\u0651\u064Fؤلؤة / سوق الخضار",
        "stationType": 3,
        "regionCode": "AE-ABU-DHABI",
        "OBJECTID": 719,
        "landmark": ""
      }
    },
    {
      "type": "Feature",
      "id": 719,
      "geometry": {
        "type": "Point",
        "coordinates": [
          54.377112504000081,
          24.514337651000062,
          0
        ]
      },
      "properties": {
        "FID": 719,
        "X": 54.377113000000001,
        "Y": 24.5143376509,
        "name": "محطة شارع التيلة / سوق السمك",
        "zones": "ميناء زايد",
        "direction": "أ",
        "description": "محطة شارع التيلة / سوق السمك",
        "stationType": 3,
        "regionCode": "AE-ABU-DHABI",
        "OBJECTID": 720,
        "landmark": ""
      }
    },
    {
      "type": "Feature",
      "id": 720,
      "geometry": {
        "type": "Point",
        "coordinates": [
          54.374489355000037,
          24.502910949000068,
          0
        ]
      },
      "properties": {
        "FID": 720,
        "X": 54.374488999999997,
        "Y": 24.502910948899999,
        "name": "محطة شارع حامد بن بطي القبيسي / شارع الو\u064Eكرة",
        "zones": "الزاهية",
        "direction": "أ",
        "description": "شارع حامد بن بطي القبيسي / شارع الو\u064Eكرة",
        "stationType": 3,
        "regionCode": "AE-ABU-DHABI",
        "OBJECTID": 721,
        "landmark": ""
      }
    },
    {
      "type": "Feature",
      "id": 721,
      "geometry": {
        "type": "Point",
        "coordinates": [
          54.385096454000063,
          24.490820502000076,
          0
        ]
      },
      "properties": {
        "FID": 721,
        "X": 54.385095999999997,
        "Y": 24.4908205019,
        "name": "محطة شارع حامد بن بطي القبيسي / جرانديوس سوبرماركت",
        "zones": "الزاهية",
        "direction": "أ",
        "description": "شارع حامد بن بطي القبيسي / جرانديوس سوبرماركت",
        "stationType": 3,
        "regionCode": "AE-ABU-DHABI",
        "OBJECTID": 722,
        "landmark": ""
      }
    },
    {
      "type": "Feature",
      "id": 722,
      "geometry": {
        "type": "Point",
        "coordinates": [
          54.394411654000066,
          24.437911305000057,
          0
        ]
      },
      "properties": {
        "FID": 722,
        "X": 54.394412000000003,
        "Y": 24.4379113054,
        "name": "محطة شارع الف\u064Eر\u0650يدة / شارع الحاصلة",
        "zones": "المشرف",
        "direction": "أ",
        "description": "شارع الف\u064Eر\u0650يدة / شارع الحاصلة",
        "stationType": 3,
        "regionCode": "AE-ABU-DHABI",
        "OBJECTID": 723,
        "landmark": ""
      }
    },
    {
      "type": "Feature",
      "id": 723,
      "geometry": {
        "type": "Point",
        "coordinates": [
          54.378382546000068,
          24.516832702000045,
          0
        ]
      },
      "properties": {
        "FID": 723,
        "X": 54.378382999999999,
        "Y": 24.516832702199999,
        "name": "محطة شارع الل\u0651\u064Fؤلؤة / سوق الخضار",
        "zones": "ميناء زايد",
        "direction": "ب",
        "description": "شارع الل\u0651\u064Fؤلؤة / سوق الخضار",
        "stationType": 3,
        "regionCode": "AE-ABU-DHABI",
        "OBJECTID": 724,
        "landmark": ""
      }
    },
    {
      "type": "Feature",
      "id": 724,
      "geometry": {
        "type": "Point",
        "coordinates": [
          54.382053818000031,
          24.514378376000025,
          0
        ]
      },
      "properties": {
        "FID": 724,
        "X": 54.382053999999997,
        "Y": 24.514378376100002,
        "name": "محطة ميناء أبوظبي - البوابة 1",
        "zones": "ميناء زايد",
        "direction": "أ",
        "description": "ميناء أبوظبي - البوابة (1)",
        "stationType": 3,
        "regionCode": "AE-ABU-DHABI",
        "OBJECTID": 725,
        "landmark": ""
      }
    },
    {
      "type": "Feature",
      "id": 725,
      "geometry": {
        "type": "Point",
        "coordinates": [
          54.387521436000043,
          24.512821521000035,
          0
        ]
      },
      "properties": {
        "FID": 725,
        "X": 54.387521,
        "Y": 24.512821520799999,
        "name": "محطة شارع الشيخ خليفة بن زايد / النادي",
        "zones": "ميناء زايد",
        "direction": "أ",
        "description": "شارع الشيخ خليفة بن زايد / النادي",
        "stationType": 3,
        "regionCode": "AE-ABU-DHABI",
        "OBJECTID": 726,
        "landmark": ""
      }
    },
    {
      "type": "Feature",
      "id": 726,
      "geometry": {
        "type": "Point",
        "coordinates": [
          54.387676809000027,
          24.50387995400007,
          0
        ]
      },
      "properties": {
        "FID": 726,
        "X": 54.387676999999996,
        "Y": 24.503879953799999,
        "name": "محطة شارع حمدان بن محمد / مركز المارية الرياضي",
        "zones": "جزيرة المارية",
        "direction": "أ",
        "description": "محطة شارع حمدان بن محمد / مركز المارية الرياضي",
        "stationType": 3,
        "regionCode": "AE-ABU-DHABI",
        "OBJECTID": 727,
        "landmark": ""
      }
    },
    {
      "type": "Feature",
      "id": 727,
      "geometry": {
        "type": "Point",
        "coordinates": [
          54.409863616000052,
          24.429548311000076,
          0
        ]
      },
      "properties": {
        "FID": 727,
        "X": 54.409863999999999,
        "Y": 24.429548311400001,
        "name": "محطة شارع المشموم / مدرسة المنهل الدولية الخاصة",
        "zones": "المشرف",
        "direction": "أ",
        "description": "شارع المشموم / مدرسة المنهل الدولية الخاصة",
        "stationType": 3,
        "regionCode": "AE-ABU-DHABI",
        "OBJECTID": 728,
        "landmark": ""
      }
    },
    {
      "type": "Feature",
      "id": 728,
      "geometry": {
        "type": "Point",
        "coordinates": [
          54.414917579000075,
          24.428741254000045,
          0
        ]
      },
      "properties": {
        "FID": 728,
        "X": 54.414918,
        "Y": 24.428741254199998,
        "name": "محطة شارع الأس\u0652ر\u064Eاب / السفارة الفليبينية",
        "zones": "الروضة",
        "direction": "أ",
        "description": "شارع شارع الأس\u0652ر\u064Eاب / السفارة الفليبينية",
        "stationType": 3,
        "regionCode": "AE-ABU-DHABI",
        "OBJECTID": 729,
        "landmark": ""
      }
    },
    {
      "type": "Feature",
      "id": 729,
      "geometry": {
        "type": "Point",
        "coordinates": [
          54.406685928000059,
          24.426822253000068,
          0
        ]
      },
      "properties": {
        "FID": 729,
        "X": 54.406686000000001,
        "Y": 24.426822253200001,
        "name": "محطة شارع ب\u064Eرقا أم الص\u0651\u064Eعاب /  جمعية المشرف",
        "zones": "المشرف",
        "direction": "أ",
        "description": "شارع ب\u064Eرقا أم الص\u0651\u064Eعاب /  جمعية المشرف",
        "stationType": 3,
        "regionCode": "AE-ABU-DHABI",
        "OBJECTID": 730,
        "landmark": ""
      }
    },
    {
      "type": "Feature",
      "id": 730,
      "geometry": {
        "type": "Point",
        "coordinates": [
          54.406342206000033,
          24.431094517000076,
          0
        ]
      },
      "properties": {
        "FID": 730,
        "X": 54.406342000000002,
        "Y": 24.431094516999998,
        "name": "محطة شارع الر\u0651\u064Eاع\u0652ب\u0650ي / مدرسة خليفة بن زايد",
        "zones": "المشرف",
        "direction": "أ",
        "description": " شارع الر\u0651\u064Eاع\u0652ب\u0650ي / مدرسة خليفة بن زايد",
        "stationType": 3,
        "regionCode": "AE-ABU-DHABI",
        "OBJECTID": 731,
        "landmark": ""
      }
    },
    {
      "type": "Feature",
      "id": 731,
      "geometry": {
        "type": "Point",
        "coordinates": [
          54.435272776000033,
          24.44003613700005,
          0
        ]
      },
      "properties": {
        "FID": 731,
        "X": 54.435273000000002,
        "Y": 24.4400361372,
        "name": "محطة شارع محمد بن خادم المنصوري/ مدرسة الإمارات الخاصة أبوظبي",
        "zones": "السعادة",
        "direction": "أ",
        "description": "شارع محمد بن خادم المنصوري/ مدرسة الإمارات الخاصة أبوظبي",
        "stationType": 3,
        "regionCode": "AE-ABU-DHABI",
        "OBJECTID": 732,
        "landmark": ""
      }
    },
    {
      "type": "Feature",
      "id": 732,
      "geometry": {
        "type": "Point",
        "coordinates": [
          54.434958617000063,
          24.442891977000045,
          0
        ]
      },
      "properties": {
        "FID": 732,
        "X": 54.434958999999999,
        "Y": 24.4428919769,
        "name": "محطة شارع الم\u064Eرجان / مدرسة عبدالجليل الفهيم",
        "zones": "السعادة",
        "direction": "أ",
        "description": "شارع الم\u064Eرجان / مدرسة عبدالجليل الفهيم",
        "stationType": 3,
        "regionCode": "AE-ABU-DHABI",
        "OBJECTID": 733,
        "landmark": ""
      }
    },
    {
      "type": "Feature",
      "id": 733,
      "geometry": {
        "type": "Point",
        "coordinates": [
          54.434625125000082,
          24.435503234000066,
          0
        ]
      },
      "properties": {
        "FID": 733,
        "X": 54.434624999999997,
        "Y": 24.4355032339,
        "name": "محطة مسجد شيخة بنت سرور بن محمد ال نهيان / مدرسة الريم",
        "zones": "السعادة",
        "direction": "أ",
        "description": "مسجد شيخة بنت سرور بن محمد ال نهيان / مدرسة الريم",
        "stationType": 3,
        "regionCode": "AE-ABU-DHABI",
        "OBJECTID": 734,
        "landmark": ""
      }
    },
    {
      "type": "Feature",
      "id": 734,
      "geometry": {
        "type": "Point",
        "coordinates": [
          54.42780029000005,
          24.43854628400004,
          0
        ]
      },
      "properties": {
        "FID": 734,
        "X": 54.427799999999998,
        "Y": 24.438546284099999,
        "name": "محطة شارع بطي بن حامد آل حامد / مسجد الشهيد سيف سعيد غباش",
        "zones": "السعادة",
        "direction": "أ",
        "description": "شارع بطي بن حامد آل حامد / مسجد الشهيد سيف سعيد غباش",
        "stationType": 3,
        "regionCode": "AE-ABU-DHABI",
        "OBJECTID": 735,
        "landmark": ""
      }
    },
    {
      "type": "Feature",
      "id": 735,
      "geometry": {
        "type": "Point",
        "coordinates": [
          54.424286117000065,
          24.441672530000062,
          0
        ]
      },
      "properties": {
        "FID": 735,
        "X": 54.424286000000002,
        "Y": 24.4416725301,
        "name": "محطة اتحاد الشرطة الرياضي / مسجد شما ضاحي الرميثي",
        "zones": "السعادة",
        "direction": "أ",
        "description": " اتحاد الشرطة الرياضي / مسجد شما ضاحي الرميثي",
        "stationType": 3,
        "regionCode": "AE-ABU-DHABI",
        "OBJECTID": 736,
        "landmark": ""
      }
    },
    {
      "type": "Feature",
      "id": 736,
      "geometry": {
        "type": "Point",
        "coordinates": [
          54.420079218000069,
          24.440075442000023,
          0
        ]
      },
      "properties": {
        "FID": 736,
        "X": 54.420079000000001,
        "Y": 24.440075441800001,
        "name": "محطة إدارة التحقيق في مسرح الجريمة، شرطة أبوظبي",
        "zones": "السعادة",
        "direction": "أ",
        "description": "إدارة التحقيق في مسرح الجريمة، شرطة أبوظبي",
        "stationType": 3,
        "regionCode": "AE-ABU-DHABI",
        "OBJECTID": 737,
        "landmark": ""
      }
    },
    {
      "type": "Feature",
      "id": 737,
      "geometry": {
        "type": "Point",
        "coordinates": [
          54.425772595000069,
          24.42576742500006,
          0
        ]
      },
      "properties": {
        "FID": 737,
        "X": 54.425773,
        "Y": 24.4257674248,
        "name": "محطة شارع نيوة الوذ\u064Eيني / مسجد جبريل",
        "zones": "الروضة",
        "direction": "أ",
        "description": "شارع نيوة الوذ\u064Eيني بجانب مسجد جبريل و سفارة بنجلاديش",
        "stationType": 3,
        "regionCode": "AE-ABU-DHABI",
        "OBJECTID": 738,
        "landmark": ""
      }
    },
    {
      "type": "Feature",
      "id": 738,
      "geometry": {
        "type": "Point",
        "coordinates": [
          54.423201443000039,
          24.426165898000079,
          0
        ]
      },
      "properties": {
        "FID": 738,
        "X": 54.423200999999999,
        "Y": 24.426165897800001,
        "name": "محطة شارع نيوة الوذ\u064Eيني / قرية واحة النخيل",
        "zones": "الروضة",
        "direction": "أ",
        "description": "شارع نيوة الوذ\u064Eيني بجانب قرية واحة النخيل",
        "stationType": 3,
        "regionCode": "AE-ABU-DHABI",
        "OBJECTID": 739,
        "landmark": ""
      }
    },
    {
      "type": "Feature",
      "id": 739,
      "geometry": {
        "type": "Point",
        "coordinates": [
          54.429523713000037,
          24.425515328000074,
          0
        ]
      },
      "properties": {
        "FID": 739,
        "X": 54.429524000000001,
        "Y": 24.425515327900001,
        "name": "محطة شارع الس\u0651\u064Eفارات / سفارة دولة فلسطين",
        "zones": "الروضة",
        "direction": "أ",
        "description": "شارع الس\u0651\u064Eفارات بجانب سفارة دولة فلسطين و السفارة التونسية",
        "stationType": 3,
        "regionCode": "AE-ABU-DHABI",
        "OBJECTID": 740,
        "landmark": ""
      }
    },
    {
      "type": "Feature",
      "id": 740,
      "geometry": {
        "type": "Point",
        "coordinates": [
          54.43175375800007,
          24.425408803000039,
          0
        ]
      },
      "properties": {
        "FID": 740,
        "X": 54.431753999999998,
        "Y": 24.425408803100002,
        "name": "محطة شارع الس\u0651\u064Eفارات / السفارة التركية",
        "zones": "الروضة",
        "direction": "أ",
        "description": "شارع الس\u0651\u064Eفارات / السفارة التركية و سفارة الجمهورية اليمنية ابوظبي",
        "stationType": 3,
        "regionCode": "AE-ABU-DHABI",
        "OBJECTID": 741,
        "landmark": ""
      }
    },
    {
      "type": "Feature",
      "id": 741,
      "geometry": {
        "type": "Point",
        "coordinates": [
          54.435985367000058,
          24.424794645000077,
          0
        ]
      },
      "properties": {
        "FID": 741,
        "X": 54.435985000000002,
        "Y": 24.4247946455,
        "name": "محطة شارع الس\u0651\u064Eفارات / سفارة جمهورية مصر العربية",
        "zones": "الروضة",
        "direction": "أ",
        "description": "شارع الس\u0651\u064Eفارات بجانب سفارة جمهورية مصر العربية و سفارة الولايات المتحدة",
        "stationType": 3,
        "regionCode": "AE-ABU-DHABI",
        "OBJECTID": 742,
        "landmark": ""
      }
    },
    {
      "type": "Feature",
      "id": 742,
      "geometry": {
        "type": "Point",
        "coordinates": [
          54.440948748000039,
          24.424553783000079,
          0
        ]
      },
      "properties": {
        "FID": 742,
        "X": 54.440949000000003,
        "Y": 24.424553782899999,
        "name": "محطة شارع الس\u0651\u064Eفارات / سفارة كوريا الجنوبية",
        "zones": "الروضة",
        "direction": "أ",
        "description": "شارع الس\u0651\u064Eفارات بجانب سفارة كوريا الجنوبية و سفارة الجزائر",
        "stationType": 3,
        "regionCode": "AE-ABU-DHABI",
        "OBJECTID": 743,
        "landmark": ""
      }
    },
    {
      "type": "Feature",
      "id": 743,
      "geometry": {
        "type": "Point",
        "coordinates": [
          54.462038377000056,
          24.415513184000076,
          0
        ]
      },
      "properties": {
        "FID": 743,
        "X": 54.462038,
        "Y": 24.415513184200002,
        "name": "محطة شارع سيف غباش / مركز خليفة الدولي للبولينج",
        "zones": "الروضة",
        "direction": "أ",
        "description": "شارع سيف غباش / مركز خليفة الدولي للبولينج",
        "stationType": 3,
        "regionCode": "AE-ABU-DHABI",
        "OBJECTID": 744,
        "landmark": ""
      }
    },
    {
      "type": "Feature",
      "id": 744,
      "geometry": {
        "type": "Point",
        "coordinates": [
          54.451536271000066,
          24.416699537000056,
          0
        ]
      },
      "properties": {
        "FID": 744,
        "X": 54.451535999999997,
        "Y": 24.4166995372,
        "name": "محطة استاد مدينة زايد الرياضية - البوابة 1 (مدخل كبار الشخصيات)",
        "zones": "الروضة",
        "direction": "أ",
        "description": "استاد مدينة زايد الرياضية - البوابة 1 (مدخل كبار الشخصيات)",
        "stationType": 3,
        "regionCode": "AE-ABU-DHABI",
        "OBJECTID": 745,
        "landmark": ""
      }
    },
    {
      "type": "Feature",
      "id": 745,
      "geometry": {
        "type": "Point",
        "coordinates": [
          54.452550233000068,
          24.418729387000042,
          0
        ]
      },
      "properties": {
        "FID": 745,
        "X": 54.452550000000002,
        "Y": 24.418729386599999,
        "name": "محطة مستشفى هيلث بوينت",
        "zones": "الروضة",
        "direction": "أ",
        "description": "مستشفى هيلث بوينت",
        "stationType": 3,
        "regionCode": "AE-ABU-DHABI",
        "OBJECTID": 746,
        "landmark": ""
      }
    },
    {
      "type": "Feature",
      "id": 746,
      "geometry": {
        "type": "Point",
        "coordinates": [
          54.422783035000066,
          24.423956489000034,
          0
        ]
      },
      "properties": {
        "FID": 746,
        "X": 54.422783000000003,
        "Y": 24.423956489199998,
        "name": "محطة الهيئة الاتحادية للهوية والجنسية والجمارك و أمن المنافذ",
        "zones": "الروضة",
        "direction": "أ",
        "description": "الهيئة الاتحادية للهوية والجنسية والجمارك وأمن المنافذ المبنى الرئيسي للإدارة",
        "stationType": 3,
        "regionCode": "AE-ABU-DHABI",
        "OBJECTID": 747,
        "landmark": ""
      }
    },
    {
      "type": "Feature",
      "id": 747,
      "geometry": {
        "type": "Point",
        "coordinates": [
          54.390456171000039,
          24.436101142000041,
          0
        ]
      },
      "properties": {
        "FID": 747,
        "X": 54.390456,
        "Y": 24.436101142399998,
        "name": "محطة بوابة 4 الإسطبلات الملكية",
        "zones": "المشرف",
        "direction": "أ",
        "description": "بوابة 4 الإسطبلات الملكية",
        "stationType": 3,
        "regionCode": "AE-ABU-DHABI",
        "OBJECTID": 748,
        "landmark": ""
      }
    },
    {
      "type": "Feature",
      "id": 748,
      "geometry": {
        "type": "Point",
        "coordinates": [
          54.38630237600006,
          24.436264050000034,
          0
        ]
      },
      "properties": {
        "FID": 748,
        "X": 54.386302000000001,
        "Y": 24.436264049999998,
        "name": "محطة شارع الشموع / مسجد مريفة خلفان الدرمكي",
        "zones": "المشرف",
        "direction": "أ",
        "description": "شارع الشموع / مسجد مريفة خلفان الدرمكي",
        "stationType": 3,
        "regionCode": "AE-ABU-DHABI",
        "OBJECTID": 749,
        "landmark": ""
      }
    },
    {
      "type": "Feature",
      "id": 749,
      "geometry": {
        "type": "Point",
        "coordinates": [
          54.384094940000068,
          24.433834102000048,
          0
        ]
      },
      "properties": {
        "FID": 749,
        "X": 54.384095000000002,
        "Y": 24.433834101799999,
        "name": "محطة مسجد أحمد بن حاضر المريخي",
        "zones": "المشرف",
        "direction": "أ",
        "description": "مسجد أحمد بن حاضر المريخي",
        "stationType": 3,
        "regionCode": "AE-ABU-DHABI",
        "OBJECTID": 750,
        "landmark": ""
      }
    },
    {
      "type": "Feature",
      "id": 750,
      "geometry": {
        "type": "Point",
        "coordinates": [
          54.374968873000057,
          24.442268195000054,
          0
        ]
      },
      "properties": {
        "FID": 750,
        "X": 54.374969,
        "Y": 24.442268195400001,
        "name": "محطة شارع خليفة بن شخبوط / نادي أبوظبي للفروسية (البوابة 1)",
        "zones": "المشرف",
        "direction": "أ",
        "description": "شارع خليفة بن شخبوط / نادي أبوظبي للفروسية (البوابة 3)",
        "stationType": 3,
        "regionCode": "AE-ABU-DHABI",
        "OBJECTID": 751,
        "landmark": ""
      }
    },
    {
      "type": "Feature",
      "id": 751,
      "geometry": {
        "type": "Point",
        "coordinates": [
          54.370732187000044,
          24.452113543000053,
          0
        ]
      },
      "properties": {
        "FID": 751,
        "X": 54.370731999999997,
        "Y": 24.452113542799999,
        "name": "محطة أكاديمية الشيخ زايد الخاصة للبنات",
        "zones": "المنهل",
        "direction": "أ",
        "description": "أكاديمية الشيخ زايد الخاصة للبنات و قصر البطين",
        "stationType": 3,
        "regionCode": "AE-ABU-DHABI",
        "OBJECTID": 752,
        "landmark": ""
      }
    },
    {
      "type": "Feature",
      "id": 752,
      "geometry": {
        "type": "Point",
        "coordinates": [
          54.364375778000067,
          24.450071363000063,
          0
        ]
      },
      "properties": {
        "FID": 752,
        "X": 54.364376,
        "Y": 24.450071363300001,
        "name": "محطة مسجد مصيفة بنت محمد المهيري",
        "zones": "المنهل",
        "direction": "أ",
        "description": "مسجد مصيفة بنت محمد المهيري والدة عمير بن اليوسف",
        "stationType": 3,
        "regionCode": "AE-ABU-DHABI",
        "OBJECTID": 753,
        "landmark": ""
      }
    },
    {
      "type": "Feature",
      "id": 753,
      "geometry": {
        "type": "Point",
        "coordinates": [
          54.362029795000069,
          24.491186256000049,
          0
        ]
      },
      "properties": {
        "FID": 753,
        "X": 54.362029999999997,
        "Y": 24.491186255900001,
        "name": "محطة شارع سلطان بن زايد/ حديقة العاصمة",
        "zones": "الدانة",
        "direction": "ب",
        "description": "شارع سلطان بن زايد/ حديقة العاصمة",
        "stationType": 3,
        "regionCode": "AE-ABU-DHABI",
        "OBJECTID": 754,
        "landmark": ""
      }
    },
    {
      "type": "Feature",
      "id": 754,
      "geometry": {
        "type": "Point",
        "coordinates": [
          54.362302837000072,
          24.491335434000064,
          0
        ]
      },
      "properties": {
        "FID": 754,
        "X": 54.362302999999997,
        "Y": 24.4913354342,
        "name": "محطة شارع سلطان بن زايد/ حديقة العاصمة",
        "zones": "الدانة",
        "direction": "أ",
        "description": "شارع سلطان بن زايد/ حديقة العاصمة",
        "stationType": 3,
        "regionCode": "AE-ABU-DHABI",
        "OBJECTID": 755,
        "landmark": ""
      }
    },
    {
      "type": "Feature",
      "id": 755,
      "geometry": {
        "type": "Point",
        "coordinates": [
          54.378529068000034,
          24.49694316700004,
          0
        ]
      },
      "properties": {
        "FID": 755,
        "X": 54.378529,
        "Y": 24.4969431673,
        "name": "محطة شارع زايد الأول / هارديز",
        "zones": "الزاهية",
        "direction": "أ",
        "description": "شارع زايد الأول امام هارديز",
        "stationType": 3,
        "regionCode": "AE-ABU-DHABI",
        "OBJECTID": 756,
        "landmark": ""
      }
    },
    {
      "type": "Feature",
      "id": 756,
      "geometry": {
        "type": "Point",
        "coordinates": [
          54.350771114000054,
          24.454246870000077,
          0
        ]
      },
      "properties": {
        "FID": 756,
        "X": 54.350771000000002,
        "Y": 24.4542468697,
        "name": "محطة شارع الملك عبدالله بن عبدالعزيز آل سعود / المدرسة الإسبانية في أبو ظبي",
        "zones": "البطين",
        "direction": "أ",
        "description": "شارع الملك عبدالله بن عبدالعزيز آل سعود / المدرسة الإسبانية في أبو ظبي",
        "stationType": 3,
        "regionCode": "AE-ABU-DHABI",
        "OBJECTID": 757,
        "landmark": ""
      }
    },
    {
      "type": "Feature",
      "id": 757,
      "geometry": {
        "type": "Point",
        "coordinates": [
          54.346171975000061,
          24.455402631000027,
          0
        ]
      },
      "properties": {
        "FID": 757,
        "X": 54.346172000000003,
        "Y": 24.4554026309,
        "name": "محطة ش الملك عبدالله بن عبد العزيز آل سعود / مسجد مبارك ومطر أبناء حاضر المهيري",
        "zones": "البطين",
        "direction": "أ",
        "description": "ش الملك عبدالله بن عبد العزيز آل سعود امام مسجد مبارك ومطر أبناء حاضر المهيري",
        "stationType": 3,
        "regionCode": "AE-ABU-DHABI",
        "OBJECTID": 758,
        "landmark": ""
      }
    },
    {
      "type": "Feature",
      "id": 758,
      "geometry": {
        "type": "Point",
        "coordinates": [
          54.337612066000077,
          24.457354929000076,
          0
        ]
      },
      "properties": {
        "FID": 758,
        "X": 54.337612,
        "Y": 24.457354928899999,
        "name": "محطة شارع الملك عبدالله بن عبدالعزيز آل سعود / مصرف الإمارات العربية المتحدة المركزي",
        "zones": "البطين",
        "direction": "ب",
        "description": "شارع الملك عبدالله بن عبدالعزيز آل سعود / مصرف الإمارات العربيةالمتحدة المركزي",
        "stationType": 3,
        "regionCode": "AE-ABU-DHABI",
        "OBJECTID": 759,
        "landmark": ""
      }
    },
    {
      "type": "Feature",
      "id": 759,
      "geometry": {
        "type": "Point",
        "coordinates": [
          54.336222525000039,
          24.457321410000077,
          0
        ]
      },
      "properties": {
        "FID": 759,
        "X": 54.336222999999997,
        "Y": 24.457321409799999,
        "name": "محطة شارع الملك عبدالله بن عبدالعزيز آل سعود / مصرف الإمارات العربية المتحدة المركزي",
        "zones": "البطين",
        "direction": "أ",
        "description": "شارع الملك عبدالله بن عبدالعزيز آل سعود / مصرف الإمارات العربيةالمتحدة المركزي",
        "stationType": 3,
        "regionCode": "AE-ABU-DHABI",
        "OBJECTID": 760,
        "landmark": ""
      }
    },
    {
      "type": "Feature",
      "id": 760,
      "geometry": {
        "type": "Point",
        "coordinates": [
          54.336482379000074,
          24.457623826000031,
          0
        ]
      },
      "properties": {
        "FID": 760,
        "X": 54.336481999999997,
        "Y": 24.457623825799999,
        "name": "محطة شارع الملك عبدالله بن عبدالعزيز آل سعود / مصرف الإمارات العربية المتحدة المركزي",
        "zones": "البطين",
        "direction": "ب",
        "description": "شارع الملك عبدالله بن عبدالعزيز آل سعود / مصرف الإمارات العربيةالمتحدة المركزي",
        "stationType": 3,
        "regionCode": "AE-ABU-DHABI",
        "OBJECTID": 761,
        "landmark": ""
      }
    },
    {
      "type": "Feature",
      "id": 761,
      "geometry": {
        "type": "Point",
        "coordinates": [
          54.339017161000072,
          24.456648634000032,
          0
        ]
      },
      "properties": {
        "FID": 761,
        "X": 54.339016999999998,
        "Y": 24.456648634299999,
        "name": "محطة شارع الملك عبدالله بن عبدالعزيز آل سعود / مصرف الإمارات العربيةالمتحدة المركزي",
        "zones": "البطين",
        "direction": "أ",
        "description": "شارع الملك عبدالله بن عبدالعزيز آل سعود امام مصرف الإمارات العربية المتحدة المركزي",
        "stationType": 3,
        "regionCode": "AE-ABU-DHABI",
        "OBJECTID": 762,
        "landmark": ""
      }
    },
    {
      "type": "Feature",
      "id": 762,
      "geometry": {
        "type": "Point",
        "coordinates": [
          54.34106857900008,
          24.456152258000031,
          0
        ]
      },
      "properties": {
        "FID": 762,
        "X": 54.341068999999997,
        "Y": 24.4561522584,
        "name": "محطة شارع الملك عبدالله بن عبدالعزيز آل سعود / مسجد محمد بن عبدالله بن صالح السويدي",
        "zones": "البطين",
        "direction": "أ",
        "description": "شارع الملك عبدالله بن عبدالعزيز آل سعود / مسجد محمد بن عبدالله بن صالح السويدي",
        "stationType": 3,
        "regionCode": "AE-ABU-DHABI",
        "OBJECTID": 763,
        "landmark": ""
      }
    },
    {
      "type": "Feature",
      "id": 763,
      "geometry": {
        "type": "Point",
        "coordinates": [
          54.341890058000047,
          24.456473574000029,
          0
        ]
      },
      "properties": {
        "FID": 763,
        "X": 54.341889999999999,
        "Y": 24.456473574299999,
        "name": "محطة شارع الملك عبدالله بن عبدالعزيز آل سعود / مسجد محمد بن عبدالله بن صالح السويدي",
        "zones": "البطين",
        "direction": "ب",
        "description": "شارع الملك عبدالله بن عبدالعزيز آل سعود / مسجد محمد بن عبدالله بن صالح السويدي",
        "stationType": 3,
        "regionCode": "AE-ABU-DHABI",
        "OBJECTID": 764,
        "landmark": ""
      }
    },
    {
      "type": "Feature",
      "id": 764,
      "geometry": {
        "type": "Point",
        "coordinates": [
          54.334431684000037,
          24.458084048000046,
          0
        ]
      },
      "properties": {
        "FID": 764,
        "X": 54.334432,
        "Y": 24.458084048,
        "name": "محطة شارع الملك عبدالله بن عبدالعزيز آل سعود / صندوق ابوظبي للتنمية",
        "zones": "البطين",
        "direction": "ب",
        "description": "شارع الملك عبدالله بن عبدالعزيز آل سعود / صندوق ابوظبي للتنمية",
        "stationType": 3,
        "regionCode": "AE-ABU-DHABI",
        "OBJECTID": 765,
        "landmark": ""
      }
    },
    {
      "type": "Feature",
      "id": 765,
      "geometry": {
        "type": "Point",
        "coordinates": [
          54.333973569000079,
          24.457832282000027,
          0
        ]
      },
      "properties": {
        "FID": 765,
        "X": 54.333973999999998,
        "Y": 24.4578322817,
        "name": "محطة شارع الملك عبدالله بن عبدالعزيز آل سعود / صندوق ابوظبي للتنمية",
        "zones": "البطين",
        "direction": "أ",
        "description": "شارع الملك عبدالله بن عبدالعزيز آل سعود / صندوق ابوظبي للتنمية",
        "stationType": 3,
        "regionCode": "AE-ABU-DHABI",
        "OBJECTID": 766,
        "landmark": ""
      }
    },
    {
      "type": "Feature",
      "id": 766,
      "geometry": {
        "type": "Point",
        "coordinates": [
          54.332051378000074,
          24.458276688000069,
          0
        ]
      },
      "properties": {
        "FID": 766,
        "X": 54.332051,
        "Y": 24.4582766877,
        "name": "محطة شارع الملك عبدالله بن عبدالعزيز آل سعود / دائرة شؤون الرئاسة",
        "zones": "البطين",
        "direction": "أ",
        "description": "شارع الملك عبدالله بن عبدالعزيز آل سعود / دائرة شؤون الرئاسة",
        "stationType": 3,
        "regionCode": "AE-ABU-DHABI",
        "OBJECTID": 767,
        "landmark": ""
      }
    },
    {
      "type": "Feature",
      "id": 767,
      "geometry": {
        "type": "Point",
        "coordinates": [
          54.332608623000056,
          24.458503134000068,
          0
        ]
      },
      "properties": {
        "FID": 767,
        "X": 54.332608999999998,
        "Y": 24.458503134200001,
        "name": "محطة شارع الملك عبدالله بن عبدالعزيز آل سعود / دائرة شؤون الرئاسة",
        "zones": "البطين",
        "direction": "ب",
        "description": "شارع الملك عبدالله بن عبدالعزيز آل سعود / دائرة شؤون الرئاسة",
        "stationType": 3,
        "regionCode": "AE-ABU-DHABI",
        "OBJECTID": 768,
        "landmark": ""
      }
    },
    {
      "type": "Feature",
      "id": 768,
      "geometry": {
        "type": "Point",
        "coordinates": [
          54.337964233000037,
          24.465456823000068,
          0
        ]
      },
      "properties": {
        "FID": 768,
        "X": 54.337963999999999,
        "Y": 24.465456822899998,
        "name": "محطة شارع زايد الأول / حديقة الشيخة فاطمة",
        "zones": "البطين",
        "direction": "أ",
        "description": "شارع زايد الأول / حديقة الشيخة فاطمة",
        "stationType": 3,
        "regionCode": "AE-ABU-DHABI",
        "OBJECTID": 769,
        "landmark": ""
      }
    },
    {
      "type": "Feature",
      "id": 769,
      "geometry": {
        "type": "Point",
        "coordinates": [
          54.338368935000062,
          24.465436879000038,
          0
        ]
      },
      "properties": {
        "FID": 769,
        "X": 54.338369,
        "Y": 24.465436879199999,
        "name": "محطة شارع زايد الأول / حديقة الشيخة فاطمة",
        "zones": "البطين",
        "direction": "ب",
        "description": "شارع زايد الأول / حديقة الشيخة فاطمة",
        "stationType": 3,
        "regionCode": "AE-ABU-DHABI",
        "OBJECTID": 770,
        "landmark": ""
      }
    },
    {
      "type": "Feature",
      "id": 770,
      "geometry": {
        "type": "Point",
        "coordinates": [
          54.347172206000039,
          24.459427448000042,
          0
        ]
      },
      "properties": {
        "FID": 770,
        "X": 54.347172,
        "Y": 24.459427448300001,
        "name": "محطة شارع البطين / الدفاع المدني",
        "zones": "البطين",
        "direction": "أ",
        "description": "شارع البطين / الدفاع المدني",
        "stationType": 3,
        "regionCode": "AE-ABU-DHABI",
        "OBJECTID": 771,
        "landmark": ""
      }
    },
    {
      "type": "Feature",
      "id": 771,
      "geometry": {
        "type": "Point",
        "coordinates": [
          54.347595228000046,
          24.458532342000069,
          0
        ]
      },
      "properties": {
        "FID": 771,
        "X": 54.347594999999998,
        "Y": 24.4585323419,
        "name": "محطة شارع البطين / الدفاع المدني",
        "zones": "البطين",
        "direction": "ب",
        "description": "شارع البطين / الدفاع المدني",
        "stationType": 3,
        "regionCode": "AE-ABU-DHABI",
        "OBJECTID": 772,
        "landmark": ""
      }
    },
    {
      "type": "Feature",
      "id": 772,
      "geometry": {
        "type": "Point",
        "coordinates": [
          54.350397637000071,
          24.455603150000059,
          0
        ]
      },
      "properties": {
        "FID": 772,
        "X": 54.350397999999998,
        "Y": 24.4556031501,
        "name": "محطة شارع البطين / مدرسة الخنساء",
        "zones": "البطين",
        "direction": "أ",
        "description": "شارع البطين / مدرسة الخنساء",
        "stationType": 3,
        "regionCode": "AE-ABU-DHABI",
        "OBJECTID": 773,
        "landmark": ""
      }
    },
    {
      "type": "Feature",
      "id": 773,
      "geometry": {
        "type": "Point",
        "coordinates": [
          54.351787658000035,
          24.454670832000033,
          0
        ]
      },
      "properties": {
        "FID": 773,
        "X": 54.351787999999999,
        "Y": 24.454670831600001,
        "name": "محطة شارع البطين / مدرسة الخنساء",
        "zones": "البطين",
        "direction": "أ",
        "description": "شارع البطين / مدرسة الخنساء",
        "stationType": 3,
        "regionCode": "AE-ABU-DHABI",
        "OBJECTID": 774,
        "landmark": ""
      }
    },
    {
      "type": "Feature",
      "id": 774,
      "geometry": {
        "type": "Point",
        "coordinates": [
          54.35125937600003,
          24.461069578000036,
          0
        ]
      },
      "properties": {
        "FID": 774,
        "X": 54.351258999999999,
        "Y": 24.461069577699998,
        "name": "محطة شارع الخليج العربيي / مسجد الرضوان",
        "zones": "الخالدية",
        "direction": "أ",
        "description": "شارع الخليج العربيي / مسجد الرضوان",
        "stationType": 3,
        "regionCode": "AE-ABU-DHABI",
        "OBJECTID": 775,
        "landmark": ""
      }
    },
    {
      "type": "Feature",
      "id": 775,
      "geometry": {
        "type": "Point",
        "coordinates": [
          54.350543086000073,
          24.461372904000029,
          0
        ]
      },
      "properties": {
        "FID": 775,
        "X": 54.350543000000002,
        "Y": 24.461372903899999,
        "name": "محطة شارع الخليج العربيي / مسجد الرضوان",
        "zones": "البطين",
        "direction": "ب",
        "description": "شارع الخليج العربيي / مسجد الرضوان",
        "stationType": 3,
        "regionCode": "AE-ABU-DHABI",
        "OBJECTID": 776,
        "landmark": ""
      }
    },
    {
      "type": "Feature",
      "id": 776,
      "geometry": {
        "type": "Point",
        "coordinates": [
          54.352942799000061,
          24.459312063000027,
          0
        ]
      },
      "properties": {
        "FID": 776,
        "X": 54.352943000000003,
        "Y": 24.459312063100001,
        "name": "محطة شارع الخليج العربي / مجمع حدائق بلازا البطين",
        "zones": "الخالدية",
        "direction": "أ",
        "description": "شارع الخليج العربي / مجمع حدائق بلازا البطين",
        "stationType": 3,
        "regionCode": "AE-ABU-DHABI",
        "OBJECTID": 777,
        "landmark": ""
      }
    },
    {
      "type": "Feature",
      "id": 777,
      "geometry": {
        "type": "Point",
        "coordinates": [
          54.352780898000049,
          24.459038465000049,
          0
        ]
      },
      "properties": {
        "FID": 777,
        "X": 54.352781,
        "Y": 24.459038465199999,
        "name": "محطة شارع الخليج العربي / مجمع حدائق بلازا البطين",
        "zones": "البطين",
        "direction": "ب",
        "description": "شارع الخليج العربي / مجمع حدائق بلازا البطين",
        "stationType": 3,
        "regionCode": "AE-ABU-DHABI",
        "OBJECTID": 778,
        "landmark": ""
      }
    },
    {
      "type": "Feature",
      "id": 778,
      "geometry": {
        "type": "Point",
        "coordinates": [
          54.354223621000074,
          24.457944593000036,
          0
        ]
      },
      "properties": {
        "FID": 778,
        "X": 54.354224000000002,
        "Y": 24.457944592600001,
        "name": "محطة شارع الخليج العربي / مدرسة مبارك بن محمد",
        "zones": "الخالدية",
        "direction": "أ",
        "description": "شارع الخليج العربي / مدرسة مبارك بن محمد",
        "stationType": 3,
        "regionCode": "AE-ABU-DHABI",
        "OBJECTID": 779,
        "landmark": ""
      }
    },
    {
      "type": "Feature",
      "id": 779,
      "geometry": {
        "type": "Point",
        "coordinates": [
          54.346895558000028,
          24.465568844000074,
          0
        ]
      },
      "properties": {
        "FID": 779,
        "X": 54.346896000000001,
        "Y": 24.4655688436,
        "name": "محطة شارع الخليج العربي / مسجد عبدالله سعيد القمزي",
        "zones": " ",
        "direction": "أ",
        "description": "شارع الخليج العربي / مسجد عبدالله سعيد القمزي",
        "stationType": 3,
        "regionCode": "AE-ABU-DHABI",
        "OBJECTID": 780,
        "landmark": ""
      }
    },
    {
      "type": "Feature",
      "id": 780,
      "geometry": {
        "type": "Point",
        "coordinates": [
          54.346803609000062,
          24.465251342000045,
          0
        ]
      },
      "properties": {
        "FID": 780,
        "X": 54.346803999999999,
        "Y": 24.465251341799998,
        "name": "محطة شارع الخليج العربي / مسجد عبدالله سعيد القمزي",
        "zones": "البطين",
        "direction": "ب",
        "description": "شارع الخليج العربي / مسجد عبدالله سعيد القمزي",
        "stationType": 3,
        "regionCode": "AE-ABU-DHABI",
        "OBJECTID": 781,
        "landmark": ""
      }
    },
    {
      "type": "Feature",
      "id": 781,
      "geometry": {
        "type": "Point",
        "coordinates": [
          54.343522446000065,
          24.468894049000028,
          0
        ]
      },
      "properties": {
        "FID": 781,
        "X": 54.343522,
        "Y": 24.468894048700001,
        "name": "محطة شارع الخليج العربي / حديقة الخالدية العامة",
        "zones": "البطين",
        "direction": "أ",
        "description": "شارع الخليج العربي / حديقة الخالدية العامة",
        "stationType": 3,
        "regionCode": "AE-ABU-DHABI",
        "OBJECTID": 782,
        "landmark": ""
      }
    },
    {
      "type": "Feature",
      "id": 782,
      "geometry": {
        "type": "Point",
        "coordinates": [
          54.342674742000042,
          24.471225716000049,
          0
        ]
      },
      "properties": {
        "FID": 782,
        "X": 54.342675,
        "Y": 24.471225715700001,
        "name": "شارع الخليج العربي/ مول روتانا",
        "zones": "الخالدية",
        "direction": "أ",
        "description": "شارع الخليج العربي/ مول روتانا",
        "stationType": 3,
        "regionCode": "AE-ABU-DHABI",
        "OBJECTID": 783,
        "landmark": ""
      }
    },
    {
      "type": "Feature",
      "id": 783,
      "geometry": {
        "type": "Point",
        "coordinates": [
          54.341371479000031,
          24.472240687000067,
          0
        ]
      },
      "properties": {
        "FID": 783,
        "X": 54.341371000000002,
        "Y": 24.472240686700001,
        "name": "شارع الخليج العربي/ مول روتانا",
        "zones": "الخالدية",
        "direction": "ب",
        "description": "شارع الخليج العربي/ مول روتانا",
        "stationType": 3,
        "regionCode": "AE-ABU-DHABI",
        "OBJECTID": 784,
        "landmark": ""
      }
    },
    {
      "type": "Feature",
      "id": 784,
      "geometry": {
        "type": "Point",
        "coordinates": [
          54.348093861000052,
          24.475671186000056,
          0
        ]
      },
      "properties": {
        "FID": 784,
        "X": 54.348094000000003,
        "Y": 24.4756711856,
        "name": "محطة شارع مبارك بن محمد / مؤسسة خليفة",
        "zones": "الحصن",
        "direction": "ب",
        "description": "شارع مبارك بن محمد / مؤسسة خليفة",
        "stationType": 3,
        "regionCode": "AE-ABU-DHABI",
        "OBJECTID": 785,
        "landmark": ""
      }
    },
    {
      "type": "Feature",
      "id": 785,
      "geometry": {
        "type": "Point",
        "coordinates": [
          54.347629221000034,
          24.475726202000033,
          0
        ]
      },
      "properties": {
        "FID": 785,
        "X": 54.347628999999998,
        "Y": 24.475726201699999,
        "name": "محطة شارع مبارك بن محمد / مؤسسة خليفة",
        "zones": "الخالدية",
        "direction": "أ",
        "description": "شارع مبارك بن محمد / مؤسسة خليفة",
        "stationType": 3,
        "regionCode": "AE-ABU-DHABI",
        "OBJECTID": 786,
        "landmark": ""
      }
    },
    {
      "type": "Feature",
      "id": 786,
      "geometry": {
        "type": "Point",
        "coordinates": [
          54.349988112000062,
          24.473276626000029,
          0
        ]
      },
      "properties": {
        "FID": 786,
        "X": 54.349988000000003,
        "Y": 24.473276626000001,
        "name": "محطة شارع مبارك بن محمد / مختبر البحوث الزراعية",
        "zones": "الخالدية",
        "direction": "أ",
        "description": "شارع مبارك بن محمد / مختبر البحوث الزراعية",
        "stationType": 3,
        "regionCode": "AE-ABU-DHABI",
        "OBJECTID": 787,
        "landmark": ""
      }
    },
    {
      "type": "Feature",
      "id": 787,
      "geometry": {
        "type": "Point",
        "coordinates": [
          54.352075095000032,
          24.471093000000053,
          0
        ]
      },
      "properties": {
        "FID": 787,
        "X": 54.352074999999999,
        "Y": 24.471092999700002,
        "name": "محطة شارع مبارك بن محمد/ الخالدية مول",
        "zones": "الخالدية",
        "direction": "أ",
        "description": "شارع مبارك بن محمد/ الخالدية مول",
        "stationType": 3,
        "regionCode": "AE-ABU-DHABI",
        "OBJECTID": 788,
        "landmark": ""
      }
    },
    {
      "type": "Feature",
      "id": 788,
      "geometry": {
        "type": "Point",
        "coordinates": [
          54.35856627000004,
          24.464356408000071,
          0
        ]
      },
      "properties": {
        "FID": 788,
        "X": 54.358566000000003,
        "Y": 24.4643564084,
        "name": "محطة شارع مبارك بن محمد / مسجد كنه سعيد القمزي",
        "zones": "الخالدية",
        "direction": "أ",
        "description": "شارع مبارك بن محمد امام مسجد كنه سعيد القمزي",
        "stationType": 3,
        "regionCode": "AE-ABU-DHABI",
        "OBJECTID": 789,
        "landmark": ""
      }
    },
    {
      "type": "Feature",
      "id": 789,
      "geometry": {
        "type": "Point",
        "coordinates": [
          54.35890994600004,
          24.464425596000069,
          0
        ]
      },
      "properties": {
        "FID": 789,
        "X": 54.358910000000002,
        "Y": 24.464425595800002,
        "name": "محطة شارع مبارك بن محمد / مسجد كنه سعيد القمزي",
        "zones": " ",
        "direction": "ب",
        "description": "شارع مبارك بن محمد امام مسجد كنه سعيد القمزي",
        "stationType": 3,
        "regionCode": "AE-ABU-DHABI",
        "OBJECTID": 790,
        "landmark": ""
      }
    },
    {
      "type": "Feature",
      "id": 790,
      "geometry": {
        "type": "Point",
        "coordinates": [
          54.360387617000072,
          24.461184231000061,
          0
        ]
      },
      "properties": {
        "FID": 790,
        "X": 54.360388,
        "Y": 24.461184231000001,
        "name": "محطة أدكووب - البطين",
        "zones": "الخالدية",
        "direction": "أ",
        "description": "أدكووب البطين",
        "stationType": 3,
        "regionCode": "AE-ABU-DHABI",
        "OBJECTID": 791,
        "landmark": ""
      }
    },
    {
      "type": "Feature",
      "id": 791,
      "geometry": {
        "type": "Point",
        "coordinates": [
          54.348993141000051,
          24.478403602000071,
          0
        ]
      },
      "properties": {
        "FID": 791,
        "X": 54.348993,
        "Y": 24.478403601899998,
        "name": "محطة شارع حمدان بن محمد / حديقة العائلة",
        "zones": "الحصن",
        "direction": "ب",
        "description": "شارع حمدان بن محمد / حديقة العائلة",
        "stationType": 3,
        "regionCode": "AE-ABU-DHABI",
        "OBJECTID": 792,
        "landmark": ""
      }
    },
    {
      "type": "Feature",
      "id": 792,
      "geometry": {
        "type": "Point",
        "coordinates": [
          54.348762057000044,
          24.478607127000032,
          0
        ]
      },
      "properties": {
        "FID": 792,
        "X": 54.348762000000001,
        "Y": 24.4786071268,
        "name": "محطة شارع حمدان بن محمد / حديقة العائلة",
        "zones": "الحصن",
        "direction": "أ",
        "description": "شارع حمدان بن محمد / حديقة العائلة",
        "stationType": 3,
        "regionCode": "AE-ABU-DHABI",
        "OBJECTID": 793,
        "landmark": ""
      }
    },
    {
      "type": "Feature",
      "id": 793,
      "geometry": {
        "type": "Point",
        "coordinates": [
          54.351753421000069,
          24.481746293000072,
          0
        ]
      },
      "properties": {
        "FID": 793,
        "X": 54.351753000000002,
        "Y": 24.4817462928,
        "name": "محطة شارع حمدان بن محمد/ مسجد سفيان بن الحارث",
        "zones": "الحصن",
        "direction": "أ",
        "description": "شارع حمدان بن محمد/ مسجد سفيان بن الحارث",
        "stationType": 3,
        "regionCode": "AE-ABU-DHABI",
        "OBJECTID": 794,
        "landmark": ""
      }
    },
    {
      "type": "Feature",
      "id": 794,
      "geometry": {
        "type": "Point",
        "coordinates": [
          54.351886681000053,
          24.48150494600003,
          0
        ]
      },
      "properties": {
        "FID": 794,
        "X": 54.351886999999998,
        "Y": 24.481504946200001,
        "name": "محطة شارع حمدان بن محمد/ مسجد سفيان بن الحارث",
        "zones": "الحصن",
        "direction": "ب",
        "description": "شارع حمدان بن محمد/ مسجد سفيان بن الحارث",
        "stationType": 3,
        "regionCode": "AE-ABU-DHABI",
        "OBJECTID": 795,
        "landmark": ""
      }
    },
    {
      "type": "Feature",
      "id": 795,
      "geometry": {
        "type": "Point",
        "coordinates": [
          54.355347958000038,
          24.484345430000076,
          0
        ]
      },
      "properties": {
        "FID": 795,
        "X": 54.355347999999999,
        "Y": 24.484345430299999,
        "name": "محطة شارع حمدان بن محمد / قصر الحصن",
        "zones": "الحصن",
        "direction": "أ",
        "description": "شارع حمدان بن محمد / قصر الحصن",
        "stationType": 3,
        "regionCode": "AE-ABU-DHABI",
        "OBJECTID": 796,
        "landmark": ""
      }
    },
    {
      "type": "Feature",
      "id": 796,
      "geometry": {
        "type": "Point",
        "coordinates": [
          54.355248385000039,
          24.483919494000077,
          0
        ]
      },
      "properties": {
        "FID": 796,
        "X": 54.355248000000003,
        "Y": 24.4839194941,
        "name": "محطة شارع حمدان بن محمد / قصر الحصن",
        "zones": "الحصن",
        "direction": "ب",
        "description": "شارع حمدان بن محمد / قصر الحصن",
        "stationType": 3,
        "regionCode": "AE-ABU-DHABI",
        "OBJECTID": 797,
        "landmark": ""
      }
    },
    {
      "type": "Feature",
      "id": 797,
      "geometry": {
        "type": "Point",
        "coordinates": [
          54.333500094000044,
          24.467201182000053,
          0
        ]
      },
      "properties": {
        "FID": 797,
        "X": 54.333500000000001,
        "Y": 24.467201182,
        "name": "محطة شارع اليزوة / حديقة الخبيرة",
        "zones": "البطين",
        "direction": "أ",
        "description": "شارع اليزوة / حديقة الخبيرة",
        "stationType": 3,
        "regionCode": "AE-ABU-DHABI",
        "OBJECTID": 798,
        "landmark": ""
      }
    },
    {
      "type": "Feature",
      "id": 798,
      "geometry": {
        "type": "Point",
        "coordinates": [
          54.334909362000076,
          24.465366850000066,
          0
        ]
      },
      "properties": {
        "FID": 798,
        "X": 54.334909000000003,
        "Y": 24.465366849799999,
        "name": "محطة شارع اليزوة / مركز الشرطة",
        "zones": "البطين",
        "direction": "أ",
        "description": "شارع اليزوة / مركز الشرطة",
        "stationType": 3,
        "regionCode": "AE-ABU-DHABI",
        "OBJECTID": 799,
        "landmark": ""
      }
    },
    {
      "type": "Feature",
      "id": 799,
      "geometry": {
        "type": "Point",
        "coordinates": [
          54.368856119000043,
          24.468371812000044,
          0
        ]
      },
      "properties": {
        "FID": 799,
        "X": 54.368856000000001,
        "Y": 24.468371812200001,
        "name": "محطة شارع هزاع بن زايد/ صحة",
        "zones": "المنهل",
        "direction": "أشارع هزاع بن زايد/ صحة",
        "description": "3",
        "stationType": 0,
        "regionCode": "AE-ABU-DHABI",
        "OBJECTID": 800,
        "landmark": ""
      }
    },
    {
      "type": "Feature",
      "id": 800,
      "geometry": {
        "type": "Point",
        "coordinates": [
          54.366977682000027,
          24.467183821000049,
          0
        ]
      },
      "properties": {
        "FID": 800,
        "X": 54.366978000000003,
        "Y": 24.467183820900001,
        "name": "محطة شارع هزاع بن زايد / مدينة الشيخ خليفة الطبية",
        "zones": "المنهل",
        "direction": "أ",
        "description": "شارع هزاع بن زايد / مدينة الشيخ خليفة الطبية",
        "stationType": 3,
        "regionCode": "AE-ABU-DHABI",
        "OBJECTID": 801,
        "landmark": ""
      }
    },
    {
      "type": "Feature",
      "id": 801,
      "geometry": {
        "type": "Point",
        "coordinates": [
          54.366784199000051,
          24.466530617000046,
          0
        ]
      },
      "properties": {
        "FID": 801,
        "X": 54.366784000000003,
        "Y": 24.466530617,
        "name": "محطة شارع هزاع بن زايد / مدينة الشيخ خليفة الطبية",
        "zones": "المنهل",
        "direction": "ب",
        "description": "شارع هزاع بن زايد / مدينة الشيخ خليفة الطبية",
        "stationType": 3,
        "regionCode": "AE-ABU-DHABI",
        "OBJECTID": 802,
        "landmark": ""
      }
    },
    {
      "type": "Feature",
      "id": 802,
      "geometry": {
        "type": "Point",
        "coordinates": [
          54.365388162000045,
          24.494728721000058,
          0
        ]
      },
      "properties": {
        "FID": 802,
        "X": 54.365388000000003,
        "Y": 24.4947287213,
        "name": "محطة شارع خليفة بن زايد / مسجد محمد بن مسعود",
        "zones": "الدانة",
        "direction": "أ",
        "description": "شارع خليفة بن زايد / مسجد محمد بن مسعود",
        "stationType": 3,
        "regionCode": "AE-ABU-DHABI",
        "OBJECTID": 803,
        "landmark": ""
      }
    },
    {
      "type": "Feature",
      "id": 803,
      "geometry": {
        "type": "Point",
        "coordinates": [
          54.36438946700008,
          24.494377343000053,
          0
        ]
      },
      "properties": {
        "FID": 803,
        "X": 54.364389000000003,
        "Y": 24.494377343099998,
        "name": "محطة شارع خليفة بن زايد / مسجد محمد بن مسعود",
        "zones": "الدانة",
        "direction": "ب",
        "description": "شارع خليفة بن زايد / مسجد محمد بن مسعود",
        "stationType": 3,
        "regionCode": "AE-ABU-DHABI",
        "OBJECTID": 804,
        "landmark": ""
      }
    },
    {
      "type": "Feature",
      "id": 804,
      "geometry": {
        "type": "Point",
        "coordinates": [
          54.360375415000078,
          24.491536396000072,
          0
        ]
      },
      "properties": {
        "FID": 804,
        "X": 54.360374999999998,
        "Y": 24.491536396099999,
        "name": "محطة شارع خليفة بن زايد/ مستشفى النور",
        "zones": "الدانة",
        "direction": "أ",
        "description": "شارع خليفة بن زايد/ مستشفى النور",
        "stationType": 3,
        "regionCode": "AE-ABU-DHABI",
        "OBJECTID": 805,
        "landmark": ""
      }
    },
    {
      "type": "Feature",
      "id": 805,
      "geometry": {
        "type": "Point",
        "coordinates": [
          54.360149727000078,
          24.491008977000035,
          0
        ]
      },
      "properties": {
        "FID": 805,
        "X": 54.360149999999997,
        "Y": 24.491008977100002,
        "name": "محطة شارع خليفة بن زايد/ مستشفى النور",
        "zones": "الدانة",
        "direction": "ب",
        "description": "شارع خليفة بن زايد/ مستشفى النور",
        "stationType": 3,
        "regionCode": "AE-ABU-DHABI",
        "OBJECTID": 806,
        "landmark": ""
      }
    },
    {
      "type": "Feature",
      "id": 806,
      "geometry": {
        "type": "Point",
        "coordinates": [
          54.359072960000049,
          24.490620099000068,
          0
        ]
      },
      "properties": {
        "FID": 806,
        "X": 54.359073000000002,
        "Y": 24.490620099299999,
        "name": "محطة شارع خليفة بن زايد / مسجد عبد الله بن مظعون",
        "zones": "الدانة",
        "direction": "أ",
        "description": "شارع خليفة بن زايد / مسجد عبد الله بن مظعون",
        "stationType": 3,
        "regionCode": "AE-ABU-DHABI",
        "OBJECTID": 807,
        "landmark": ""
      }
    },
    {
      "type": "Feature",
      "id": 807,
      "geometry": {
        "type": "Point",
        "coordinates": [
          54.359333065000044,
          24.490444143000047,
          0
        ]
      },
      "properties": {
        "FID": 807,
        "X": 54.359332999999999,
        "Y": 24.4904441431,
        "name": "محطة شارع خليفة بن زايد / مسجد عبد الله بن مظعون",
        "zones": "الدانة",
        "direction": "ب",
        "description": "شارع خليفة بن زايد / مسجد عبد الله بن مظعون",
        "stationType": 3,
        "regionCode": "AE-ABU-DHABI",
        "OBJECTID": 808,
        "landmark": ""
      }
    },
    {
      "type": "Feature",
      "id": 808,
      "geometry": {
        "type": "Point",
        "coordinates": [
          54.35703935600003,
          24.488824557000044,
          0
        ]
      },
      "properties": {
        "FID": 808,
        "X": 54.357039,
        "Y": 24.488824556600001,
        "name": "محطة شارع خليفة بن زايد/ السوق المركزي",
        "zones": "الدانة",
        "direction": "أ",
        "description": "شارع خليفة بن زايد/ السوق المركزي",
        "stationType": 3,
        "regionCode": "AE-ABU-DHABI",
        "OBJECTID": 809,
        "landmark": ""
      }
    },
    {
      "type": "Feature",
      "id": 809,
      "geometry": {
        "type": "Point",
        "coordinates": [
          54.356071067000073,
          24.488437559000033,
          0
        ]
      },
      "properties": {
        "FID": 809,
        "X": 54.356071,
        "Y": 24.488437558600001,
        "name": "محطة شارع خليفة بن زايد/ السوق المركزي",
        "zones": "الدانة",
        "direction": "ب",
        "description": "شارع خليفة بن زايد/ السوق المركزي",
        "stationType": 3,
        "regionCode": "AE-ABU-DHABI",
        "OBJECTID": 810,
        "landmark": ""
      }
    },
    {
      "type": "Feature",
      "id": 810,
      "geometry": {
        "type": "Point",
        "coordinates": [
          54.353608860000065,
          24.486390782000058,
          0
        ]
      },
      "properties": {
        "FID": 810,
        "X": 54.353608999999999,
        "Y": 24.486390782000001,
        "name": "محطة شارع خليفة بن زايد/ جهاز أبوظبي للاستثمار",
        "zones": "الحصن",
        "direction": "أ",
        "description": "شارع خليفة بن زايد/ جهاز أبوظبي للاستثمار",
        "stationType": 3,
        "regionCode": "AE-ABU-DHABI",
        "OBJECTID": 811,
        "landmark": ""
      }
    },
    {
      "type": "Feature",
      "id": 811,
      "geometry": {
        "type": "Point",
        "coordinates": [
          54.352707344000066,
          24.486113239000076,
          0
        ]
      },
      "properties": {
        "FID": 811,
        "X": 54.352707000000002,
        "Y": 24.486113239000002,
        "name": "محطة شارع خليفة بن زايد/ جهاز أبوظبي للاستثمار",
        "zones": "الحصن",
        "direction": "ب",
        "description": "شارع خليفة بن زايد/ جهاز أبوظبي للاستثمار",
        "stationType": 3,
        "regionCode": "AE-ABU-DHABI",
        "OBJECTID": 812,
        "landmark": ""
      }
    },
    {
      "type": "Feature",
      "id": 812,
      "geometry": {
        "type": "Point",
        "coordinates": [
          54.352857125000071,
          24.483669998000039,
          0
        ]
      },
      "properties": {
        "FID": 812,
        "X": 54.352857,
        "Y": 24.483669997700002,
        "name": "محطة شارع الحصن / مسجد الشيخ خليفة بن زايد",
        "zones": "الحصن",
        "direction": "أ",
        "description": "شارع الحصن / مسجد الشيخ خليفة بن زايد",
        "stationType": 3,
        "regionCode": "AE-ABU-DHABI",
        "OBJECTID": 813,
        "landmark": ""
      }
    },
    {
      "type": "Feature",
      "id": 813,
      "geometry": {
        "type": "Point",
        "coordinates": [
          54.354050967000035,
          24.481759503000035,
          0
        ]
      },
      "properties": {
        "FID": 813,
        "X": 54.354050999999998,
        "Y": 24.481759502599999,
        "name": "محطة شارع الحصن / بيت الحرفيين",
        "zones": "الحصن",
        "direction": "أ",
        "description": "شارع الحصن /بيت الحرفيين",
        "stationType": 3,
        "regionCode": "AE-ABU-DHABI",
        "OBJECTID": 814,
        "landmark": ""
      }
    },
    {
      "type": "Feature",
      "id": 814,
      "geometry": {
        "type": "Point",
        "coordinates": [
          54.356760129000065,
          24.468684071000041,
          0
        ]
      },
      "properties": {
        "FID": 814,
        "X": 54.356760000000001,
        "Y": 24.468684070999998,
        "name": "محطة شارع الفلاح / مسجد عبدالله بن شيبان",
        "zones": "المنهل",
        "direction": "ب",
        "description": "شارع الفلاح / مسجد عبدالله بن شيبان بجانب مسار الدراجات/الجري قصر المنهل",
        "stationType": 3,
        "regionCode": "AE-ABU-DHABI",
        "OBJECTID": 815,
        "landmark": ""
      }
    },
    {
      "type": "Feature",
      "id": 815,
      "geometry": {
        "type": "Point",
        "coordinates": [
          54.354676470000072,
          24.468828096000038,
          0
        ]
      },
      "properties": {
        "FID": 815,
        "X": 54.354675999999998,
        "Y": 24.468828096300001,
        "name": "محطة شارع مبارك بن محمد / قصر المنهل",
        "zones": " ",
        "direction": "أ",
        "description": "امام مسار الدراجات/الجري قصر المنهل",
        "stationType": 3,
        "regionCode": "AE-ABU-DHABI",
        "OBJECTID": 816,
        "landmark": ""
      }
    },
    {
      "type": "Feature",
      "id": 816,
      "geometry": {
        "type": "Point",
        "coordinates": [
          54.354322551000052,
          24.468776770000034,
          0
        ]
      },
      "properties": {
        "FID": 816,
        "X": 54.354323000000001,
        "Y": 24.468776770000002,
        "name": "محطة شارع مبارك بن محمد / قصر المنهل",
        "zones": "الخالدية",
        "direction": "ب",
        "description": "امام مسار الدراجات/الجري قصر المنهل",
        "stationType": 3,
        "regionCode": "AE-ABU-DHABI",
        "OBJECTID": 817,
        "landmark": ""
      }
    },
    {
      "type": "Feature",
      "id": 817,
      "geometry": {
        "type": "Point",
        "coordinates": [
          54.356354472000078,
          24.468749174000038,
          0
        ]
      },
      "properties": {
        "FID": 817,
        "X": 54.356354000000003,
        "Y": 24.468749173799999,
        "name": "محطة شارع الفلاح / مسجد عبدالله بن شيبان",
        "zones": "المنهل",
        "direction": "أ",
        "description": "شارع الفلاح / مسجد عبدالله بن شيبان بجانب مسار الدراجات/الجري قصر المنهل",
        "stationType": 3,
        "regionCode": "AE-ABU-DHABI",
        "OBJECTID": 818,
        "landmark": ""
      }
    },
    {
      "type": "Feature",
      "id": 818,
      "geometry": {
        "type": "Point",
        "coordinates": [
          54.359380237000039,
          24.471184810000068,
          0
        ]
      },
      "properties": {
        "FID": 818,
        "X": 54.359380000000002,
        "Y": 24.471184810499999,
        "name": "محطة مسجد بطي احمد العتيبة / شارع الفلاح",
        "zones": "المنهل",
        "direction": "ب",
        "description": "مسجد بطي احمد العتيبة / شارع الفلاح",
        "stationType": 3,
        "regionCode": "AE-ABU-DHABI",
        "OBJECTID": 819,
        "landmark": ""
      }
    },
    {
      "type": "Feature",
      "id": 819,
      "geometry": {
        "type": "Point",
        "coordinates": [
          54.359106988000065,
          24.470575331000077,
          0
        ]
      },
      "properties": {
        "FID": 819,
        "X": 54.359107000000002,
        "Y": 24.470575331399999,
        "name": "محطة مسجد بطي احمد العتيبة / شارع الفلاح",
        "zones": "المنهل",
        "direction": "أ",
        "description": "مسجد بطي احمد العتيبة / شارع الفلاح",
        "stationType": 3,
        "regionCode": "AE-ABU-DHABI",
        "OBJECTID": 820,
        "landmark": ""
      }
    },
    {
      "type": "Feature",
      "id": 820,
      "geometry": {
        "type": "Point",
        "coordinates": [
          54.362328951000052,
          24.473537819000057,
          0
        ]
      },
      "properties": {
        "FID": 820,
        "X": 54.362329000000003,
        "Y": 24.473537819200001,
        "name": "محطة شارع الفلاح / قصر المنهل",
        "zones": "المنهل",
        "direction": "أ",
        "description": "شارع الفلاح امام قصر المنهل",
        "stationType": 3,
        "regionCode": "AE-ABU-DHABI",
        "OBJECTID": 821,
        "landmark": ""
      }
    },
    {
      "type": "Feature",
      "id": 821,
      "geometry": {
        "type": "Point",
        "coordinates": [
          54.360952099000031,
          24.470995678000065,
          0
        ]
      },
      "properties": {
        "FID": 821,
        "X": 54.360951999999997,
        "Y": 24.4709956779,
        "name": "المحطة شارع الكرامة / مسجد بطي احمد العتيبة",
        "zones": "المنهل",
        "direction": "أ",
        "description": "شارع الكرامة / مسجد بطي احمد العتيبة",
        "stationType": 3,
        "regionCode": "AE-ABU-DHABI",
        "OBJECTID": 822,
        "landmark": ""
      }
    },
    {
      "type": "Feature",
      "id": 822,
      "geometry": {
        "type": "Point",
        "coordinates": [
          54.362777763000054,
          24.469511303000047,
          0
        ]
      },
      "properties": {
        "FID": 822,
        "X": 54.362777999999999,
        "Y": 24.469511302699999,
        "name": "المحطة شارع الكرامة / مدينة الشيخ الطبية العيادات الخارجية",
        "zones": "المنهل",
        "direction": "أ",
        "description": "شارع الكرامة امام مدينة الشيخ الطبية العيادات الخارجية",
        "stationType": 3,
        "regionCode": "AE-ABU-DHABI",
        "OBJECTID": 823,
        "landmark": ""
      }
    },
    {
      "type": "Feature",
      "id": 823,
      "geometry": {
        "type": "Point",
        "coordinates": [
          54.364753703000076,
          24.466964525000037,
          0
        ]
      },
      "properties": {
        "FID": 823,
        "X": 54.364753999999998,
        "Y": 24.4669645251,
        "name": "محطة شارع الكرامة / مدينة الشيخ الطبية",
        "zones": "المنهل",
        "direction": "أ",
        "description": "شارع الكرامة امام مدينة الشيخ الطبية",
        "stationType": 3,
        "regionCode": "AE-ABU-DHABI",
        "OBJECTID": 824,
        "landmark": ""
      }
    },
    {
      "type": "Feature",
      "id": 824,
      "geometry": {
        "type": "Point",
        "coordinates": [
          54.364587666000034,
          24.464994087000036,
          0
        ]
      },
      "properties": {
        "FID": 824,
        "X": 54.364587999999998,
        "Y": 24.464994087000001,
        "name": "محطة شارع هزاع بن زايد/ مسجد فاطمة بنت عبدالرحمن",
        "zones": "المنهل",
        "direction": "أ",
        "description": "شارع هزاع بن زايد مسجد فاطمة بنت عبدالرحمن",
        "stationType": 3,
        "regionCode": "AE-ABU-DHABI",
        "OBJECTID": 825,
        "landmark": ""
      }
    },
    {
      "type": "Feature",
      "id": 825,
      "geometry": {
        "type": "Point",
        "coordinates": [
          54.362602053000046,
          24.462802356000054,
          0
        ]
      },
      "properties": {
        "FID": 825,
        "X": 54.362602000000003,
        "Y": 24.462802356299999,
        "name": "محطة شارع هزاع بن زايد / مسجد الشيخ احمد بن عبدالعزيز المبارك",
        "zones": "المنهل",
        "direction": "أ",
        "description": "شارع هزاع بن زايد امام محطة بنزينة أدنوك مسجد الشيخ احمد بن عبدالعزيز المبارك",
        "stationType": 3,
        "regionCode": "AE-ABU-DHABI",
        "OBJECTID": 826,
        "landmark": ""
      }
    },
    {
      "type": "Feature",
      "id": 826,
      "geometry": {
        "type": "Point",
        "coordinates": [
          54.359088774000043,
          24.45963623800003,
          0
        ]
      },
      "properties": {
        "FID": 826,
        "X": 54.359088999999997,
        "Y": 24.459636237800002,
        "name": "شارع هزاع بن زايد/ مدرسة حمدان بن زايد",
        "zones": "المنهل",
        "direction": "أ",
        "description": "شارع هزاع بن زايد مدرسة حمدان بن زايد",
        "stationType": 3,
        "regionCode": "AE-ABU-DHABI",
        "OBJECTID": 827,
        "landmark": ""
      }
    },
    {
      "type": "Feature",
      "id": 827,
      "geometry": {
        "type": "Point",
        "coordinates": [
          54.359331869000073,
          24.460272265000071,
          0
        ]
      },
      "properties": {
        "FID": 827,
        "X": 54.359332000000002,
        "Y": 24.4602722652,
        "name": "شارع هزاع بن زايد/ مدرسة حمدان بن زايد",
        "zones": "الخالدية",
        "direction": "ب",
        "description": "شارع هزاع بن زايد مدرسة حمدان بن زايد",
        "stationType": 3,
        "regionCode": "AE-ABU-DHABI",
        "OBJECTID": 828,
        "landmark": ""
      }
    },
    {
      "type": "Feature",
      "id": 828,
      "geometry": {
        "type": "Point",
        "coordinates": [
          54.357366571000057,
          24.45853210000007,
          0
        ]
      },
      "properties": {
        "FID": 828,
        "X": 54.357367000000004,
        "Y": 24.458532099999999,
        "name": "شارع هزاع بن زايد / مؤسسة التنمية الأسرية",
        "zones": "الخالدية",
        "direction": "أ",
        "description": "شارع هزاع بن زايد امام نادي رياضي و مؤسسة التنمية الأسرية",
        "stationType": 3,
        "regionCode": "AE-ABU-DHABI",
        "OBJECTID": 829,
        "landmark": ""
      }
    },
    {
      "type": "Feature",
      "id": 829,
      "geometry": {
        "type": "Point",
        "coordinates": [
          54.357607459000064,
          24.458328730000062,
          0
        ]
      },
      "properties": {
        "FID": 829,
        "X": 54.357607000000002,
        "Y": 24.4583287295,
        "name": "شارع هزاع بن زايد / مؤسسة التنمية الأسرية",
        "zones": "المنهل",
        "direction": "ب",
        "description": "شارع هزاع بن زايد امام نادي رياضي و مؤسسة التنمية الأسرية",
        "stationType": 3,
        "regionCode": "AE-ABU-DHABI",
        "OBJECTID": 830,
        "landmark": ""
      }
    },
    {
      "type": "Feature",
      "id": 830,
      "geometry": {
        "type": "Point",
        "coordinates": [
          54.353407276000041,
          24.454545779000057,
          0
        ]
      },
      "properties": {
        "FID": 830,
        "X": 54.353406999999997,
        "Y": 24.454545779099998,
        "name": "محطة شارع هزاع بن زايد/ مسجد محمد بن عوجان",
        "zones": "البطين",
        "direction": "أ",
        "description": "شارع هزاع بن زايد امام مسجد محمد بن عوجان",
        "stationType": 3,
        "regionCode": "AE-ABU-DHABI",
        "OBJECTID": 831,
        "landmark": ""
      }
    },
    {
      "type": "Feature",
      "id": 831,
      "geometry": {
        "type": "Point",
        "coordinates": [
          54.356792150000047,
          24.454875794000031,
          0
        ]
      },
      "properties": {
        "FID": 831,
        "X": 54.356791999999999,
        "Y": 24.454875793900001,
        "name": "محطة شارع الخليج العربي / مدرسة مبارك بن محمد",
        "zones": "البطين",
        "direction": "أ",
        "description": "شارع الخليج العربي بجانب مدرسة مبارك بن محمد",
        "stationType": 3,
        "regionCode": "AE-ABU-DHABI",
        "OBJECTID": 832,
        "landmark": ""
      }
    },
    {
      "type": "Feature",
      "id": 832,
      "geometry": {
        "type": "Point",
        "coordinates": [
          54.35860617600008,
          24.452994133000061,
          0
        ]
      },
      "properties": {
        "FID": 832,
        "X": 54.358606000000002,
        "Y": 24.452994133099999,
        "name": "محطة شارع الخليج العربي / مركز الشيخ سلطان بن زايد الثقافي",
        "zones": "البطين",
        "direction": "أ",
        "description": "شارع الخليج العربي مركز الشيخ سلطان بن زايد الثقافي",
        "stationType": 3,
        "regionCode": "AE-ABU-DHABI",
        "OBJECTID": 833,
        "landmark": ""
      }
    },
    {
      "type": "Feature",
      "id": 833,
      "geometry": {
        "type": "Point",
        "coordinates": [
          54.359202058000051,
          24.452787939000075,
          0
        ]
      },
      "properties": {
        "FID": 833,
        "X": 54.359202000000003,
        "Y": 24.452787938899998,
        "name": "محطة شارع الخليج العربي / مركز الشيخ سلطان بن زايد الثقافي",
        "zones": " ",
        "direction": "ب",
        "description": "شارع الخليج العربي مركز الشيخ سلطان بن زايد الثقافي",
        "stationType": 3,
        "regionCode": "AE-ABU-DHABI",
        "OBJECTID": 834,
        "landmark": ""
      }
    },
    {
      "type": "Feature",
      "id": 834,
      "geometry": {
        "type": "Point",
        "coordinates": [
          54.362022956000033,
          24.449425605000044,
          0
        ]
      },
      "properties": {
        "FID": 834,
        "X": 54.362023000000001,
        "Y": 24.4494256053,
        "name": "محطة شارع الخليج العربي / مسجد عمير بن اليوسف",
        "zones": "البطين",
        "direction": "أ",
        "description": "شارع الخليج العربي بجانب مسجد عمير بن اليوسف",
        "stationType": 3,
        "regionCode": "AE-ABU-DHABI",
        "OBJECTID": 835,
        "landmark": ""
      }
    },
    {
      "type": "Feature",
      "id": 835,
      "geometry": {
        "type": "Point",
        "coordinates": [
          54.363274285000045,
          24.448517825000067,
          0
        ]
      },
      "properties": {
        "FID": 835,
        "X": 54.363273999999997,
        "Y": 24.448517825100001,
        "name": "محطة شارع الخليج العربي / مسجد عمير بن اليوسف",
        "zones": " ",
        "direction": "ب",
        "description": "شارع الخليج العربي بجانب مسجد عمير بن اليوسف",
        "stationType": 3,
        "regionCode": "AE-ABU-DHABI",
        "OBJECTID": 836,
        "landmark": ""
      }
    },
    {
      "type": "Feature",
      "id": 836,
      "geometry": {
        "type": "Point",
        "coordinates": [
          54.364693333000048,
          24.446656262000033,
          0
        ]
      },
      "properties": {
        "FID": 836,
        "X": 54.364693000000003,
        "Y": 24.446656261899999,
        "name": "محطة شارع الخليج العربي / مسجد حاجي عبدالله حسين الخوري",
        "zones": "البطين",
        "direction": "أ",
        "description": "شارع الخليج العربي بجانب مسجد حاجي عبدالله حسين الخوري",
        "stationType": 3,
        "regionCode": "AE-ABU-DHABI",
        "OBJECTID": 837,
        "landmark": ""
      }
    },
    {
      "type": "Feature",
      "id": 837,
      "geometry": {
        "type": "Point",
        "coordinates": [
          54.364573844000063,
          24.447186679000026,
          0
        ]
      },
      "properties": {
        "FID": 837,
        "X": 54.364573999999998,
        "Y": 24.4471866789,
        "name": "محطة شارع الخليج العربي / مسجد حاجي عبدالله حسين الخوري",
        "zones": " ",
        "direction": "ب",
        "description": "شارع الخليج العربي بجانب مسجد حاجي عبدالله حسين الخوري",
        "stationType": 3,
        "regionCode": "AE-ABU-DHABI",
        "OBJECTID": 838,
        "landmark": ""
      }
    },
    {
      "type": "Feature",
      "id": 838,
      "geometry": {
        "type": "Point",
        "coordinates": [
          54.368905958000028,
          24.442253033000043,
          0
        ]
      },
      "properties": {
        "FID": 838,
        "X": 54.368906000000003,
        "Y": 24.442253033299998,
        "name": "محطة شارع الخليج العربي / حدائق المشرف",
        "zones": "البطين",
        "direction": "ب",
        "description": "شارع الخليج العربي بجانب حدائق المشرف",
        "stationType": 3,
        "regionCode": "AE-ABU-DHABI",
        "OBJECTID": 839,
        "landmark": ""
      }
    },
    {
      "type": "Feature",
      "id": 839,
      "geometry": {
        "type": "Point",
        "coordinates": [
          54.369138551000049,
          24.44244661700003,
          0
        ]
      },
      "properties": {
        "FID": 839,
        "X": 54.369138999999997,
        "Y": 24.442446616600002,
        "name": "محطة شارع الخليج العربي / حدائق المشرف",
        "zones": " ",
        "direction": "أ",
        "description": "شارع الخليج العربي بجانب حدائق المشرف",
        "stationType": 3,
        "regionCode": "AE-ABU-DHABI",
        "OBJECTID": 840,
        "landmark": ""
      }
    },
    {
      "type": "Feature",
      "id": 840,
      "geometry": {
        "type": "Point",
        "coordinates": [
          54.370992381000065,
          24.440529371000025,
          0
        ]
      },
      "properties": {
        "FID": 840,
        "X": 54.370992000000001,
        "Y": 24.440529370899998,
        "name": "شارع الخليج العربي / سفارة جمهورية الصين الشعبية",
        "zones": " ",
        "direction": "أ",
        "description": "شارع الخليج العربي / سفارة جمهورية الصين الشعبية",
        "stationType": 3,
        "regionCode": "AE-ABU-DHABI",
        "OBJECTID": 841,
        "landmark": ""
      }
    },
    {
      "type": "Feature",
      "id": 841,
      "geometry": {
        "type": "Point",
        "coordinates": [
          54.370840315000066,
          24.440255962000037,
          0
        ]
      },
      "properties": {
        "FID": 841,
        "X": 54.370840000000001,
        "Y": 24.440255961799998,
        "name": "شارع الخليج العربي / سفارة جمهورية الصين الشعبية",
        "zones": "البطين",
        "direction": "ب",
        "description": "شارع الخليج العربي / سفارة جمهورية الصين الشعبية",
        "stationType": 3,
        "regionCode": "AE-ABU-DHABI",
        "OBJECTID": 842,
        "landmark": ""
      }
    },
    {
      "type": "Feature",
      "id": 842,
      "geometry": {
        "type": "Point",
        "coordinates": [
          54.373879554000041,
          24.437745555000049,
          0
        ]
      },
      "properties": {
        "FID": 842,
        "X": 54.37388,
        "Y": 24.437745555500001,
        "name": "محطة شارع الخليج العربي/ منتزه شخبوط بن سلطان",
        "zones": " ",
        "direction": "أ",
        "description": "شارع الخليج العربي امام منتزه شخبوط بن سلطان",
        "stationType": 3,
        "regionCode": "AE-ABU-DHABI",
        "OBJECTID": 843,
        "landmark": ""
      }
    },
    {
      "type": "Feature",
      "id": 843,
      "geometry": {
        "type": "Point",
        "coordinates": [
          54.373492086000056,
          24.437413906000074,
          0
        ]
      },
      "properties": {
        "FID": 843,
        "X": 54.373491999999999,
        "Y": 24.4374139064,
        "name": "محطة شارع الخليج العربي/ منتزه شخبوط بن سلطان",
        "zones": "البطين",
        "direction": "ب",
        "description": "شارع الخليج العربي امام منتزه شخبوط بن سلطان",
        "stationType": 3,
        "regionCode": "AE-ABU-DHABI",
        "OBJECTID": 844,
        "landmark": ""
      }
    },
    {
      "type": "Feature",
      "id": 844,
      "geometry": {
        "type": "Point",
        "coordinates": [
          54.36986244600007,
          24.469770233000077,
          0
        ]
      },
      "properties": {
        "FID": 844,
        "X": 54.369861999999998,
        "Y": 24.469770232799998,
        "name": "محطة شارع هزاع بن زايد/ صحة",
        "zones": "المنهل",
        "direction": "أ",
        "description": "شارع هزاع بن زايد/ صحة",
        "stationType": 3,
        "regionCode": "AE-ABU-DHABI",
        "OBJECTID": 845,
        "landmark": ""
      }
    },
    {
      "type": "Feature",
      "id": 845,
      "geometry": {
        "type": "Point",
        "coordinates": [
          54.369832331000055,
          24.470744456000034,
          0
        ]
      },
      "properties": {
        "FID": 845,
        "X": 54.369832000000002,
        "Y": 24.4707444557,
        "name": "شارع الشيخ راشد بن سعيد / الوحدة مول",
        "zones": "المنهل",
        "direction": "أ",
        "description": "شارع الشيخ راشد بن سعيد / الوحدة مول",
        "stationType": 3,
        "regionCode": "AE-ABU-DHABI",
        "OBJECTID": 846,
        "landmark": ""
      }
    },
    {
      "type": "Feature",
      "id": 846,
      "geometry": {
        "type": "Point",
        "coordinates": [
          54.370232739000073,
          24.470931938000035,
          0
        ]
      },
      "properties": {
        "FID": 846,
        "X": 54.370232999999999,
        "Y": 24.470931937500001,
        "name": "شارع الشيخ راشد بن سعيد / الوحدة مول",
        "zones": "الدانة",
        "direction": "ب",
        "description": "شارع الشيخ راشد بن سعيد / الوحدة مول",
        "stationType": 3,
        "regionCode": "AE-ABU-DHABI",
        "OBJECTID": 847,
        "landmark": ""
      }
    },
    {
      "type": "Feature",
      "id": 847,
      "geometry": {
        "type": "Point",
        "coordinates": [
          54.368570297000076,
          24.47215751400006,
          0
        ]
      },
      "properties": {
        "FID": 847,
        "X": 54.368569999999998,
        "Y": 24.472157514199999,
        "name": "محطة شارع الشيخ راشد بن سعيد / مدينة الشيخ خليفة الطبية",
        "zones": "المنهل",
        "direction": "أ",
        "description": "شارع الشيخ راشد بن سعيد / مدينة الشيخ خليفة الطبية",
        "stationType": 3,
        "regionCode": "AE-ABU-DHABI",
        "OBJECTID": 848,
        "landmark": ""
      }
    },
    {
      "type": "Feature",
      "id": 848,
      "geometry": {
        "type": "Point",
        "coordinates": [
          54.368821905000061,
          24.472387534000063,
          0
        ]
      },
      "properties": {
        "FID": 848,
        "X": 54.368822000000002,
        "Y": 24.472387534100001,
        "name": "محطة شارع الشيخ راشد بن سعيد / مدينة الشيخ خليفة الطبية",
        "zones": "الدانة",
        "direction": "ب",
        "description": "شارع الشيخ راشد بن سعيد / مدينة الشيخ خليفة الطبية",
        "stationType": 3,
        "regionCode": "AE-ABU-DHABI",
        "OBJECTID": 849,
        "landmark": ""
      }
    },
    {
      "type": "Feature",
      "id": 849,
      "geometry": {
        "type": "Point",
        "coordinates": [
          54.367681140000059,
          24.47365828900007,
          0
        ]
      },
      "properties": {
        "FID": 849,
        "X": 54.367680999999997,
        "Y": 24.473658289399999,
        "name": "محطة شارع الشيخ راشد بن سعيد / أدنوك",
        "zones": "الدانة",
        "direction": "أ",
        "description": "شارع الشيخ راشد بن سعيد / أدنوك",
        "stationType": 3,
        "regionCode": "AE-ABU-DHABI",
        "OBJECTID": 850,
        "landmark": ""
      }
    },
    {
      "type": "Feature",
      "id": 850,
      "geometry": {
        "type": "Point",
        "coordinates": [
          54.367463049000037,
          24.473239318000026,
          0
        ]
      },
      "properties": {
        "FID": 850,
        "X": 54.367463000000001,
        "Y": 24.473239317899999,
        "name": "محطة شارع الشيخ راشد بن سعيد / أدنوك",
        "zones": "المنهل",
        "direction": "ب",
        "description": "شارع الشيخ راشد بن سعيد / أدنوك",
        "stationType": 3,
        "regionCode": "AE-ABU-DHABI",
        "OBJECTID": 851,
        "landmark": ""
      }
    },
    {
      "type": "Feature",
      "id": 851,
      "geometry": {
        "type": "Point",
        "coordinates": [
          54.363624516000073,
          24.477143529000045,
          0
        ]
      },
      "properties": {
        "FID": 851,
        "X": 54.363624999999999,
        "Y": 24.477143529199999,
        "name": "محطة شارع الشيخ راشد بن سعيد / مسجد عبد الله راشد الظاهري",
        "zones": "المنهل",
        "direction": "أ",
        "description": "شارع الشيخ راشد بن سعيد بجانب مسجد عبد الله راشد الظاهري",
        "stationType": 3,
        "regionCode": "AE-ABU-DHABI",
        "OBJECTID": 852,
        "landmark": ""
      }
    },
    {
      "type": "Feature",
      "id": 852,
      "geometry": {
        "type": "Point",
        "coordinates": [
          54.36083668100008,
          24.480307864000054,
          0
        ]
      },
      "properties": {
        "FID": 852,
        "X": 54.360836999999997,
        "Y": 24.480307863899998,
        "name": "محطة شارع الشيخ راشد بن سعيد/ اتصالات",
        "zones": "الحصن",
        "direction": "ب",
        "description": "شارع الشيخ راشد بن سعيد/ اتصالات",
        "stationType": 3,
        "regionCode": "AE-ABU-DHABI",
        "OBJECTID": 853,
        "landmark": ""
      }
    },
    {
      "type": "Feature",
      "id": 853,
      "geometry": {
        "type": "Point",
        "coordinates": [
          54.36293186000006,
          24.478674776000048,
          0
        ]
      },
      "properties": {
        "FID": 853,
        "X": 54.362932000000001,
        "Y": 24.478674776399998,
        "name": "محطة شارع الشيخ راشد بن سعيد/ اتصالات",
        "zones": "الدانة",
        "direction": "أ",
        "description": "شارع الشيخ راشد بن سعيد/ اتصالات",
        "stationType": 3,
        "regionCode": "AE-ABU-DHABI",
        "OBJECTID": 854,
        "landmark": ""
      }
    },
    {
      "type": "Feature",
      "id": 854,
      "geometry": {
        "type": "Point",
        "coordinates": [
          54.359506193000072,
          24.481683534000069,
          0
        ]
      },
      "properties": {
        "FID": 854,
        "X": 54.359506000000003,
        "Y": 24.4816835337,
        "name": "شارع الشيخ راشد بن سعيد /مسجد الشيخ زايد بن سلطان الثاني",
        "zones": "الحصن",
        "direction": "أ",
        "description": "شارع الشيخ راشد بن سعيد /مسجد الشيخ زايد بن سلطان الثاني",
        "stationType": 3,
        "regionCode": "AE-ABU-DHABI",
        "OBJECTID": 855,
        "landmark": ""
      }
    },
    {
      "type": "Feature",
      "id": 855,
      "geometry": {
        "type": "Point",
        "coordinates": [
          54.357130273000053,
          24.484475924000037,
          0
        ]
      },
      "properties": {
        "FID": 855,
        "X": 54.357129999999998,
        "Y": 24.4844759239,
        "name": "محطة شارع الشيخ راشد بن سعيد/ قصر الحصن",
        "zones": "الحصن",
        "direction": "أ",
        "description": "شارع الشيخ راشد بن سعيد/ قصر الحصن",
        "stationType": 3,
        "regionCode": "AE-ABU-DHABI",
        "OBJECTID": 856,
        "landmark": ""
      }
    },
    {
      "type": "Feature",
      "id": 856,
      "geometry": {
        "type": "Point",
        "coordinates": [
          54.358014147000063,
          24.484653853000054,
          0
        ]
      },
      "properties": {
        "FID": 856,
        "X": 54.358013999999997,
        "Y": 24.484653852499999,
        "name": "محطة شارع الشيخ راشد بن سعيد/ قصر الحصن",
        "zones": "الدانة",
        "direction": "ب",
        "description": "شارع الشيخ راشد بن سعيد/ قصر الحصن",
        "stationType": 3,
        "regionCode": "AE-ABU-DHABI",
        "OBJECTID": 857,
        "landmark": ""
      }
    },
    {
      "type": "Feature",
      "id": 857,
      "geometry": {
        "type": "Point",
        "coordinates": [
          54.358338702000026,
          24.48611261700006,
          0
        ]
      },
      "properties": {
        "FID": 857,
        "X": 54.358339000000001,
        "Y": 24.486112617,
        "name": "محطة شارع حمدان بن محمد/ السوق المركزي",
        "zones": "الدانة",
        "direction": "أ",
        "description": "شارع حمدان بن محمد بجانب السوق المركزي",
        "stationType": 3,
        "regionCode": "AE-ABU-DHABI",
        "OBJECTID": 858,
        "landmark": ""
      }
    },
    {
      "type": "Feature",
      "id": 858,
      "geometry": {
        "type": "Point",
        "coordinates": [
          54.360817064000059,
          24.487861766000037,
          0
        ]
      },
      "properties": {
        "FID": 858,
        "X": 54.360816999999997,
        "Y": 24.487861766000002,
        "name": "محطة شارع حمدان بن محمد / مركز ليوا",
        "zones": "الدانة",
        "direction": "أ",
        "description": "شارع حمدان بن محمد بجانب مركز ليوا",
        "stationType": 3,
        "regionCode": "AE-ABU-DHABI",
        "OBJECTID": 859,
        "landmark": ""
      }
    },
    {
      "type": "Feature",
      "id": 859,
      "geometry": {
        "type": "Point",
        "coordinates": [
          54.362297600000034,
          24.48922340300004,
          0
        ]
      },
      "properties": {
        "FID": 859,
        "X": 54.362298000000003,
        "Y": 24.489223402899999,
        "name": "شارع حمدان بن محمد / مركز حمدان للتسوق",
        "zones": "الدانة",
        "direction": "أ",
        "description": "شارع حمدان بن محمد / مركز حمدان للتسوق",
        "stationType": 3,
        "regionCode": "AE-ABU-DHABI",
        "OBJECTID": 860,
        "landmark": ""
      }
    },
    {
      "type": "Feature",
      "id": 860,
      "geometry": {
        "type": "Point",
        "coordinates": [
          54.36581287000007,
          24.491387713000051,
          0
        ]
      },
      "properties": {
        "FID": 860,
        "X": 54.365813000000003,
        "Y": 24.491387712800002,
        "name": "محطة شارع حمدان بن محمد/ مسجد درويش بن كرم",
        "zones": "الدانة",
        "direction": "أ",
        "description": "شارع حمدان بن محمد بجانب مسجد درويش بن كرم",
        "stationType": 3,
        "regionCode": "AE-ABU-DHABI",
        "OBJECTID": 861,
        "landmark": ""
      }
    },
    {
      "type": "Feature",
      "id": 861,
      "geometry": {
        "type": "Point",
        "coordinates": [
          54.36535897400006,
          24.491397841000037,
          0
        ]
      },
      "properties": {
        "FID": 861,
        "X": 54.365358999999998,
        "Y": 24.491397840699999,
        "name": "محطة شارع حمدان بن محمد/ مسجد درويش بن كرم",
        "zones": "الدانة",
        "direction": "ب",
        "description": "شارع حمدان بن محمد بجانب مسجد درويش بن كرم",
        "stationType": 3,
        "regionCode": "AE-ABU-DHABI",
        "OBJECTID": 862,
        "landmark": ""
      }
    },
    {
      "type": "Feature",
      "id": 862,
      "geometry": {
        "type": "Point",
        "coordinates": [
          54.366709468000067,
          24.492378103000078,
          0
        ]
      },
      "properties": {
        "FID": 862,
        "X": 54.366709,
        "Y": 24.4923781026,
        "name": "شارع حمدان بن محمد / فندق المها ارجان روتانا",
        "zones": "الدانة",
        "direction": "أ",
        "description": "شارع حمدان بن محمد فندق المها ارجان روتانا",
        "stationType": 3,
        "regionCode": "AE-ABU-DHABI",
        "OBJECTID": 863,
        "landmark": ""
      }
    },
    {
      "type": "Feature",
      "id": 863,
      "geometry": {
        "type": "Point",
        "coordinates": [
          54.367096796000055,
          24.492249479000066,
          0
        ]
      },
      "properties": {
        "FID": 863,
        "X": 54.367097000000001,
        "Y": 24.4922494793,
        "name": "شارع حمدان بن محمد / فندق المها ارجان روتانا",
        "zones": "الدانة",
        "direction": "ب",
        "description": "شارع حمدان بن محمد فندق المها ارجان روتانا",
        "stationType": 3,
        "regionCode": "AE-ABU-DHABI",
        "OBJECTID": 864,
        "landmark": ""
      }
    },
    {
      "type": "Feature",
      "id": 864,
      "geometry": {
        "type": "Point",
        "coordinates": [
          54.368962155000077,
          24.493608746000064,
          0
        ]
      },
      "properties": {
        "FID": 864,
        "X": 54.368962000000003,
        "Y": 24.493608745900001,
        "name": "محطة شارع حمدان بن محمد/ المارية مول",
        "zones": "الدانة",
        "direction": "ب",
        "description": "شارع حمدان بن محمد/ المارية مول",
        "stationType": 3,
        "regionCode": "AE-ABU-DHABI",
        "OBJECTID": 865,
        "landmark": ""
      }
    },
    {
      "type": "Feature",
      "id": 865,
      "geometry": {
        "type": "Point",
        "coordinates": [
          54.369013798000026,
          24.493970663000027,
          0
        ]
      },
      "properties": {
        "FID": 865,
        "X": 54.369014,
        "Y": 24.493970662700001,
        "name": "محطة شارع حمدان بن محمد/ المارية مول",
        "zones": "الدانة",
        "direction": "أ",
        "description": "شارع حمدان بن محمد/ المارية مول",
        "stationType": 3,
        "regionCode": "AE-ABU-DHABI",
        "OBJECTID": 866,
        "landmark": ""
      }
    },
    {
      "type": "Feature",
      "id": 866,
      "geometry": {
        "type": "Point",
        "coordinates": [
          54.37022838200005,
          24.494849247000047,
          0
        ]
      },
      "properties": {
        "FID": 866,
        "X": 54.370227999999997,
        "Y": 24.494849247400001,
        "name": "شارع حمدان بن محمد / برج الامارات",
        "zones": "الدانة",
        "direction": "أ",
        "description": "شارع حمدان بن محمد برج الامارات",
        "stationType": 3,
        "regionCode": "AE-ABU-DHABI",
        "OBJECTID": 867,
        "landmark": ""
      }
    },
    {
      "type": "Feature",
      "id": 867,
      "geometry": {
        "type": "Point",
        "coordinates": [
          54.370478435000052,
          24.494682122000029,
          0
        ]
      },
      "properties": {
        "FID": 867,
        "X": 54.370477999999999,
        "Y": 24.494682121699999,
        "name": "شارع حمدان بن محمد / برج الامارات",
        "zones": "الدانة",
        "direction": "ب",
        "description": "شارع حمدان بن محمد برج الامارات",
        "stationType": 3,
        "regionCode": "AE-ABU-DHABI",
        "OBJECTID": 868,
        "landmark": ""
      }
    },
    {
      "type": "Feature",
      "id": 868,
      "geometry": {
        "type": "Point",
        "coordinates": [
          54.371414155000082,
          24.495691220000026,
          0
        ]
      },
      "properties": {
        "FID": 868,
        "X": 54.371414000000001,
        "Y": 24.495691219699999,
        "name": "محطة شارع حمدان بن محمد/ مسجد حمده بنت مرشد المنصوري",
        "zones": "الدانة",
        "direction": "أ",
        "description": "شارع حمدان بن محمد/ مسجد حمده بنت مرشد المنصوري",
        "stationType": 3,
        "regionCode": "AE-ABU-DHABI",
        "OBJECTID": 869,
        "landmark": ""
      }
    },
    {
      "type": "Feature",
      "id": 869,
      "geometry": {
        "type": "Point",
        "coordinates": [
          54.371742146000031,
          24.495570577000024,
          0
        ]
      },
      "properties": {
        "FID": 869,
        "X": 54.371741999999998,
        "Y": 24.4955705767,
        "name": "محطة شارع حمدان بن محمد/ مسجد حمده بنت مرشد المنصوري",
        "zones": "الدانة",
        "direction": "ب",
        "description": "شارع حمدان بن محمد/ مسجد حمده بنت مرشد المنصوري",
        "stationType": 3,
        "regionCode": "AE-ABU-DHABI",
        "OBJECTID": 870,
        "landmark": ""
      }
    },
    {
      "type": "Feature",
      "id": 870,
      "geometry": {
        "type": "Point",
        "coordinates": [
          54.374631356000066,
          24.497976508000079,
          0
        ]
      },
      "properties": {
        "FID": 870,
        "X": 54.374631000000001,
        "Y": 24.497976508099999,
        "name": "شارع حمدان بن محمد / مسجد الشيخ هزاع بن زايد",
        "zones": "الزاهية",
        "direction": "ب",
        "description": "شارع حمدان بن محمد / مسجد الشيخ هزاع بن زايد",
        "stationType": 3,
        "regionCode": "AE-ABU-DHABI",
        "OBJECTID": 871,
        "landmark": ""
      }
    },
    {
      "type": "Feature",
      "id": 871,
      "geometry": {
        "type": "Point",
        "coordinates": [
          54.375134951000064,
          24.497949167000058,
          0
        ]
      },
      "properties": {
        "FID": 871,
        "X": 54.375135,
        "Y": 24.497949167400002,
        "name": "شارع حمدان بن محمد / مسجد الشيخ هزاع بن زايد",
        "zones": "الزاهية",
        "direction": "أ",
        "description": "شارع حمدان بن محمد / مسجد الشيخ هزاع بن زايد",
        "stationType": 3,
        "regionCode": "AE-ABU-DHABI",
        "OBJECTID": 872,
        "landmark": ""
      }
    },
    {
      "type": "Feature",
      "id": 872,
      "geometry": {
        "type": "Point",
        "coordinates": [
          54.350767411000049,
          24.488326512000071,
          0
        ]
      },
      "properties": {
        "FID": 872,
        "X": 54.350766999999998,
        "Y": 24.488326511699999,
        "name": "محطة شارع الكورنيش/ حديقة العائلة",
        "zones": "الحصن",
        "direction": "أ",
        "description": "شارع الكورنيش امام حديقة العائلة",
        "stationType": 3,
        "regionCode": "AE-ABU-DHABI",
        "OBJECTID": 873,
        "landmark": ""
      }
    },
    {
      "type": "Feature",
      "id": 873,
      "geometry": {
        "type": "Point",
        "coordinates": [
          54.349924073000068,
          24.487625782000066,
          0
        ]
      },
      "properties": {
        "FID": 873,
        "X": 54.349924000000001,
        "Y": 24.487625782399999,
        "name": "محطة شارع الكورنيش/ حديقة العائلة",
        "zones": "الحصن",
        "direction": "ب",
        "description": "شارع الكورنيش امام حديقة العائلة",
        "stationType": 3,
        "regionCode": "AE-ABU-DHABI",
        "OBJECTID": 874,
        "landmark": ""
      }
    },
    {
      "type": "Feature",
      "id": 874,
      "geometry": {
        "type": "Point",
        "coordinates": [
          54.348996287000034,
          24.48483871600007,
          0
        ]
      },
      "properties": {
        "FID": 874,
        "X": 54.348996,
        "Y": 24.4848387159,
        "name": "محطة شارع الكورنيش/ لجنة خليفة",
        "zones": "الحصن",
        "direction": "أ",
        "description": "شارع الكورنيش لجنة خليفة",
        "stationType": 3,
        "regionCode": "AE-ABU-DHABI",
        "OBJECTID": 875,
        "landmark": ""
      }
    },
    {
      "type": "Feature",
      "id": 875,
      "geometry": {
        "type": "Point",
        "coordinates": [
          54.348646888000076,
          24.485040162000075,
          0
        ]
      },
      "properties": {
        "FID": 875,
        "X": 54.348647,
        "Y": 24.485040161800001,
        "name": "محطة شارع الكورنيش/ لجنة خليفة",
        "zones": "الحصن",
        "direction": "ب",
        "description": "شارع الكورنيش لجنة خليفة",
        "stationType": 3,
        "regionCode": "AE-ABU-DHABI",
        "OBJECTID": 876,
        "landmark": ""
      }
    },
    {
      "type": "Feature",
      "id": 876,
      "geometry": {
        "type": "Point",
        "coordinates": [
          54.346517884000036,
          24.479813196000066,
          0
        ]
      },
      "properties": {
        "FID": 876,
        "X": 54.346518000000003,
        "Y": 24.479813196199999,
        "name": "محطة حديقة كورنيش أبوظبي",
        "zones": "الحصن",
        "direction": "أ",
        "description": "امام حديقة كورنيش أبوظبي",
        "stationType": 3,
        "regionCode": "AE-ABU-DHABI",
        "OBJECTID": 877,
        "landmark": ""
      }
    },
    {
      "type": "Feature",
      "id": 877,
      "geometry": {
        "type": "Point",
        "coordinates": [
          54.34620622500006,
          24.480096528000047,
          0
        ]
      },
      "properties": {
        "FID": 877,
        "X": 54.346206000000002,
        "Y": 24.480096528400001,
        "name": "محطة حديقة كورنيش أبوظبي",
        "zones": "الحصن",
        "direction": "ب",
        "description": "امام حديقة كورنيش أبوظبي",
        "stationType": 3,
        "regionCode": "AE-ABU-DHABI",
        "OBJECTID": 878,
        "landmark": ""
      }
    },
    {
      "type": "Feature",
      "id": 878,
      "geometry": {
        "type": "Point",
        "coordinates": [
          54.344620721000069,
          24.476232894000077,
          0
        ]
      },
      "properties": {
        "FID": 878,
        "X": 54.344620999999997,
        "Y": 24.476232893700001,
        "name": "محطة شارع الكورنيش / شارع مبارك بن محمد",
        "zones": "الخالدية",
        "direction": "أ",
        "description": "شارع الكورنيش امام  شارع مبارك بن محمد",
        "stationType": 3,
        "regionCode": "AE-ABU-DHABI",
        "OBJECTID": 879,
        "landmark": ""
      }
    },
    {
      "type": "Feature",
      "id": 879,
      "geometry": {
        "type": "Point",
        "coordinates": [
          54.344232479000027,
          24.47640657200003,
          0
        ]
      },
      "properties": {
        "FID": 879,
        "X": 54.344231999999998,
        "Y": 24.476406571599998,
        "name": "محطة شارع الكورنيش / شارع مبارك بن محمد",
        "zones": "البطين",
        "direction": "ب",
        "description": "شارع الكورنيش امام  شارع مبارك بن محمد",
        "stationType": 3,
        "regionCode": "AE-ABU-DHABI",
        "OBJECTID": 880,
        "landmark": ""
      }
    },
    {
      "type": "Feature",
      "id": 880,
      "geometry": {
        "type": "Point",
        "coordinates": [
          54.339807553000071,
          24.472520005000035,
          0
        ]
      },
      "properties": {
        "FID": 880,
        "X": 54.339807999999998,
        "Y": 24.4725200046,
        "name": "محطة شارع الكورنيش / الشاطئ العام (المدخل الرئيسي)",
        "zones": "البطين",
        "direction": "أ",
        "description": "شارع الكورنيش / الشاطئ العام (المدخل الرئيسي)",
        "stationType": 3,
        "regionCode": "AE-ABU-DHABI",
        "OBJECTID": 881,
        "landmark": ""
      }
    },
    {
      "type": "Feature",
      "id": 881,
      "geometry": {
        "type": "Point",
        "coordinates": [
          54.339318486000082,
          24.471861567000076,
          0
        ]
      },
      "properties": {
        "FID": 881,
        "X": 54.339317999999999,
        "Y": 24.471861567400001,
        "name": "محطة شارع الكورنيش / الشاطئ العام (المدخل الرئيسي)",
        "zones": "البطين",
        "direction": "ب",
        "description": "شارع الكورنيش / الشاطئ العام (المدخل الرئيسي)",
        "stationType": 3,
        "regionCode": "AE-ABU-DHABI",
        "OBJECTID": 882,
        "landmark": ""
      }
    },
    {
      "type": "Feature",
      "id": 882,
      "geometry": {
        "type": "Point",
        "coordinates": [
          54.337879322000049,
          24.471366889000024,
          0
        ]
      },
      "properties": {
        "FID": 882,
        "X": 54.337879000000001,
        "Y": 24.471366888999999,
        "name": "محط شارع الكورنيش / البنك التجاري الدولي",
        "zones": "البطين",
        "direction": "ب",
        "description": "شارع الكورنيش / البنك التجاري الدولي",
        "stationType": 3,
        "regionCode": "AE-ABU-DHABI",
        "OBJECTID": 883,
        "landmark": ""
      }
    },
    {
      "type": "Feature",
      "id": 883,
      "geometry": {
        "type": "Point",
        "coordinates": [
          54.338072497000041,
          24.471090510000067,
          0
        ]
      },
      "properties": {
        "FID": 883,
        "X": 54.338071999999997,
        "Y": 24.4710905104,
        "name": "محط شارع الكورنيش / البنك التجاري الدولي",
        "zones": "البطين",
        "direction": "أ",
        "description": "شارع الكورنيش / البنك التجاري الدولي",
        "stationType": 3,
        "regionCode": "AE-ABU-DHABI",
        "OBJECTID": 884,
        "landmark": ""
      }
    },
    {
      "type": "Feature",
      "id": 884,
      "geometry": {
        "type": "Point",
        "coordinates": [
          54.335286941000049,
          24.469443911000042,
          0
        ]
      },
      "properties": {
        "FID": 884,
        "X": 54.335287000000001,
        "Y": 24.469443910700001,
        "name": "محطة شارع الكورنيش / شارع البطين",
        "zones": "البطين",
        "direction": "أ",
        "description": "شارع الكورنيش / شارع البطين امام حديقة توراث",
        "stationType": 3,
        "regionCode": "AE-ABU-DHABI",
        "OBJECTID": 885,
        "landmark": ""
      }
    },
    {
      "type": "Feature",
      "id": 885,
      "geometry": {
        "type": "Point",
        "coordinates": [
          54.335386059000029,
          24.469887898000025,
          0
        ]
      },
      "properties": {
        "FID": 885,
        "X": 54.335386,
        "Y": 24.469887898,
        "name": "محطة شارع الكورنيش / شارع البطين",
        "zones": "البطين",
        "direction": "ب",
        "description": "شارع الكورنيش / شارع البطين",
        "stationType": 3,
        "regionCode": "AE-ABU-DHABI",
        "OBJECTID": 886,
        "landmark": ""
      }
    },
    {
      "type": "Feature",
      "id": 886,
      "geometry": {
        "type": "Point",
        "coordinates": [
          54.333641234000027,
          24.468458186000078,
          0
        ]
      },
      "properties": {
        "FID": 886,
        "X": 54.333641,
        "Y": 24.468458185900001,
        "name": "محطة شارع الكورنيش / حديقة العائلة",
        "zones": "البطين",
        "direction": "أ",
        "description": "شارع الكورنيش امام حديقة العائلة",
        "stationType": 3,
        "regionCode": "AE-ABU-DHABI",
        "OBJECTID": 887,
        "landmark": ""
      }
    },
    {
      "type": "Feature",
      "id": 887,
      "geometry": {
        "type": "Point",
        "coordinates": [
          54.330028621000054,
          24.466291479000063,
          0
        ]
      },
      "properties": {
        "FID": 887,
        "X": 54.330029000000003,
        "Y": 24.466291479100001,
        "name": "محطة شارع الكورنيش /كورنيش",
        "zones": "البطين",
        "direction": "أ",
        "description": "شارع الكورنيش /كورنيش3",
        "stationType": 0,
        "regionCode": "AE-ABU-DHABI",
        "OBJECTID": 888,
        "landmark": ""
      }
    },
    {
      "type": "Feature",
      "id": 888,
      "geometry": {
        "type": "Point",
        "coordinates": [
          54.329806819000055,
          24.466522214000065,
          0
        ]
      },
      "properties": {
        "FID": 888,
        "X": 54.329807000000002,
        "Y": 24.466522214499999,
        "name": "محطة شارع الكورنيش /كورنيش",
        "zones": "البطين",
        "direction": "ب",
        "description": "شارع الكورنيش /كورنيش3",
        "stationType": 0,
        "regionCode": "AE-ABU-DHABI",
        "OBJECTID": 889,
        "landmark": ""
      }
    },
    {
      "type": "Feature",
      "id": 889,
      "geometry": {
        "type": "Point",
        "coordinates": [
          54.326961060000031,
          24.464468274000069,
          0
        ]
      },
      "properties": {
        "FID": 889,
        "X": 54.326960999999997,
        "Y": 24.4644682741,
        "name": "محطة شارع الكورنيش / أبراج الأمة",
        "zones": "البطين",
        "direction": "أ",
        "description": "شارع الكورنيش امام أبراج الأمة",
        "stationType": 3,
        "regionCode": "AE-ABU-DHABI",
        "OBJECTID": 890,
        "landmark": ""
      }
    },
    {
      "type": "Feature",
      "id": 890,
      "geometry": {
        "type": "Point",
        "coordinates": [
          54.320709924000028,
          24.460260073000029,
          0
        ]
      },
      "properties": {
        "FID": 890,
        "X": 54.320709999999998,
        "Y": 24.460260073099999,
        "name": "محطة شارع الملك عبدالله بن عبدالعزيز آل سعود / قصر الامارات",
        "zones": " ",
        "direction": "أ",
        "description": "شارع الملك عبدالله بن عبدالعزيز آل سعود / قصر الامارات",
        "stationType": 3,
        "regionCode": "AE-ABU-DHABI",
        "OBJECTID": 891,
        "landmark": ""
      }
    },
    {
      "type": "Feature",
      "id": 891,
      "geometry": {
        "type": "Point",
        "coordinates": [
          54.319615533000047,
          24.458859802000063,
          0
        ]
      },
      "properties": {
        "FID": 891,
        "X": 54.319616000000003,
        "Y": 24.458859802199999,
        "name": "محطة شارع الملك عبدالله بن عبدالعزيز آل سعود / قصر الامارات",
        "zones": "البطين",
        "direction": "ب",
        "description": "شارع الملك عبدالله بن عبدالعزيز آل سعود / قصر الامارات",
        "stationType": 3,
        "regionCode": "AE-ABU-DHABI",
        "OBJECTID": 892,
        "landmark": ""
      }
    },
    {
      "type": "Feature",
      "id": 892,
      "geometry": {
        "type": "Point",
        "coordinates": [
          54.324493813000061,
          24.460372264000057,
          0
        ]
      },
      "properties": {
        "FID": 892,
        "X": 54.324494000000001,
        "Y": 24.460372263899998,
        "name": "محطة شارع الملك سلمان بن عبد العزيز آل سعود / ادنوك المقر الرئيسي",
        "zones": "البطين",
        "direction": "ب",
        "description": "شارع الملك سلمان بن عبد العزيز آل سعود / ادنوك المقر الرئيسي",
        "stationType": 3,
        "regionCode": "AE-ABU-DHABI",
        "OBJECTID": 893,
        "landmark": ""
      }
    },
    {
      "type": "Feature",
      "id": 893,
      "geometry": {
        "type": "Point",
        "coordinates": [
          54.324818752000056,
          24.459926757000062,
          0
        ]
      },
      "properties": {
        "FID": 893,
        "X": 54.324818999999998,
        "Y": 24.4599267571,
        "name": "محطة شارع الملك سلمان بن عبد العزيز آل سعود / ادنوك المقر الرئيسي",
        "zones": "البطين",
        "direction": "أ",
        "description": "شارع الملك سلمان بن عبد العزيز آل سعود / ادنوك المقر الرئيسي",
        "stationType": 3,
        "regionCode": "AE-ABU-DHABI",
        "OBJECTID": 894,
        "landmark": ""
      }
    },
    {
      "type": "Feature",
      "id": 894,
      "geometry": {
        "type": "Point",
        "coordinates": [
          54.329090794000081,
          24.459334481000042,
          0
        ]
      },
      "properties": {
        "FID": 894,
        "X": 54.329090999999998,
        "Y": 24.459334480900001,
        "name": "محطة شارع الملك عبدالله بن عبدالعزيز آل سعود / فندق انتركونتينينتال",
        "zones": "البطين",
        "direction": "ب",
        "description": "شارع الملك عبدالله بن عبدالعزيز آل سعود امام فندق انتركونتينينتال",
        "stationType": 3,
        "regionCode": "AE-ABU-DHABI",
        "OBJECTID": 895,
        "landmark": ""
      }
    },
    {
      "type": "Feature",
      "id": 895,
      "geometry": {
        "type": "Point",
        "coordinates": [
          54.327454261000071,
          24.459323588000075,
          0
        ]
      },
      "properties": {
        "FID": 895,
        "X": 54.327454000000003,
        "Y": 24.459323588299998,
        "name": "محطة شارع الملك عبدالله بن عبدالعزيز آل سعود / فندق انتركونتينينتال",
        "zones": "البطين",
        "direction": "أ",
        "description": "شارع الملك عبدالله بن عبدالعزيز آل سعود امام فندق انتركونتينينتال",
        "stationType": 3,
        "regionCode": "AE-ABU-DHABI",
        "OBJECTID": 896,
        "landmark": ""
      }
    },
    {
      "type": "Feature",
      "id": 896,
      "geometry": {
        "type": "Point",
        "coordinates": [
          54.332299592000027,
          24.459598760000063,
          0
        ]
      },
      "properties": {
        "FID": 896,
        "X": 54.332299999999996,
        "Y": 24.459598760199999,
        "name": "محطة شارع زايد الأول / مسجد سالم ميزر السويدي",
        "zones": "البطين",
        "direction": "أ",
        "description": "شارع زايد الأول بجانب مسجد سالم ميزر السويدي",
        "stationType": 3,
        "regionCode": "AE-ABU-DHABI",
        "OBJECTID": 897,
        "landmark": ""
      }
    },
    {
      "type": "Feature",
      "id": 897,
      "geometry": {
        "type": "Point",
        "coordinates": [
          54.332997816000045,
          24.460621919000062,
          0
        ]
      },
      "properties": {
        "FID": 897,
        "X": 54.332998000000003,
        "Y": 24.460621918899999,
        "name": "محطة شارع زايد الأول / مسجد سالم ميزر السويدي",
        "zones": "البطين",
        "direction": "ب",
        "description": "شارع زايد الأول بجانب مسجد سالم ميزر السويدي",
        "stationType": 3,
        "regionCode": "AE-ABU-DHABI",
        "OBJECTID": 898,
        "landmark": ""
      }
    },
    {
      "type": "Feature",
      "id": 898,
      "geometry": {
        "type": "Point",
        "coordinates": [
          54.335980819000042,
          24.463183583000045,
          0
        ]
      },
      "properties": {
        "FID": 898,
        "X": 54.335980999999997,
        "Y": 24.463183583100001,
        "name": "محطة شارع زايد الأول / مديرية شرطة العاصمة",
        "zones": "البطين",
        "direction": "أ",
        "description": "شارع زايد الأول بجانب مديرية شرطة العاصمة",
        "stationType": 3,
        "regionCode": "AE-ABU-DHABI",
        "OBJECTID": 899,
        "landmark": ""
      }
    },
    {
      "type": "Feature",
      "id": 899,
      "geometry": {
        "type": "Point",
        "coordinates": [
          54.354549077000058,
          24.466903462000062,
          0
        ]
      },
      "properties": {
        "FID": 899,
        "X": 54.354548999999999,
        "Y": 24.466903461600001,
        "name": "محطة شارع الفلاح / مدارس إنترناشيونال كوميونيتي",
        "zones": "الخالدية",
        "direction": "أ",
        "description": "شارع الفلاح امام مدارس إنترناشيونال كوميونيتي",
        "stationType": 3,
        "regionCode": "AE-ABU-DHABI",
        "OBJECTID": 900,
        "landmark": ""
      }
    },
    {
      "type": "Feature",
      "id": 900,
      "geometry": {
        "type": "Point",
        "coordinates": [
          54.353891480000073,
          24.466756562000057,
          0
        ]
      },
      "properties": {
        "FID": 900,
        "X": 54.353890999999997,
        "Y": 24.4667565616,
        "name": "محطة شارع الفلاح / مدارس إنترناشيونال كوميونيتي",
        "zones": "الخالدية",
        "direction": "ب",
        "description": "شارع الفلاح امام مدارس إنترناشيونال كوميونيتي",
        "stationType": 3,
        "regionCode": "AE-ABU-DHABI",
        "OBJECTID": 901,
        "landmark": ""
      }
    },
    {
      "type": "Feature",
      "id": 901,
      "geometry": {
        "type": "Point",
        "coordinates": [
          54.350641074000066,
          24.463757316000056,
          0
        ]
      },
      "properties": {
        "FID": 901,
        "X": 54.350641000000003,
        "Y": 24.463757315900001,
        "name": "محطة شارع الفلاح / أكاديمية الشيخ زايد الخاصة للبنين",
        "zones": "الخالدية",
        "direction": "أ",
        "description": "شارع الفلاح امام أكاديمية الشيخ زايد الخاصة للبنين",
        "stationType": 3,
        "regionCode": "AE-ABU-DHABI",
        "OBJECTID": 902,
        "landmark": ""
      }
    },
    {
      "type": "Feature",
      "id": 902,
      "geometry": {
        "type": "Point",
        "coordinates": [
          54.350420445000054,
          24.463933953000037,
          0
        ]
      },
      "properties": {
        "FID": 902,
        "X": 54.35042,
        "Y": 24.463933953000002,
        "name": "محطة شارع الفلاح / أكاديمية الشيخ زايد الخاصة للبنين",
        "zones": "الخالدية",
        "direction": "ب",
        "description": "شارع الفلاح امام أكاديمية الشيخ زايد الخاصة للبنين",
        "stationType": 3,
        "regionCode": "AE-ABU-DHABI",
        "OBJECTID": 903,
        "landmark": ""
      }
    },
    {
      "type": "Feature",
      "id": 903,
      "geometry": {
        "type": "Point",
        "coordinates": [
          54.348688067000069,
          24.463316908000024,
          0
        ]
      },
      "properties": {
        "FID": 903,
        "X": 54.348688000000003,
        "Y": 24.463316907700001,
        "name": "محطة شارع الخليج العربي/ مدرسة المواهب",
        "zones": "البطين",
        "direction": "أ",
        "description": "شارع الخليج العربي امام مدرسة المواهب",
        "stationType": 3,
        "regionCode": "AE-ABU-DHABI",
        "OBJECTID": 904,
        "landmark": ""
      }
    },
    {
      "type": "Feature",
      "id": 904,
      "geometry": {
        "type": "Point",
        "coordinates": [
          54.347792158000061,
          24.461839075000057,
          0
        ]
      },
      "properties": {
        "FID": 904,
        "X": 54.347791999999998,
        "Y": 24.4618390746,
        "name": "محطة شارع الفلاح / مدرسة المواهب",
        "zones": "البطين",
        "direction": "أ",
        "description": "شارع الفلاح امام مدرسة المواهب",
        "stationType": 3,
        "regionCode": "AE-ABU-DHABI",
        "OBJECTID": 905,
        "landmark": ""
      }
    },
    {
      "type": "Feature",
      "id": 905,
      "geometry": {
        "type": "Point",
        "coordinates": [
          54.347159961000045,
          24.460952516000077,
          0
        ]
      },
      "properties": {
        "FID": 905,
        "X": 54.347160000000002,
        "Y": 24.460952515599999,
        "name": "محطة شارع الفلاح / مسجد سلطان بن يوسف",
        "zones": "البطين",
        "direction": "أ",
        "description": "شارع الفلاح امام مسجد سلطان بن يوسف",
        "stationType": 3,
        "regionCode": "AE-ABU-DHABI",
        "OBJECTID": 906,
        "landmark": ""
      }
    },
    {
      "type": "Feature",
      "id": 906,
      "geometry": {
        "type": "Point",
        "coordinates": [
          54.343693698000038,
          24.462615440000036,
          0
        ]
      },
      "properties": {
        "FID": 906,
        "X": 54.343693999999999,
        "Y": 24.462615440099999,
        "name": "محطة شارع البطين / مدرسة الاتحاد النموذجية",
        "zones": "البطين",
        "direction": "أ",
        "description": "شارع البطين امام مدرسة الاتحاد النموذجية",
        "stationType": 3,
        "regionCode": "AE-ABU-DHABI",
        "OBJECTID": 907,
        "landmark": ""
      }
    },
    {
      "type": "Feature",
      "id": 907,
      "geometry": {
        "type": "Point",
        "coordinates": [
          54.343785448000062,
          24.462941965000027,
          0
        ]
      },
      "properties": {
        "FID": 907,
        "X": 54.343784999999997,
        "Y": 24.462941965100001,
        "name": "محطة شارع البطين / مدرسة الاتحاد النموذجية",
        "zones": "البطين",
        "direction": "ب",
        "description": "شارع البطين امام مدرسة الاتحاد النموذجية",
        "stationType": 3,
        "regionCode": "AE-ABU-DHABI",
        "OBJECTID": 908,
        "landmark": ""
      }
    },
    {
      "type": "Feature",
      "id": 908,
      "geometry": {
        "type": "Point",
        "coordinates": [
          54.340418028000045,
          24.465996442000062,
          0
        ]
      },
      "properties": {
        "FID": 908,
        "X": 54.340418,
        "Y": 24.465996441800002,
        "name": "محطة شارع البطين / مركز ابوظبي للطاقة",
        "zones": "البطين",
        "direction": "أ",
        "description": "شارع البطين امام مركز ابوظبي للطاقة",
        "stationType": 3,
        "regionCode": "AE-ABU-DHABI",
        "OBJECTID": 909,
        "landmark": ""
      }
    },
    {
      "type": "Feature",
      "id": 909,
      "geometry": {
        "type": "Point",
        "coordinates": [
          54.340518483000039,
          24.467315905000078,
          0
        ]
      },
      "properties": {
        "FID": 909,
        "X": 54.340518000000003,
        "Y": 24.467315904599999,
        "name": "محطة شارع زايد الأول / مركز ابوظبي للطاقة",
        "zones": "البطين",
        "direction": "أ",
        "description": "شارع زايد الأول امام مركز ابوظبي للطاقة",
        "stationType": 3,
        "regionCode": "AE-ABU-DHABI",
        "OBJECTID": 910,
        "landmark": ""
      }
    },
    {
      "type": "Feature",
      "id": 910,
      "geometry": {
        "type": "Point",
        "coordinates": [
          54.340946881000036,
          24.468045472000028,
          0
        ]
      },
      "properties": {
        "FID": 910,
        "X": 54.340947,
        "Y": 24.468045471700002,
        "name": "محطة شارع زايد الأول / مركز ابوظبي للطاقة",
        "zones": "البطين",
        "direction": "ب",
        "description": "شارع زايد الأول امام مركز ابوظبي للطاقة",
        "stationType": 3,
        "regionCode": "AE-ABU-DHABI",
        "OBJECTID": 911,
        "landmark": ""
      }
    },
    {
      "type": "Feature",
      "id": 911,
      "geometry": {
        "type": "Point",
        "coordinates": [
          54.338906081000061,
          24.468027578000033,
          0
        ]
      },
      "properties": {
        "FID": 911,
        "X": 54.338906000000001,
        "Y": 24.468027577600001,
        "name": "محطة شارع البطين/ حديقة الشيخة فاطمة",
        "zones": "البطين",
        "direction": "أ",
        "description": "شارع البطين امام برج العين و حديقة الشيخة فاطمة",
        "stationType": 3,
        "regionCode": "AE-ABU-DHABI",
        "OBJECTID": 912,
        "landmark": ""
      }
    },
    {
      "type": "Feature",
      "id": 912,
      "geometry": {
        "type": "Point",
        "coordinates": [
          54.344222334000051,
          24.470314307000024,
          0
        ]
      },
      "properties": {
        "FID": 912,
        "X": 54.344222000000002,
        "Y": 24.470314307199999,
        "name": "محطة شارع زايد الأول / حديقة الخالدية",
        "zones": "الخالدية",
        "direction": "أ",
        "description": "شارع زايد الأول امام حديقة الخالدية",
        "stationType": 3,
        "regionCode": "AE-ABU-DHABI",
        "OBJECTID": 913,
        "landmark": ""
      }
    },
    {
      "type": "Feature",
      "id": 913,
      "geometry": {
        "type": "Point",
        "coordinates": [
          54.346318981000081,
          24.472372836000034,
          0
        ]
      },
      "properties": {
        "FID": 913,
        "X": 54.346319000000001,
        "Y": 24.472372836400002,
        "name": "محطة شارع زايد الأول / النخبة توجيه",
        "zones": "الخالدية",
        "direction": "أ",
        "description": "شارع زايد الأول امام برج كريستيال النخبة توجيه",
        "stationType": 3,
        "regionCode": "AE-ABU-DHABI",
        "OBJECTID": 914,
        "landmark": ""
      }
    },
    {
      "type": "Feature",
      "id": 914,
      "geometry": {
        "type": "Point",
        "coordinates": [
          54.346413376000044,
          24.472103735000076,
          0
        ]
      },
      "properties": {
        "FID": 914,
        "X": 54.346412999999998,
        "Y": 24.472103735499999,
        "name": "محطة شارع زايد الأول / النخبة توجيه",
        "zones": "الخالدية",
        "direction": "ب",
        "description": "شارع زايد الأول امام برج كريستيال النخبة توجيه",
        "stationType": 3,
        "regionCode": "AE-ABU-DHABI",
        "OBJECTID": 915,
        "landmark": ""
      }
    },
    {
      "type": "Feature",
      "id": 915,
      "geometry": {
        "type": "Point",
        "coordinates": [
          54.348268375000032,
          24.473932362000028,
          0
        ]
      },
      "properties": {
        "FID": 915,
        "X": 54.348267999999997,
        "Y": 24.473932361599999,
        "name": "محطة شارع زايد الأول / مركز الخالدية",
        "zones": "الخالدية",
        "direction": "أ",
        "description": "شارع زايد الأول / مركز الخالدية",
        "stationType": 3,
        "regionCode": "AE-ABU-DHABI",
        "OBJECTID": 916,
        "landmark": ""
      }
    },
    {
      "type": "Feature",
      "id": 916,
      "geometry": {
        "type": "Point",
        "coordinates": [
          54.347674040000072,
          24.47311866900003,
          0
        ]
      },
      "properties": {
        "FID": 916,
        "X": 54.347673999999998,
        "Y": 24.4731186691,
        "name": "محطة شارع زايد الأول / مركز الخالدية",
        "zones": "الخالدية",
        "direction": "ب",
        "description": "شارع زايد الأول / مركز الخالدية",
        "stationType": 3,
        "regionCode": "AE-ABU-DHABI",
        "OBJECTID": 917,
        "landmark": ""
      }
    },
    {
      "type": "Feature",
      "id": 917,
      "geometry": {
        "type": "Point",
        "coordinates": [
          54.350448327000038,
          24.475315404000071,
          0
        ]
      },
      "properties": {
        "FID": 917,
        "X": 54.350448,
        "Y": 24.4753154036,
        "name": "محطة شارع زايد الأول / فندق شيراتون الخالدية",
        "zones": "الحصن",
        "direction": "أ",
        "description": "شارع زايد الأول امام فندق شيراتون الخالدية",
        "stationType": 3,
        "regionCode": "AE-ABU-DHABI",
        "OBJECTID": 918,
        "landmark": ""
      }
    },
    {
      "type": "Feature",
      "id": 918,
      "geometry": {
        "type": "Point",
        "coordinates": [
          54.351730317000033,
          24.476727797000024,
          0
        ]
      },
      "properties": {
        "FID": 918,
        "X": 54.351730000000003,
        "Y": 24.476727796700001,
        "name": "محطة شارع زايد الأول / فندق شيراتون الخالدية",
        "zones": "الحصن",
        "direction": "ب",
        "description": "شارع زايد الأول امام فندق شيراتون الخالدية",
        "stationType": 3,
        "regionCode": "AE-ABU-DHABI",
        "OBJECTID": 919,
        "landmark": ""
      }
    },
    {
      "type": "Feature",
      "id": 919,
      "geometry": {
        "type": "Point",
        "coordinates": [
          54.35358995200005,
          24.477870521000057,
          0
        ]
      },
      "properties": {
        "FID": 919,
        "X": 54.353589999999997,
        "Y": 24.4778705206,
        "name": "محطة شارع زايد الأول / مسجد سلطان بن راشد الظاهري",
        "zones": "الحصن",
        "direction": "أ",
        "description": "شارع زايد الأول امام مسجد سلطان بن راشد الظاهري",
        "stationType": 3,
        "regionCode": "AE-ABU-DHABI",
        "OBJECTID": 920,
        "landmark": ""
      }
    },
    {
      "type": "Feature",
      "id": 920,
      "geometry": {
        "type": "Point",
        "coordinates": [
          54.355529855000043,
          24.479420771000036,
          0
        ]
      },
      "properties": {
        "FID": 920,
        "X": 54.355530000000002,
        "Y": 24.479420770899999,
        "name": "محطة شارع زايد الأول / قصر الحصن",
        "zones": "الحصن",
        "direction": "أ",
        "description": "شارع زايد الأول امام لمحلات الكبرى و قصر الحصن",
        "stationType": 3,
        "regionCode": "AE-ABU-DHABI",
        "OBJECTID": 921,
        "landmark": ""
      }
    },
    {
      "type": "Feature",
      "id": 921,
      "geometry": {
        "type": "Point",
        "coordinates": [
          54.357837066000059,
          24.48132941700004,
          0
        ]
      },
      "properties": {
        "FID": 921,
        "X": 54.357837000000004,
        "Y": 24.481329417400001,
        "name": "محطة شارع زايد الأول / مسجد الشيخ زايد بن سلطان الثاني",
        "zones": "الحصن",
        "direction": "أ",
        "description": "شارع زايد الأول امام مسجد الشيخ زايد بن سلطان الثاني",
        "stationType": 3,
        "regionCode": "AE-ABU-DHABI",
        "OBJECTID": 922,
        "landmark": ""
      }
    },
    {
      "type": "Feature",
      "id": 922,
      "geometry": {
        "type": "Point",
        "coordinates": [
          54.357459812000059,
          24.481449170000076,
          0
        ]
      },
      "properties": {
        "FID": 922,
        "X": 54.357460000000003,
        "Y": 24.481449169600001,
        "name": "محطة شارع زايد الأول / مسجد الشيخ زايد بن سلطان الثاني",
        "zones": "الحصن",
        "direction": "ب",
        "description": "شارع زايد الأول امام مسجد الشيخ زايد بن سلطان الثاني",
        "stationType": 3,
        "regionCode": "AE-ABU-DHABI",
        "OBJECTID": 923,
        "landmark": ""
      }
    },
    {
      "type": "Feature",
      "id": 923,
      "geometry": {
        "type": "Point",
        "coordinates": [
          54.360897366000074,
          24.48448767800005,
          0
        ]
      },
      "properties": {
        "FID": 923,
        "X": 54.360897000000001,
        "Y": 24.484487677600001,
        "name": "محطة شارع زايد الأول / مستشفى ان ام سي التخصصي",
        "zones": "الدانة",
        "direction": "أ",
        "description": "شارع زايد الأول بجانب مستشفى ان ام سي التخصصي",
        "stationType": 3,
        "regionCode": "AE-ABU-DHABI",
        "OBJECTID": 924,
        "landmark": ""
      }
    },
    {
      "type": "Feature",
      "id": 924,
      "geometry": {
        "type": "Point",
        "coordinates": [
          54.362974657000052,
          24.485607027000071,
          0
        ]
      },
      "properties": {
        "FID": 924,
        "X": 54.362974999999999,
        "Y": 24.485607027,
        "name": "محطة شارع زايد الأول / مستشفى ان ام سي التخصصي",
        "zones": "الدانة",
        "direction": "ب",
        "description": "شارع زايد الأول بجانب مستشفى ان ام سي التخصصي",
        "stationType": 3,
        "regionCode": "AE-ABU-DHABI",
        "OBJECTID": 925,
        "landmark": ""
      }
    },
    {
      "type": "Feature",
      "id": 925,
      "geometry": {
        "type": "Point",
        "coordinates": [
          54.365854367000054,
          24.48797683500004,
          0
        ]
      },
      "properties": {
        "FID": 925,
        "X": 54.365853999999999,
        "Y": 24.487976835400001,
        "name": "محطة شارع زايد الأول / مستشفى لايف لاين",
        "zones": "الدانة",
        "direction": "أ",
        "description": "شارع زايد الأول بجانب مستشفى لايف لاين",
        "stationType": 3,
        "regionCode": "AE-ABU-DHABI",
        "OBJECTID": 926,
        "landmark": ""
      }
    },
    {
      "type": "Feature",
      "id": 926,
      "geometry": {
        "type": "Point",
        "coordinates": [
          54.366463925000062,
          24.488068701000032,
          0
        ]
      },
      "properties": {
        "FID": 926,
        "X": 54.366464000000001,
        "Y": 24.4880687006,
        "name": "محطة شارع زايد الأول / مستشفى لايف لاين",
        "zones": "الدانة",
        "direction": "ب",
        "description": "شارع زايد الأول بجانب مستشفى لايف لاين",
        "stationType": 3,
        "regionCode": "AE-ABU-DHABI",
        "OBJECTID": 927,
        "landmark": ""
      }
    },
    {
      "type": "Feature",
      "id": 927,
      "geometry": {
        "type": "Point",
        "coordinates": [
          54.368702075000044,
          24.489994046000049,
          0
        ]
      },
      "properties": {
        "FID": 927,
        "X": 54.368701999999999,
        "Y": 24.489994046300001,
        "name": "محطة شارع زايد الأول/ شارع دلمون",
        "zones": "الدانة",
        "direction": "أ",
        "description": "شارع زايد الأولو شارع دلمون امام لولو ماركت",
        "stationType": 3,
        "regionCode": "AE-ABU-DHABI",
        "OBJECTID": 928,
        "landmark": ""
      }
    },
    {
      "type": "Feature",
      "id": 928,
      "geometry": {
        "type": "Point",
        "coordinates": [
          54.368388185000072,
          24.489438023000048,
          0
        ]
      },
      "properties": {
        "FID": 928,
        "X": 54.368388000000003,
        "Y": 24.489438023400002,
        "name": "محطة شارع زايد الأول/ شارع دلمون",
        "zones": "الدانة",
        "direction": "ب",
        "description": "شارع زايد الأولو شارع دلمون امام لولو ماركت",
        "stationType": 3,
        "regionCode": "AE-ABU-DHABI",
        "OBJECTID": 929,
        "landmark": ""
      }
    },
    {
      "type": "Feature",
      "id": 929,
      "geometry": {
        "type": "Point",
        "coordinates": [
          54.370886106000057,
          24.491205412000056,
          0
        ]
      },
      "properties": {
        "FID": 929,
        "X": 54.370885999999999,
        "Y": 24.491205411599999,
        "name": "محطة شارع زايد الأول / فندق الحمراء سيتي سيزونز",
        "zones": "الدانة",
        "direction": "أ",
        "description": "شارع زايد الأول / فندق الحمراء سيتي سيزونز",
        "stationType": 3,
        "regionCode": "AE-ABU-DHABI",
        "OBJECTID": 930,
        "landmark": ""
      }
    },
    {
      "type": "Feature",
      "id": 930,
      "geometry": {
        "type": "Point",
        "coordinates": [
          54.372210361000043,
          24.492501060000052,
          0
        ]
      },
      "properties": {
        "FID": 930,
        "X": 54.372210000000003,
        "Y": 24.4925010599,
        "name": "محطة شارع زايد الأول / فندق الحمراء سيتي سيزونز",
        "zones": "الدانة",
        "direction": "ب",
        "description": "شارع زايد الأول / فندق الحمراء سيتي سيزونز",
        "stationType": 3,
        "regionCode": "AE-ABU-DHABI",
        "OBJECTID": 931,
        "landmark": ""
      }
    },
    {
      "type": "Feature",
      "id": 931,
      "geometry": {
        "type": "Point",
        "coordinates": [
          54.373345224000047,
          24.492945011000074,
          0
        ]
      },
      "properties": {
        "FID": 931,
        "X": 54.373345,
        "Y": 24.492945011100002,
        "name": "محطة شارع زايد الأول / أدنوك",
        "zones": "الدانة",
        "direction": "أ",
        "description": "شارع زايد الأول / أدنوك",
        "stationType": 3,
        "regionCode": "AE-ABU-DHABI",
        "OBJECTID": 932,
        "landmark": ""
      }
    },
    {
      "type": "Feature",
      "id": 932,
      "geometry": {
        "type": "Point",
        "coordinates": [
          54.373649285000056,
          24.493500854000047,
          0
        ]
      },
      "properties": {
        "FID": 932,
        "X": 54.373649,
        "Y": 24.493500854299999,
        "name": "محطة شارع زايد الأول / أدنوك",
        "zones": "الدانة",
        "direction": "ب",
        "description": "شارع زايد الأول / أدنوك",
        "stationType": 3,
        "regionCode": "AE-ABU-DHABI",
        "OBJECTID": 933,
        "landmark": ""
      }
    },
    {
      "type": "Feature",
      "id": 933,
      "geometry": {
        "type": "Point",
        "coordinates": [
          54.375941132000037,
          24.494750131000046,
          0
        ]
      },
      "properties": {
        "FID": 933,
        "X": 54.375940999999997,
        "Y": 24.4947501312,
        "name": "محطة شارع زايد الأول / برج السعديات",
        "zones": "الزاهية",
        "direction": "أ",
        "description": "شارع زايد الأول امام برج السعديات",
        "stationType": 3,
        "regionCode": "AE-ABU-DHABI",
        "OBJECTID": 934,
        "landmark": ""
      }
    },
    {
      "type": "Feature",
      "id": 934,
      "geometry": {
        "type": "Point",
        "coordinates": [
          54.376185302000067,
          24.495341031000066,
          0
        ]
      },
      "properties": {
        "FID": 934,
        "X": 54.376185,
        "Y": 24.495341030700001,
        "name": "محطة شارع زايد الأول / برج السعديات",
        "zones": "الزاهية",
        "direction": "ب",
        "description": "شارع زايد الأول امام برج السعديات",
        "stationType": 3,
        "regionCode": "AE-ABU-DHABI",
        "OBJECTID": 935,
        "landmark": ""
      }
    },
    {
      "type": "Feature",
      "id": 935,
      "geometry": {
        "type": "Point",
        "coordinates": [
          54.377273839000054,
          24.496118091000028,
          0
        ]
      },
      "properties": {
        "FID": 935,
        "X": 54.377274,
        "Y": 24.496118090900001,
        "name": "محطة شارع زايد الأول / مسجد الشيخ هزاع بن سلطان",
        "zones": "الزاهية",
        "direction": "أ",
        "description": "شارع زايد الأول / مسجد الشيخ هزاع بن سلطان",
        "stationType": 3,
        "regionCode": "AE-ABU-DHABI",
        "OBJECTID": 936,
        "landmark": ""
      }
    },
    {
      "type": "Feature",
      "id": 936,
      "geometry": {
        "type": "Point",
        "coordinates": [
          54.377117275000046,
          24.495582868000042,
          0
        ]
      },
      "properties": {
        "FID": 936,
        "X": 54.377116999999998,
        "Y": 24.4955828682,
        "name": "محطة شارع زايد الأول / مسجد الشيخ هزاع بن سلطان",
        "zones": "الزاهية",
        "direction": "ب",
        "description": "شارع زايد الأول / مسجد الشيخ هزاع بن سلطان",
        "stationType": 3,
        "regionCode": "AE-ABU-DHABI",
        "OBJECTID": 937,
        "landmark": ""
      }
    },
    {
      "type": "Feature",
      "id": 937,
      "geometry": {
        "type": "Point",
        "coordinates": [
          54.426574402000028,
          24.429003263000027,
          0
        ]
      },
      "properties": {
        "FID": 937,
        "X": 54.426574000000002,
        "Y": 24.4290032629,
        "name": "محطة شارع الشيخ راشد بن سعيد / فندق نوفوتيل البستان أبو ظبي",
        "zones": "الروضة",
        "direction": "أ",
        "description": "شارع الشيخ راشد بن سعيد / فندق نوفوتيل البستان أبو ظبي",
        "stationType": 3,
        "regionCode": "AE-ABU-DHABI",
        "OBJECTID": 938,
        "landmark": ""
      }
    },
    {
      "type": "Feature",
      "id": 938,
      "geometry": {
        "type": "Point",
        "coordinates": [
          54.43018074500003,
          24.428116889000023,
          0
        ]
      },
      "properties": {
        "FID": 938,
        "X": 54.430180999999997,
        "Y": 24.4281168887,
        "name": "محطة شارع الشيخ راشد بن سعيد / فندق نوفوتيل البستان أبو ظبي",
        "zones": "الروضة",
        "direction": "ب",
        "description": "شارع الشيخ راشد بن سعيد / فندق نوفوتيل البستان أبو ظبي",
        "stationType": 3,
        "regionCode": "AE-ABU-DHABI",
        "OBJECTID": 939,
        "landmark": ""
      }
    },
    {
      "type": "Feature",
      "id": 939,
      "geometry": {
        "type": "Point",
        "coordinates": [
          54.428893832000028,
          24.427409056000045,
          0
        ]
      },
      "properties": {
        "FID": 939,
        "X": 54.428894,
        "Y": 24.427409055799998,
        "name": "محطة شارع ربدان / شارع س\u064Eبخة الف\u064Eيحة",
        "zones": "الروضة",
        "direction": "أ",
        "description": "شارع ربدان / شارع س\u064Eبخة الف\u064Eيحة",
        "stationType": 3,
        "regionCode": "AE-ABU-DHABI",
        "OBJECTID": 940,
        "landmark": ""
      }
    },
    {
      "type": "Feature",
      "id": 940,
      "geometry": {
        "type": "Point",
        "coordinates": [
          54.428635598000028,
          24.427503948000037,
          0
        ]
      },
      "properties": {
        "FID": 940,
        "X": 54.428635999999997,
        "Y": 24.427503948399998,
        "name": "محطة شارع ربدان / شارع س\u064Eبخة الف\u064Eيحة",
        "zones": "الروضة",
        "direction": "ب",
        "description": "شارع ربدان / شارع س\u064Eبخة الف\u064Eيحة",
        "stationType": 3,
        "regionCode": "AE-ABU-DHABI",
        "OBJECTID": 941,
        "landmark": ""
      }
    },
    {
      "type": "Feature",
      "id": 941,
      "geometry": {
        "type": "Point",
        "coordinates": [
          54.428274600000066,
          24.424889366000059,
          0
        ]
      },
      "properties": {
        "FID": 941,
        "X": 54.428274999999999,
        "Y": 24.424889365799999,
        "name": "محطة شارع ربدان / شارع وكر",
        "zones": "الروضة",
        "direction": "أ",
        "description": "شارع ربدان / شارع وكر بجانب سفارة جمهورية السودان و السفارة التونسية",
        "stationType": 3,
        "regionCode": "AE-ABU-DHABI",
        "OBJECTID": 942,
        "landmark": ""
      }
    },
    {
      "type": "Feature",
      "id": 942,
      "geometry": {
        "type": "Point",
        "coordinates": [
          54.428005601000052,
          24.425029203000065,
          0
        ]
      },
      "properties": {
        "FID": 942,
        "X": 54.428006000000003,
        "Y": 24.425029203400001,
        "name": "محطة شارع ربدان / شارع وكر",
        "zones": "الروضة",
        "direction": "ب",
        "description": "شارع ربدان / شارع وكر بجانب سفارة جمهورية السودان و السفارة التونسية",
        "stationType": 3,
        "regionCode": "AE-ABU-DHABI",
        "OBJECTID": 943,
        "landmark": ""
      }
    },
    {
      "type": "Feature",
      "id": 943,
      "geometry": {
        "type": "Point",
        "coordinates": [
          54.428534098000057,
          24.433964662000051,
          0
        ]
      },
      "properties": {
        "FID": 943,
        "X": 54.428533999999999,
        "Y": 24.433964662200001,
        "name": "محطة شارع سلطان بن زايد/ الشرطة الاتحادية الإماراتية",
        "zones": "السعادة",
        "direction": "أ",
        "description": "شارع سلطان بن زايد/ الشرطة الاتحادية الإماراتية",
        "stationType": 3,
        "regionCode": "AE-ABU-DHABI",
        "OBJECTID": 944,
        "landmark": ""
      }
    },
    {
      "type": "Feature",
      "id": 944,
      "geometry": {
        "type": "Point",
        "coordinates": [
          54.429039062000072,
          24.434343306000073,
          0
        ]
      },
      "properties": {
        "FID": 944,
        "X": 54.429039000000003,
        "Y": 24.434343305599999,
        "name": "محطة شارع سلطان بن زايد/ الشرطة الاتحادية الإماراتية",
        "zones": "السعادة",
        "direction": "ب",
        "description": "شارع سلطان بن زايد/ الشرطة الاتحادية الإماراتية",
        "stationType": 3,
        "regionCode": "AE-ABU-DHABI",
        "OBJECTID": 945,
        "landmark": ""
      }
    },
    {
      "type": "Feature",
      "id": 945,
      "geometry": {
        "type": "Point",
        "coordinates": [
          54.430474601000071,
          24.422859859000027,
          0
        ]
      },
      "properties": {
        "FID": 945,
        "X": 54.430475000000001,
        "Y": 24.422859859500001,
        "name": "محطة شارع الرئيس جوكو ويدودو / مستشفى زايد العسكري",
        "zones": "الروضة",
        "direction": "أ",
        "description": "شارع الرئيس جوكو ويدودو امام مستشفى زايد العسكري و سفارة المملكة المغربية",
        "stationType": 3,
        "regionCode": "AE-ABU-DHABI",
        "OBJECTID": 946,
        "landmark": ""
      }
    },
    {
      "type": "Feature",
      "id": 946,
      "geometry": {
        "type": "Point",
        "coordinates": [
          54.430291392000072,
          24.422658180000042,
          0
        ]
      },
      "properties": {
        "FID": 946,
        "X": 54.430290999999997,
        "Y": 24.422658179799999,
        "name": "محطة شارع الرئيس جوكو ويدودو / مستشفى زايد العسكري",
        "zones": "الروضة",
        "direction": "ب",
        "description": "شارع الرئيس جوكو ويدودو امام مستشفى زايد العسكري و سفارة المملكة المغربية",
        "stationType": 3,
        "regionCode": "AE-ABU-DHABI",
        "OBJECTID": 947,
        "landmark": ""
      }
    },
    {
      "type": "Feature",
      "id": 947,
      "geometry": {
        "type": "Point",
        "coordinates": [
          54.437225721000061,
          24.421954490000076,
          0
        ]
      },
      "properties": {
        "FID": 947,
        "X": 54.437226000000003,
        "Y": 24.421954490000001,
        "name": "محطة شارع الرئيس جوكو ويدودو / مركز ابوظبي الوطني للمعارض",
        "zones": "الروضة",
        "direction": "أ",
        "description": "شارع الرئيس جوكو ويدودو بجانب مركز ابوظبي الوطني للمعارض و امام مسجد الرئيس جوكو ويدودو",
        "stationType": 3,
        "regionCode": "AE-ABU-DHABI",
        "OBJECTID": 948,
        "landmark": ""
      }
    },
    {
      "type": "Feature",
      "id": 948,
      "geometry": {
        "type": "Point",
        "coordinates": [
          54.436539569000047,
          24.421762346000037,
          0
        ]
      },
      "properties": {
        "FID": 948,
        "X": 54.436540000000001,
        "Y": 24.421762346200001,
        "name": "محطة شارع الرئيس جوكو ويدودو / مركز ابوظبي الوطني للمعارض",
        "zones": "الروضة",
        "direction": "ب",
        "description": "شارع الرئيس جوكو ويدودو بجانب مركز ابوظبي الوطني للمعارض و امام مسجد الرئيس جوكو ويدودو",
        "stationType": 3,
        "regionCode": "AE-ABU-DHABI",
        "OBJECTID": 949,
        "landmark": ""
      }
    },
    {
      "type": "Feature",
      "id": 949,
      "geometry": {
        "type": "Point",
        "coordinates": [
          54.432173399000078,
          24.433891129000074,
          0
        ]
      },
      "properties": {
        "FID": 949,
        "X": 54.432172999999999,
        "Y": 24.433891128799999,
        "name": "محطة شارع سلطان بن زايد/ مدرسة الريم",
        "zones": "السعادة",
        "direction": "أ",
        "description": "شارع سلطان بن زايد/ مدرسة الريم",
        "stationType": 3,
        "regionCode": "AE-ABU-DHABI",
        "OBJECTID": 950,
        "landmark": ""
      }
    },
    {
      "type": "Feature",
      "id": 950,
      "geometry": {
        "type": "Point",
        "coordinates": [
          54.431954957000073,
          24.433481259000075,
          0
        ]
      },
      "properties": {
        "FID": 950,
        "X": 54.431955000000002,
        "Y": 24.433481259099999,
        "name": "محطة شارع سلطان بن زايد/ مدرسة الريم",
        "zones": "السعادة",
        "direction": "ب",
        "description": "شارع سلطان بن زايد/ مدرسة الريم",
        "stationType": 3,
        "regionCode": "AE-ABU-DHABI",
        "OBJECTID": 951,
        "landmark": ""
      }
    },
    {
      "type": "Feature",
      "id": 951,
      "geometry": {
        "type": "Point",
        "coordinates": [
          54.434386997000047,
          24.433143465000057,
          0
        ]
      },
      "properties": {
        "FID": 951,
        "X": 54.434387000000001,
        "Y": 24.433143465099999,
        "name": "محطة شارع سلطان بن زايد الأول/ عيادة الزعفرانة الطبية",
        "zones": "السعادة",
        "direction": "ب",
        "description": "شارع سلطان بن زايد الأول/ عيادة الزعفرانة الطبية",
        "stationType": 3,
        "regionCode": "AE-ABU-DHABI",
        "OBJECTID": 952,
        "landmark": ""
      }
    },
    {
      "type": "Feature",
      "id": 952,
      "geometry": {
        "type": "Point",
        "coordinates": [
          54.434466926000027,
          24.43357805900007,
          0
        ]
      },
      "properties": {
        "FID": 952,
        "X": 54.434466999999998,
        "Y": 24.4335780587,
        "name": "محطة شارع سلطان بن زايد الأول/ عيادة الزعفرانة الطبية",
        "zones": "السعادة",
        "direction": "أ",
        "description": "شارع سلطان بن زايد الأول/ عيادة الزعفرانة الطبية",
        "stationType": 3,
        "regionCode": "AE-ABU-DHABI",
        "OBJECTID": 953,
        "landmark": ""
      }
    },
    {
      "type": "Feature",
      "id": 953,
      "geometry": {
        "type": "Point",
        "coordinates": [
          54.437343356000042,
          24.432715235000046,
          0
        ]
      },
      "properties": {
        "FID": 953,
        "X": 54.437342999999998,
        "Y": 24.4327152348,
        "name": "محطة شارع سلطان بن زايد/ برج المرجان",
        "zones": "السعادة",
        "direction": "ب",
        "description": "شارع سلطان بن زايد/ برج المرجان",
        "stationType": 3,
        "regionCode": "AE-ABU-DHABI",
        "OBJECTID": 954,
        "landmark": ""
      }
    },
    {
      "type": "Feature",
      "id": 954,
      "geometry": {
        "type": "Point",
        "coordinates": [
          54.436533046000079,
          24.433297201000073,
          0
        ]
      },
      "properties": {
        "FID": 954,
        "X": 54.436532999999997,
        "Y": 24.433297200799998,
        "name": "محطة شارع سلطان بن زايد/ برج المرجان",
        "zones": "السعادة",
        "direction": "أ",
        "description": "شارع سلطان بن زايد/ برج المرجان",
        "stationType": 3,
        "regionCode": "AE-ABU-DHABI",
        "OBJECTID": 955,
        "landmark": ""
      }
    },
    {
      "type": "Feature",
      "id": 955,
      "geometry": {
        "type": "Point",
        "coordinates": [
          54.438405787000079,
          24.426974777000055,
          0
        ]
      },
      "properties": {
        "FID": 955,
        "X": 54.438406000000001,
        "Y": 24.426974777200002,
        "name": "محطة شارع الشيخ راشد بن سعيد / منطقة السفارات",
        "zones": "الروضة",
        "direction": "ب",
        "description": "شارع الشيخ راشد بن سعيد / منطقة السفارات بجانب سفارة دولة الكويت",
        "stationType": 3,
        "regionCode": "AE-ABU-DHABI",
        "OBJECTID": 956,
        "landmark": ""
      }
    },
    {
      "type": "Feature",
      "id": 956,
      "geometry": {
        "type": "Point",
        "coordinates": [
          54.439793113000064,
          24.427106580000043,
          0
        ]
      },
      "properties": {
        "FID": 956,
        "X": 54.439793000000002,
        "Y": 24.427106580299998,
        "name": "محطة شارع الشيخ راشد بن سعيد / منطقة السفارات",
        "zones": "السعادة",
        "direction": "أ",
        "description": "شارع الشيخ راشد بن سعيد / منطقة السفارات بجانب سفارة دولة الكويت",
        "stationType": 3,
        "regionCode": "AE-ABU-DHABI",
        "OBJECTID": 957,
        "landmark": ""
      }
    },
    {
      "type": "Feature",
      "id": 957,
      "geometry": {
        "type": "Point",
        "coordinates": [
          54.444717986000057,
          24.422911632000023,
          0
        ]
      },
      "properties": {
        "FID": 957,
        "X": 54.444718000000002,
        "Y": 24.422911631600002,
        "name": "محطة شارع طنب الكبرى / دائرة الصحة",
        "zones": "الروضة",
        "direction": "أ",
        "description": "شارع طنب الكبرى امام دائرة الصحة",
        "stationType": 3,
        "regionCode": "AE-ABU-DHABI",
        "OBJECTID": 958,
        "landmark": ""
      }
    },
    {
      "type": "Feature",
      "id": 958,
      "geometry": {
        "type": "Point",
        "coordinates": [
          54.481070702000068,
          24.412148671000068,
          0
        ]
      },
      "properties": {
        "FID": 958,
        "X": 54.481071,
        "Y": 24.412148671099999,
        "name": "محطة فندق ريتز كارلتون أبوظبي القناة الكبرى",
        "zones": "خور المقطع",
        "direction": "أ",
        "description": "فندق ريتز كارلتون أبوظبي القناة الكبرى",
        "stationType": 3,
        "regionCode": "AE-ABU-DHABI",
        "OBJECTID": 959,
        "landmark": ""
      }
    },
    {
      "type": "Feature",
      "id": 959,
      "geometry": {
        "type": "Point",
        "coordinates": [
          54.479047364000053,
          24.416248881000058,
          0
        ]
      },
      "properties": {
        "FID": 959,
        "X": 54.479047000000001,
        "Y": 24.416248881000001,
        "name": "محطة وزارة الدفاع معسكر المقطع",
        "zones": "خور المقطع",
        "direction": "أ",
        "description": "وزارة الدفاع معسكر المقطع",
        "stationType": 3,
        "regionCode": "AE-ABU-DHABI",
        "OBJECTID": 960,
        "landmark": ""
      }
    },
    {
      "type": "Feature",
      "id": 960,
      "geometry": {
        "type": "Point",
        "coordinates": [
          54.475835202000042,
          24.40924530500007,
          0
        ]
      },
      "properties": {
        "FID": 960,
        "X": 54.475834999999996,
        "Y": 24.409245305399999,
        "name": "محطة جامع الشيخ زايد الكبير",
        "zones": "الروضة",
        "direction": "أ",
        "description": "جامع الشيخ زايد الكبير",
        "stationType": 3,
        "regionCode": "AE-ABU-DHABI",
        "OBJECTID": 961,
        "landmark": ""
      }
    },
    {
      "type": "Feature",
      "id": 961,
      "geometry": {
        "type": "Point",
        "coordinates": [
          54.371726875000036,
          24.444567505000066,
          0
        ]
      },
      "properties": {
        "FID": 961,
        "X": 54.371727,
        "Y": 24.4445675051,
        "name": "محطة السعاده جروب",
        "zones": "المشرف",
        "direction": "أ",
        "description": "السعاده جروب",
        "stationType": 3,
        "regionCode": "AE-ABU-DHABI",
        "OBJECTID": 962,
        "landmark": ""
      }
    },
    {
      "type": "Feature",
      "id": 962,
      "geometry": {
        "type": "Point",
        "coordinates": [
          54.371277725000027,
          24.442456759000038,
          0
        ]
      },
      "properties": {
        "FID": 962,
        "X": 54.371277999999997,
        "Y": 24.442456759100001,
        "name": "محطة حضانة بريتش هوم أبوظبي / السعاده جروب",
        "zones": "المشرف",
        "direction": "أ",
        "description": "حضانة بريتش هوم أبوظبي و السعاده جروب",
        "stationType": 3,
        "regionCode": "AE-ABU-DHABI",
        "OBJECTID": 963,
        "landmark": ""
      }
    },
    {
      "type": "Feature",
      "id": 963,
      "geometry": {
        "type": "Point",
        "coordinates": [
          54.447356230000082,
          24.439735220000046,
          0
        ]
      },
      "properties": {
        "FID": 963,
        "X": 54.447355999999999,
        "Y": 24.439735220399999,
        "name": "محطة مجمع حدائق أوريكس",
        "zones": "المنتزه",
        "direction": "أ",
        "description": "امام مجمع حدائق أوريكس",
        "stationType": 3,
        "regionCode": "AE-ABU-DHABI",
        "OBJECTID": 964,
        "landmark": ""
      }
    },
    {
      "type": "Feature",
      "id": 964,
      "geometry": {
        "type": "Point",
        "coordinates": [
          54.446194696000077,
          24.44208939400005,
          0
        ]
      },
      "properties": {
        "FID": 964,
        "X": 54.446195000000003,
        "Y": 24.4420893944,
        "name": "محطة حضانة جلوبال مونتيسوري أبو ظبي",
        "zones": "المنتزه",
        "direction": "أ",
        "description": "حضانة جلوبال مونتيسوري ابو ظبي",
        "stationType": 3,
        "regionCode": "AE-ABU-DHABI",
        "OBJECTID": 965,
        "landmark": ""
      }
    },
    {
      "type": "Feature",
      "id": 965,
      "geometry": {
        "type": "Point",
        "coordinates": [
          54.456410779000066,
          24.435122183000033,
          0
        ]
      },
      "properties": {
        "FID": 965,
        "X": 54.456411000000003,
        "Y": 24.435122183099999,
        "name": "محطة شارع المروج / قرية السيف للتسوق",
        "zones": "المنتزه",
        "direction": "أ",
        "description": "شارع المروج / قرية السيف للتسوق",
        "stationType": 3,
        "regionCode": "AE-ABU-DHABI",
        "OBJECTID": 966,
        "landmark": ""
      }
    },
    {
      "type": "Feature",
      "id": 966,
      "geometry": {
        "type": "Point",
        "coordinates": [
          54.455087037000055,
          24.433782129000065,
          0
        ]
      },
      "properties": {
        "FID": 966,
        "X": 54.455086999999999,
        "Y": 24.433782129200001,
        "name": "محطة شارع المروج / قرية المقطع",
        "zones": "المنتزه",
        "direction": "أ",
        "description": "شارع المروج /  قرية المقطع",
        "stationType": 3,
        "regionCode": "AE-ABU-DHABI",
        "OBJECTID": 967,
        "landmark": ""
      }
    },
    {
      "type": "Feature",
      "id": 967,
      "geometry": {
        "type": "Point",
        "coordinates": [
          54.453317747000028,
          24.435972701000026,
          0
        ]
      },
      "properties": {
        "FID": 967,
        "X": 54.453318000000003,
        "Y": 24.435972701099999,
        "name": "محطة مجمع البستان",
        "zones": "المنتزه",
        "direction": "أ",
        "description": "مجمع البستان",
        "stationType": 3,
        "regionCode": "AE-ABU-DHABI",
        "OBJECTID": 968,
        "landmark": ""
      }
    },
    {
      "type": "Feature",
      "id": 968,
      "geometry": {
        "type": "Point",
        "coordinates": [
          54.452068158000031,
          24.434868544000039,
          0
        ]
      },
      "properties": {
        "FID": 968,
        "X": 54.452067999999997,
        "Y": 24.4348685438,
        "name": "محطة مجمع البستان",
        "zones": "المنتزه",
        "direction": "ب",
        "description": "مجمع البستان",
        "stationType": 3,
        "regionCode": "AE-ABU-DHABI",
        "OBJECTID": 969,
        "landmark": ""
      }
    },
    {
      "type": "Feature",
      "id": 969,
      "geometry": {
        "type": "Point",
        "coordinates": [
          54.450978129000077,
          24.43563541900005,
          0
        ]
      },
      "properties": {
        "FID": 969,
        "X": 54.450977999999999,
        "Y": 24.435635419499999,
        "name": "محطة مجمع حدائق القرم ابو ظبي",
        "zones": "المنتزه",
        "direction": "أ",
        "description": "حدائق القرم",
        "stationType": 3,
        "regionCode": "AE-ABU-DHABI",
        "OBJECTID": 970,
        "landmark": ""
      }
    },
    {
      "type": "Feature",
      "id": 970,
      "geometry": {
        "type": "Point",
        "coordinates": [
          54.450525948000063,
          24.438019645000054,
          0
        ]
      },
      "properties": {
        "FID": 970,
        "X": 54.450526000000004,
        "Y": 24.438019645400001,
        "name": "محطة مجمع ام بي كي",
        "zones": "المنتزه",
        "direction": "أ",
        "description": "مجمع ام بي كي",
        "stationType": 3,
        "regionCode": "AE-ABU-DHABI",
        "OBJECTID": 971,
        "landmark": ""
      }
    },
    {
      "type": "Feature",
      "id": 971,
      "geometry": {
        "type": "Point",
        "coordinates": [
          54.451068532000079,
          24.439472931000068,
          0
        ]
      },
      "properties": {
        "FID": 971,
        "X": 54.451068999999997,
        "Y": 24.439472930899999,
        "name": "محطة مجمع الظبي",
        "zones": "المنتزه",
        "direction": "أ",
        "description": "مجمع الظبي",
        "stationType": 3,
        "regionCode": "AE-ABU-DHABI",
        "OBJECTID": 972,
        "landmark": ""
      }
    },
    {
      "type": "Feature",
      "id": 972,
      "geometry": {
        "type": "Point",
        "coordinates": [
          54.457089927000027,
          24.43763377700003,
          0
        ]
      },
      "properties": {
        "FID": 972,
        "X": 54.457090000000001,
        "Y": 24.437633776599998,
        "name": "محطة مجمع القرم",
        "zones": "المنتزه",
        "direction": "أ",
        "description": "مجمع القرم",
        "stationType": 3,
        "regionCode": "AE-ABU-DHABI",
        "OBJECTID": 973,
        "landmark": ""
      }
    },
    {
      "type": "Feature",
      "id": 973,
      "geometry": {
        "type": "Point",
        "coordinates": [
          54.458996931000058,
          24.430047988000069,
          0
        ]
      },
      "properties": {
        "FID": 973,
        "X": 54.458996999999997,
        "Y": 24.430047988199998,
        "name": "محطة مجمع حدائق بلووم",
        "zones": "المنتزه",
        "direction": "أ",
        "description": "مجمع حدائق بلووم",
        "stationType": 3,
        "regionCode": "AE-ABU-DHABI",
        "OBJECTID": 974,
        "landmark": ""
      }
    },
    {
      "type": "Feature",
      "id": 974,
      "geometry": {
        "type": "Point",
        "coordinates": [
          54.461947629000065,
          24.432850446000032,
          0
        ]
      },
      "properties": {
        "FID": 974,
        "X": 54.461948,
        "Y": 24.432850445500002,
        "name": "محطة مجمع حدائق بلووم",
        "zones": "المنتزه",
        "direction": "ب",
        "description": "مجمع حدائق بلووم",
        "stationType": 3,
        "regionCode": "AE-ABU-DHABI",
        "OBJECTID": 975,
        "landmark": ""
      }
    },
    {
      "type": "Feature",
      "id": 975,
      "geometry": {
        "type": "Point",
        "coordinates": [
          54.462769708000053,
          24.429705173000059,
          0
        ]
      },
      "properties": {
        "FID": 975,
        "X": 54.462769999999999,
        "Y": 24.429705173399999,
        "name": "محطة هيئه ابوظبي للاسكان",
        "zones": "المنتزه",
        "direction": "أ",
        "description": "هيئه ابوظبي للاسكان",
        "stationType": 3,
        "regionCode": "AE-ABU-DHABI",
        "OBJECTID": 976,
        "landmark": ""
      }
    },
    {
      "type": "Feature",
      "id": 976,
      "geometry": {
        "type": "Point",
        "coordinates": [
          54.464370024000061,
          24.429542472000037,
          0
        ]
      },
      "properties": {
        "FID": 976,
        "X": 54.464370000000002,
        "Y": 24.429542472200001,
        "name": "محطة دائرة تنمية المجتمع",
        "zones": "المنتزه",
        "direction": "أ",
        "description": "دائرة تنمية المجتمع",
        "stationType": 3,
        "regionCode": "AE-ABU-DHABI",
        "OBJECTID": 977,
        "landmark": ""
      }
    },
    {
      "type": "Feature",
      "id": 977,
      "geometry": {
        "type": "Point",
        "coordinates": [
          54.463862762000076,
          24.428288389000045,
          0
        ]
      },
      "properties": {
        "FID": 977,
        "X": 54.463863000000003,
        "Y": 24.4282883885,
        "name": "محطة شارع بطي بالطحينة المهيري / المدخل الرئيسي لحديقة خليفة",
        "zones": "المنتزه",
        "direction": "أ",
        "description": "شارع بطي بالطحينة المهيري / المدخل الرئيسي لحديقة خليفة",
        "stationType": 3,
        "regionCode": "AE-ABU-DHABI",
        "OBJECTID": 978,
        "landmark": ""
      }
    },
    {
      "type": "Feature",
      "id": 978,
      "geometry": {
        "type": "Point",
        "coordinates": [
          54.464023510000061,
          24.42813764400006,
          0
        ]
      },
      "properties": {
        "FID": 978,
        "X": 54.464024000000002,
        "Y": 24.428137643700001,
        "name": "محطة شارع بطي بالطحينة المهيري / المدخل الرئيسي لحديقة خليفة",
        "zones": "المنتزه",
        "direction": "ب",
        "description": "شارع بطي بالطحينة المهيري / المدخل الرئيسي لحديقة خليفة",
        "stationType": 3,
        "regionCode": "AE-ABU-DHABI",
        "OBJECTID": 979,
        "landmark": ""
      }
    },
    {
      "type": "Feature",
      "id": 979,
      "geometry": {
        "type": "Point",
        "coordinates": [
          54.465433314000052,
          24.428134202000024,
          0
        ]
      },
      "properties": {
        "FID": 979,
        "X": 54.465432999999997,
        "Y": 24.428134201599999,
        "name": "محطة بنك أبوظبي الأول أعمال الفروع الرئيسية",
        "zones": "المنتزه",
        "direction": "أ",
        "description": "بنك أبوظبي الأول أعمال الفروع الرئيسية",
        "stationType": 3,
        "regionCode": "AE-ABU-DHABI",
        "OBJECTID": 980,
        "landmark": ""
      }
    },
    {
      "type": "Feature",
      "id": 980,
      "geometry": {
        "type": "Point",
        "coordinates": [
          54.472900842000058,
          24.421959053000023,
          0
        ]
      },
      "properties": {
        "FID": 980,
        "X": 54.472901,
        "Y": 24.421959053399998,
        "name": "محطة جهاز أبوظبي للمحاسبة / حديقة خليفة",
        "zones": "المنتزه",
        "direction": "أ",
        "description": "جهاز أبوظبي للمحاسبة / حديقة خليفة",
        "stationType": 3,
        "regionCode": "AE-ABU-DHABI",
        "OBJECTID": 981,
        "landmark": ""
      }
    },
    {
      "type": "Feature",
      "id": 981,
      "geometry": {
        "type": "Point",
        "coordinates": [
          54.473809815000038,
          24.424330016000056,
          0
        ]
      },
      "properties": {
        "FID": 981,
        "X": 54.47381,
        "Y": 24.424330016300001,
        "name": "محطة شارع بطي بالطحينة المهيري / منتزه خليفة - مجمع فندق روتانا",
        "zones": "المنتزه",
        "direction": "أ",
        "description": "شارع بطي بالطحينة المهيري / منتزه خليفة - مجمع فندق روتانا",
        "stationType": 3,
        "regionCode": "AE-ABU-DHABI",
        "OBJECTID": 982,
        "landmark": ""
      }
    },
    {
      "type": "Feature",
      "id": 982,
      "geometry": {
        "type": "Point",
        "coordinates": [
          54.472719467000047,
          24.422651022000025,
          0
        ]
      },
      "properties": {
        "FID": 982,
        "X": 54.472718999999998,
        "Y": 24.4226510224,
        "name": "محطة شارع بطي بالطحينة المهيري / منتزه خليفة - مجمع فندق روتانا",
        "zones": "المنتزه",
        "direction": "ب",
        "description": "شارع بطي بالطحينة المهيري / منتزه خليفة - مجمع فندق روتانا",
        "stationType": 3,
        "regionCode": "AE-ABU-DHABI",
        "OBJECTID": 983,
        "landmark": ""
      }
    },
    {
      "type": "Feature",
      "id": 983,
      "geometry": {
        "type": "Point",
        "coordinates": [
          54.562122399000032,
          24.399584774000061,
          0
        ]
      },
      "properties": {
        "FID": 983,
        "X": 54.562122000000002,
        "Y": 24.399584773699999,
        "name": "محطة شارع أحمد بن سيف الفلاحي/ مسجد عبد الله علي الهاشلي",
        "zones": "مدينة خليفة",
        "direction": "أ",
        "description": "شارع أحمد بن سيف الفلاحي/ مسجد عبد الله علي الهاشلي",
        "stationType": 3,
        "regionCode": "AE-ABU-DHABI",
        "OBJECTID": 984,
        "landmark": ""
      }
    },
    {
      "type": "Feature",
      "id": 984,
      "geometry": {
        "type": "Point",
        "coordinates": [
          54.566910001000053,
          24.399210488000051,
          0
        ]
      },
      "properties": {
        "FID": 984,
        "X": 54.56691,
        "Y": 24.3992104881,
        "name": "محطة شارع الص\u0651\u064Fن\u0651\u064Eاع / قطاع البنيه التحتيه واصول البلديه",
        "zones": "مدينة خليفة",
        "direction": "أ",
        "description": "شارع الص\u0651\u064Fن\u0651\u064Eاع / قطاع البنيه التحتيه واصول البلديه",
        "stationType": 3,
        "regionCode": "AE-ABU-DHABI",
        "OBJECTID": 985,
        "landmark": ""
      }
    },
    {
      "type": "Feature",
      "id": 985,
      "geometry": {
        "type": "Point",
        "coordinates": [
          54.566622347000077,
          24.399305154000047,
          0
        ]
      },
      "properties": {
        "FID": 985,
        "X": 54.566622000000002,
        "Y": 24.399305154499999,
        "name": "محطة شارع الص\u0651\u064Fن\u0651\u064Eاع / قطاع البنيه التحتيه واصول البلديه",
        "zones": "مدينة خليفة",
        "direction": "ب",
        "description": "شارع الص\u0651\u064Fن\u0651\u064Eاع / قطاع البنيه التحتيه واصول البلديه",
        "stationType": 3,
        "regionCode": "AE-ABU-DHABI",
        "OBJECTID": 986,
        "landmark": ""
      }
    },
    {
      "type": "Feature",
      "id": 986,
      "geometry": {
        "type": "Point",
        "coordinates": [
          54.578260936000049,
          24.401477637000028,
          0
        ]
      },
      "properties": {
        "FID": 986,
        "X": 54.578260999999998,
        "Y": 24.401477636599999,
        "name": "محطة هيئة أبوظبي للدفاع المدني",
        "zones": "مدينة خليفة",
        "direction": "أ",
        "description": "هيئة أبوظبي للدفاع المدني",
        "stationType": 3,
        "regionCode": "AE-ABU-DHABI",
        "OBJECTID": 987,
        "landmark": ""
      }
    },
    {
      "type": "Feature",
      "id": 987,
      "geometry": {
        "type": "Point",
        "coordinates": [
          54.577671357000042,
          24.400348921000045,
          0
        ]
      },
      "properties": {
        "FID": 987,
        "X": 54.577671000000002,
        "Y": 24.400348920599999,
        "name": "محطة هيئة أبوظبي للدفاع المدني",
        "zones": "مدينة خليفة",
        "direction": "ب",
        "description": "هيئة أبوظبي للدفاع المدني",
        "stationType": 3,
        "regionCode": "AE-ABU-DHABI",
        "OBJECTID": 988,
        "landmark": ""
      }
    },
    {
      "type": "Feature",
      "id": 988,
      "geometry": {
        "type": "Point",
        "coordinates": [
          54.587449102000051,
          24.403465780000033,
          0
        ]
      },
      "properties": {
        "FID": 988,
        "X": 54.587448999999999,
        "Y": 24.403465779800001,
        "name": "محطة مدرسة الإتحاد الوطنية الخاصة",
        "zones": "مدينة خليفة",
        "direction": "أ",
        "description": "مدرسة الإتحاد الوطنية الخاصة",
        "stationType": 3,
        "regionCode": "AE-ABU-DHABI",
        "OBJECTID": 989,
        "landmark": ""
      }
    },
    {
      "type": "Feature",
      "id": 989,
      "geometry": {
        "type": "Point",
        "coordinates": [
          54.584318524000082,
          24.40377690300005,
          0
        ]
      },
      "properties": {
        "FID": 989,
        "X": 54.584319000000001,
        "Y": 24.403776903299999,
        "name": "محطة مدرسة الإتحاد الوطنية الخاصة",
        "zones": "مدينة خليفة",
        "direction": "ب",
        "description": "مدرسة الإتحاد الوطنية الخاصة",
        "stationType": 3,
        "regionCode": "AE-ABU-DHABI",
        "OBJECTID": 990,
        "landmark": ""
      }
    },
    {
      "type": "Feature",
      "id": 990,
      "geometry": {
        "type": "Point",
        "coordinates": [
          54.596825916000057,
          24.406440270000076,
          0
        ]
      },
      "properties": {
        "FID": 990,
        "X": 54.596826,
        "Y": 24.406440270099999,
        "name": "محطة شارع الكندي بن مصبح المرر/ حديقة بينونة",
        "zones": "مدينة خليفة",
        "direction": "أ",
        "description": "شارع الكندي بن مصبح المرر/ حديقة بينونة",
        "stationType": 3,
        "regionCode": "AE-ABU-DHABI",
        "OBJECTID": 991,
        "landmark": ""
      }
    },
    {
      "type": "Feature",
      "id": 991,
      "geometry": {
        "type": "Point",
        "coordinates": [
          54.592812052000056,
          24.406024442000046,
          0
        ]
      },
      "properties": {
        "FID": 991,
        "X": 54.592812000000002,
        "Y": 24.406024441700001,
        "name": "محطة شارع الن\u0651\u064Fو\u0651\u064Eارة / مسجد السيدة خديجة عليها السلام",
        "zones": "مدينة خليفة",
        "direction": "أ",
        "description": "شارع الن\u0651\u064Fو\u0651\u064Eارة / مسجد السيدة خديجة عليها السلام",
        "stationType": 3,
        "regionCode": "AE-ABU-DHABI",
        "OBJECTID": 992,
        "landmark": ""
      }
    },
    {
      "type": "Feature",
      "id": 992,
      "geometry": {
        "type": "Point",
        "coordinates": [
          54.593756555000027,
          24.404559112000072,
          0
        ]
      },
      "properties": {
        "FID": 992,
        "X": 54.593756999999997,
        "Y": 24.404559112000001,
        "name": "محطة شارع بطي بن محمد القبيسي / مدينة خليفة حلونجي نابلس",
        "zones": "مدينة خليفة",
        "direction": "أ",
        "description": "شارع بطي بن محمد القبيسي / مدينة خليفة حلونجي نابلس",
        "stationType": 3,
        "regionCode": "AE-ABU-DHABI",
        "OBJECTID": 993,
        "landmark": ""
      }
    },
    {
      "type": "Feature",
      "id": 993,
      "geometry": {
        "type": "Point",
        "coordinates": [
          54.593095474000052,
          24.404593732000023,
          0
        ]
      },
      "properties": {
        "FID": 993,
        "X": 54.593094999999998,
        "Y": 24.4045937323,
        "name": "محطة شارع بطي بن محمد القبيسي / مدينة خليفة حلونجي نابلس",
        "zones": "مدينة خليفة",
        "direction": "ب",
        "description": "شارع بطي بن محمد القبيسي / مدينة خليفة حلونجي نابلس",
        "stationType": 3,
        "regionCode": "AE-ABU-DHABI",
        "OBJECTID": 994,
        "landmark": ""
      }
    },
    {
      "type": "Feature",
      "id": 994,
      "geometry": {
        "type": "Point",
        "coordinates": [
          54.603750769000044,
          24.406694504000029,
          0
        ]
      },
      "properties": {
        "FID": 994,
        "X": 54.603751000000003,
        "Y": 24.406694504400001,
        "name": "محطة شارع بطي بن محمد القبيسي/ أدنوك",
        "zones": "مدينة خليفة",
        "direction": "أ",
        "description": "شارع بطي بن محمد القبيسي/ أدنوك",
        "stationType": 3,
        "regionCode": "AE-ABU-DHABI",
        "OBJECTID": 995,
        "landmark": ""
      }
    },
    {
      "type": "Feature",
      "id": 995,
      "geometry": {
        "type": "Point",
        "coordinates": [
          54.600255807000053,
          24.40750567200007,
          0
        ]
      },
      "properties": {
        "FID": 995,
        "X": 54.600256000000002,
        "Y": 24.407505672399999,
        "name": "محطة شارع الم\u064Eوص\u064Fول / مسجد الرسالة",
        "zones": "مدينة خليفة",
        "direction": "أ",
        "description": "شارع الم\u064Eوص\u064Fول / مسجد الرسالة",
        "stationType": 3,
        "regionCode": "AE-ABU-DHABI",
        "OBJECTID": 996,
        "landmark": ""
      }
    },
    {
      "type": "Feature",
      "id": 996,
      "geometry": {
        "type": "Point",
        "coordinates": [
          54.580584896000062,
          24.434668981000073,
          0
        ]
      },
      "properties": {
        "FID": 996,
        "X": 54.580584999999999,
        "Y": 24.434668980800001,
        "name": "محطة شارع المريف/ مركز شرطة مدينة خليفة",
        "zones": "مدينة خليفة",
        "direction": "أ",
        "description": "شارع المريف/ مركز شرطة مدينة خليفة",
        "stationType": 3,
        "regionCode": "AE-ABU-DHABI",
        "OBJECTID": 997,
        "landmark": ""
      }
    },
    {
      "type": "Feature",
      "id": 997,
      "geometry": {
        "type": "Point",
        "coordinates": [
          54.579820546000064,
          24.433907554000029,
          0
        ]
      },
      "properties": {
        "FID": 997,
        "X": 54.579821000000003,
        "Y": 24.433907553899999,
        "name": "محطة شارع المريف/ مركز شرطة مدينة خليفة",
        "zones": "مدينة خليفة",
        "direction": "ب",
        "description": "شارع المريف/ مركز شرطة مدينة خليفة",
        "stationType": 3,
        "regionCode": "AE-ABU-DHABI",
        "OBJECTID": 998,
        "landmark": ""
      }
    },
    {
      "type": "Feature",
      "id": 998,
      "geometry": {
        "type": "Point",
        "coordinates": [
          54.583938398000043,
          24.43563427600003,
          0
        ]
      },
      "properties": {
        "FID": 998,
        "X": 54.583938000000003,
        "Y": 24.4356342761,
        "name": "محطة شارع المريف / مسجد سعيد محمد الكليلي",
        "zones": "مدينة خليفة",
        "direction": "أ",
        "description": "شارع المريف / مسجد سعيد محمد الكليلي",
        "stationType": 3,
        "regionCode": "AE-ABU-DHABI",
        "OBJECTID": 999,
        "landmark": ""
      }
    },
    {
      "type": "Feature",
      "id": 999,
      "geometry": {
        "type": "Point",
        "coordinates": [
          54.588972865000073,
          24.43738453900005,
          0
        ]
      },
      "properties": {
        "FID": 999,
        "X": 54.588973000000003,
        "Y": 24.437384539,
        "name": "محطة شارع المريف/ ميديكلينيك",
        "zones": "مدينة خليفة",
        "direction": "أ",
        "description": "شارع المريف/ ميديكلينيك",
        "stationType": 3,
        "regionCode": "AE-ABU-DHABI",
        "OBJECTID": 1000,
        "landmark": ""
      }
    },
    {
      "type": "Feature",
      "id": 1000,
      "geometry": {
        "type": "Point",
        "coordinates": [
          54.591709319000074,
          24.438141245000054,
          0
        ]
      },
      "properties": {
        "FID": 1000,
        "X": 54.591709000000002,
        "Y": 24.438141245200001,
        "name": "محطة شارع المريف/ ميديكلينيك",
        "zones": "مدينة خليفة",
        "direction": "ب",
        "description": "شارع المريف/ ميديكلينيك",
        "stationType": 3,
        "regionCode": "AE-ABU-DHABI",
        "OBJECTID": 1001,
        "landmark": ""
      }
    },
    {
      "type": "Feature",
      "id": 1001,
      "geometry": {
        "type": "Point",
        "coordinates": [
          54.595469812000033,
          24.439491890000056,
          0
        ]
      },
      "properties": {
        "FID": 1001,
        "X": 54.595469999999999,
        "Y": 24.439491890500001,
        "name": "محطة شارع المريف/ شارع البندر",
        "zones": "مدينة خليفة",
        "direction": "أ",
        "description": "شارع المريف/ شارع البندر",
        "stationType": 3,
        "regionCode": "AE-ABU-DHABI",
        "OBJECTID": 1002,
        "landmark": ""
      }
    },
    {
      "type": "Feature",
      "id": 1002,
      "geometry": {
        "type": "Point",
        "coordinates": [
          54.597544816000038,
          24.439777622000065,
          0
        ]
      },
      "properties": {
        "FID": 1002,
        "X": 54.597544999999997,
        "Y": 24.439777621699999,
        "name": "محطة شارع المريف/ شارع البندر",
        "zones": "مدينة خليفة",
        "direction": "ب",
        "description": "شارع المريف/ شارع البندر",
        "stationType": 3,
        "regionCode": "AE-ABU-DHABI",
        "OBJECTID": 1003,
        "landmark": ""
      }
    },
    {
      "type": "Feature",
      "id": 1003,
      "geometry": {
        "type": "Point",
        "coordinates": [
          54.584716617000026,
          24.433083195000052,
          0
        ]
      },
      "properties": {
        "FID": 1003,
        "X": 54.584716999999998,
        "Y": 24.433083195199998,
        "name": "محطة شارع الخياي / مدرسة الشهوب الخاصة",
        "zones": "مدينة خليفة",
        "direction": "أ",
        "description": "شارع الخياي / مدرسة الشهوب الخاصة",
        "stationType": 3,
        "regionCode": "AE-ABU-DHABI",
        "OBJECTID": 1004,
        "landmark": ""
      }
    },
    {
      "type": "Feature",
      "id": 1004,
      "geometry": {
        "type": "Point",
        "coordinates": [
          54.588714619000029,
          24.431784005000054,
          0
        ]
      },
      "properties": {
        "FID": 1004,
        "X": 54.588715000000001,
        "Y": 24.431784004899999,
        "name": "محطة شارع أحمد بن كليب الهاملي / مسجد حمزة محمد صالح أميري",
        "zones": "مدينة خليفة",
        "direction": "أ",
        "description": "شارع أحمد بن كليب الهاملي / مسجد حمزة محمد صالح أميري",
        "stationType": 3,
        "regionCode": "AE-ABU-DHABI",
        "OBJECTID": 1005,
        "landmark": ""
      }
    },
    {
      "type": "Feature",
      "id": 1005,
      "geometry": {
        "type": "Point",
        "coordinates": [
          54.590565090000041,
          24.432463408000046,
          0
        ]
      },
      "properties": {
        "FID": 1005,
        "X": 54.590564999999998,
        "Y": 24.4324634084,
        "name": "محطة شارع أحمد بن كليب الهاملي / مسجد حمزة محمد صالح أميري",
        "zones": "مدينة خليفة",
        "direction": "ب",
        "description": "شارع أحمد بن كليب الهاملي / مسجد حمزة محمد صالح أميري",
        "stationType": 3,
        "regionCode": "AE-ABU-DHABI",
        "OBJECTID": 1006,
        "landmark": ""
      }
    },
    {
      "type": "Feature",
      "id": 1006,
      "geometry": {
        "type": "Point",
        "coordinates": [
          54.593107930000031,
          24.434065489000034,
          0
        ]
      },
      "properties": {
        "FID": 1006,
        "X": 54.593108000000001,
        "Y": 24.434065489200002,
        "name": "محطة شارع الخلد / حديقة الفرح مدينة خليفة",
        "zones": "مدينة خليفة",
        "direction": "أ",
        "description": "شارع الخلد / حديقة الفرح مدينة خليفة",
        "stationType": 3,
        "regionCode": "AE-ABU-DHABI",
        "OBJECTID": 1007,
        "landmark": ""
      }
    },
    {
      "type": "Feature",
      "id": 1007,
      "geometry": {
        "type": "Point",
        "coordinates": [
          54.598947318000057,
          24.434447177000038,
          0
        ]
      },
      "properties": {
        "FID": 1007,
        "X": 54.598947000000003,
        "Y": 24.434447177100001,
        "name": "محطة شارع الخ\u064Eيل / مسجد الحق",
        "zones": "مدينة خليفة",
        "direction": "أ",
        "description": "شارع الخ\u064Eيل / مسجد الحق",
        "stationType": 3,
        "regionCode": "AE-ABU-DHABI",
        "OBJECTID": 1008,
        "landmark": ""
      }
    },
    {
      "type": "Feature",
      "id": 1008,
      "geometry": {
        "type": "Point",
        "coordinates": [
          54.593262314000071,
          24.426973117000045,
          0
        ]
      },
      "properties": {
        "FID": 1008,
        "X": 54.593262000000003,
        "Y": 24.426973116900001,
        "name": "محطة شارع الم\u064Eنص\u064Fورة / مسجد الباسط",
        "zones": "مدينة خليفة",
        "direction": "أ",
        "description": "شارع الم\u064Eنص\u064Fورة / مسجد الباسط",
        "stationType": 3,
        "regionCode": "AE-ABU-DHABI",
        "OBJECTID": 1009,
        "landmark": ""
      }
    },
    {
      "type": "Feature",
      "id": 1009,
      "geometry": {
        "type": "Point",
        "coordinates": [
          54.606132750000029,
          24.412626558000056,
          0
        ]
      },
      "properties": {
        "FID": 1009,
        "X": 54.606133,
        "Y": 24.412626558100001,
        "name": "محطة شارع الت\u0651\u064Eسهيل / مسجد محمد علي البستكي",
        "zones": "مدينة خليفة",
        "direction": "أ",
        "description": "شارع الت\u0651\u064Eسهيل / مسجد محمد علي البستكي",
        "stationType": 3,
        "regionCode": "AE-ABU-DHABI",
        "OBJECTID": 1010,
        "landmark": ""
      }
    },
    {
      "type": "Feature",
      "id": 1010,
      "geometry": {
        "type": "Point",
        "coordinates": [
          54.607974100000035,
          24.41168983600005,
          0
        ]
      },
      "properties": {
        "FID": 1010,
        "X": 54.607973999999999,
        "Y": 24.411689835499999,
        "name": "محطة شارع الت\u0651\u064Eسهيل / مسجد محمد علي البستكي",
        "zones": "مدينة خليفة",
        "direction": "ب",
        "description": "شارع الت\u0651\u064Eسهيل / مسجد محمد علي البستكي",
        "stationType": 3,
        "regionCode": "AE-ABU-DHABI",
        "OBJECTID": 1011,
        "landmark": ""
      }
    },
    {
      "type": "Feature",
      "id": 1011,
      "geometry": {
        "type": "Point",
        "coordinates": [
          54.604504515000031,
          24.426808595000068,
          0
        ]
      },
      "properties": {
        "FID": 1011,
        "X": 54.604505000000003,
        "Y": 24.426808594600001,
        "name": "محطة شارع الق\u064Fدرة / شارع الت\u0651\u064Eواضع",
        "zones": "مدينة خليفة",
        "direction": "أ",
        "description": "شارع الق\u064Fدرة / شارع الت\u0651\u064Eواضع",
        "stationType": 3,
        "regionCode": "AE-ABU-DHABI",
        "OBJECTID": 1012,
        "landmark": ""
      }
    },
    {
      "type": "Feature",
      "id": 1012,
      "geometry": {
        "type": "Point",
        "coordinates": [
          54.601562254000044,
          24.425994707000029,
          0
        ]
      },
      "properties": {
        "FID": 1012,
        "X": 54.601562000000001,
        "Y": 24.425994707000001,
        "name": "محطة شارع الق\u064Fدرة  / شارع الت\u0651\u064Eراضي",
        "zones": "مدينة خليفة",
        "direction": "أ",
        "description": "شارع الق\u064Fدرة  / شارع الت\u0651\u064Eراضي",
        "stationType": 3,
        "regionCode": "AE-ABU-DHABI",
        "OBJECTID": 1013,
        "landmark": ""
      }
    },
    {
      "type": "Feature",
      "id": 1013,
      "geometry": {
        "type": "Point",
        "coordinates": [
          54.596359215000064,
          24.430028198000059,
          0
        ]
      },
      "properties": {
        "FID": 1013,
        "X": 54.596359,
        "Y": 24.430028198199999,
        "name": "محطة شارع الهيم / شارع الج\u064Eودة",
        "zones": "مدينة خليفة",
        "direction": "أ",
        "description": "شارع الهيم / شارع الج\u064Eودة",
        "stationType": 3,
        "regionCode": "AE-ABU-DHABI",
        "OBJECTID": 1014,
        "landmark": ""
      }
    },
    {
      "type": "Feature",
      "id": 1014,
      "geometry": {
        "type": "Point",
        "coordinates": [
          54.604199073000075,
          24.420015786000079,
          0
        ]
      },
      "properties": {
        "FID": 1014,
        "X": 54.604199000000001,
        "Y": 24.420015786499999,
        "name": "محطة شارع س\u064Eرم\u064Eد / جامع القيوم",
        "zones": "مدينة خليفة",
        "direction": "أ",
        "description": "شارع س\u064Eرم\u064Eد / جامع القيوم",
        "stationType": 3,
        "regionCode": "AE-ABU-DHABI",
        "OBJECTID": 1015,
        "landmark": ""
      }
    },
    {
      "type": "Feature",
      "id": 1015,
      "geometry": {
        "type": "Point",
        "coordinates": [
          54.619160132000047,
          24.42600195600005,
          0
        ]
      },
      "properties": {
        "FID": 1015,
        "X": 54.619160000000001,
        "Y": 24.426001955899999,
        "name": "محطة شارع الابداع / مكتب ارينا الرئيسي",
        "zones": "مدينة خليفة",
        "direction": "أ",
        "description": "شارع الابداع / مكتب ارينا الرئيسي",
        "stationType": 3,
        "regionCode": "AE-ABU-DHABI",
        "OBJECTID": 1016,
        "landmark": ""
      }
    },
    {
      "type": "Feature",
      "id": 1016,
      "geometry": {
        "type": "Point",
        "coordinates": [
          54.620110125000053,
          24.427388954000037,
          0
        ]
      },
      "properties": {
        "FID": 1016,
        "X": 54.620109999999997,
        "Y": 24.427388954000001,
        "name": "محطة شارع الابداع / مكتب ارينا الرئيسي",
        "zones": "مدينة خليفة",
        "direction": "ب",
        "description": "شارع الابداع / مكتب ارينا الرئيسي",
        "stationType": 3,
        "regionCode": "AE-ABU-DHABI",
        "OBJECTID": 1017,
        "landmark": ""
      }
    },
    {
      "type": "Feature",
      "id": 1017,
      "geometry": {
        "type": "Point",
        "coordinates": [
          54.62115527800006,
          24.428434432000074,
          0
        ]
      },
      "properties": {
        "FID": 1017,
        "X": 54.621155000000002,
        "Y": 24.428434432300001,
        "name": "محطة شارع الإبداع / ماي سيتي سنتر مول",
        "zones": "مدينة خليفة",
        "direction": "أ",
        "description": "شارع الإبداع / ماي سيتي سنتر مول",
        "stationType": 3,
        "regionCode": "AE-ABU-DHABI",
        "OBJECTID": 1018,
        "landmark": ""
      }
    },
    {
      "type": "Feature",
      "id": 1018,
      "geometry": {
        "type": "Point",
        "coordinates": [
          54.622162924000065,
          24.429903566000064,
          0
        ]
      },
      "properties": {
        "FID": 1018,
        "X": 54.622163,
        "Y": 24.429903566,
        "name": "محطة شارع الإبداع / ماي سيتي سنتر مول",
        "zones": "مدينة خليفة",
        "direction": "ب",
        "description": "شارع الإبداع / ماي سيتي سنتر مول",
        "stationType": 3,
        "regionCode": "AE-ABU-DHABI",
        "OBJECTID": 1019,
        "landmark": ""
      }
    },
    {
      "type": "Feature",
      "id": 1019,
      "geometry": {
        "type": "Point",
        "coordinates": [
          54.623743154000067,
          24.431860104000066,
          0
        ]
      },
      "properties": {
        "FID": 1019,
        "X": 54.623742999999997,
        "Y": 24.431860104399998,
        "name": "محطة شارع الإبداع / مساكن المهرة",
        "zones": "مدينة خليفة",
        "direction": "أ",
        "description": "شارع الإبداع / مساكن المهرة",
        "stationType": 3,
        "regionCode": "AE-ABU-DHABI",
        "OBJECTID": 1020,
        "landmark": ""
      }
    },
    {
      "type": "Feature",
      "id": 1020,
      "geometry": {
        "type": "Point",
        "coordinates": [
          54.624332482000057,
          24.433557345000054,
          0
        ]
      },
      "properties": {
        "FID": 1020,
        "X": 54.624332000000003,
        "Y": 24.433557344600001,
        "name": "محطة المهرة ريزيدنس / قبة مصدر لكرة القدم",
        "zones": "مدينة خليفة",
        "direction": "أ",
        "description": "المهرة ريزيدنس / قبة مصدر لكرة القدم",
        "stationType": 3,
        "regionCode": "AE-ABU-DHABI",
        "OBJECTID": 1021,
        "landmark": ""
      }
    },
    {
      "type": "Feature",
      "id": 1021,
      "geometry": {
        "type": "Point",
        "coordinates": [
          54.620786474000056,
          24.43600196400007,
          0
        ]
      },
      "properties": {
        "FID": 1021,
        "X": 54.620786000000003,
        "Y": 24.436001964100001,
        "name": "محطة مساكن مصدر البيئية",
        "zones": "مدينة خليفة",
        "direction": "أ",
        "description": "مساكن مصدر البيئية",
        "stationType": 3,
        "regionCode": "AE-ABU-DHABI",
        "OBJECTID": 1022,
        "landmark": ""
      }
    },
    {
      "type": "Feature",
      "id": 1022,
      "geometry": {
        "type": "Point",
        "coordinates": [
          54.620870072000059,
          24.435750534000078,
          0
        ]
      },
      "properties": {
        "FID": 1022,
        "X": 54.620869999999996,
        "Y": 24.435750534299999,
        "name": "محطة مساكن مصدر البيئية",
        "zones": "مدينة خليفة",
        "direction": "ب",
        "description": "مساكن مصدر البيئية",
        "stationType": 3,
        "regionCode": "AE-ABU-DHABI",
        "OBJECTID": 1023,
        "landmark": ""
      }
    },
    {
      "type": "Feature",
      "id": 1023,
      "geometry": {
        "type": "Point",
        "coordinates": [
          54.62128554800006,
          24.432525542000064,
          0
        ]
      },
      "properties": {
        "FID": 1023,
        "X": 54.621285999999998,
        "Y": 24.432525541499999,
        "name": "محطة مسجد جامع مدينة مصدر",
        "zones": "مدينة خليفة",
        "direction": "أ",
        "description": "مسجد جامع مدينة مصدر",
        "stationType": 3,
        "regionCode": "AE-ABU-DHABI",
        "OBJECTID": 1024,
        "landmark": ""
      }
    },
    {
      "type": "Feature",
      "id": 1024,
      "geometry": {
        "type": "Point",
        "coordinates": [
          54.616112107000049,
          24.43290442700004,
          0
        ]
      },
      "properties": {
        "FID": 1024,
        "X": 54.616112000000001,
        "Y": 24.4329044272,
        "name": "محطة جامعة محمد بن زايد للذكاء الاصطناعي",
        "zones": "مدينة خليفة",
        "direction": "أ",
        "description": "جامعة محمد بن زايد للذكاء الاصطناعي",
        "stationType": 3,
        "regionCode": "AE-ABU-DHABI",
        "OBJECTID": 1025,
        "landmark": ""
      }
    },
    {
      "type": "Feature",
      "id": 1025,
      "geometry": {
        "type": "Point",
        "coordinates": [
          54.620079444000055,
          24.434799324000039,
          0
        ]
      },
      "properties": {
        "FID": 1025,
        "X": 54.620078999999997,
        "Y": 24.434799323899998,
        "name": "محطة منتزه إيكو بلازا - مدينة مصدر",
        "zones": "مدينة خليفة",
        "direction": "أ",
        "description": "منتزه إيكو بلازا - مدينة مصدر",
        "stationType": 3,
        "regionCode": "AE-ABU-DHABI",
        "OBJECTID": 1026,
        "landmark": ""
      }
    },
    {
      "type": "Feature",
      "id": 1026,
      "geometry": {
        "type": "Point",
        "coordinates": [
          54.609466799000074,
          24.443884137000055,
          0
        ]
      },
      "properties": {
        "FID": 1026,
        "X": 54.609467000000002,
        "Y": 24.443884136800001,
        "name": "محطة شارع المريف/ اتحاد بلازا",
        "zones": "مدينة خليفة",
        "direction": "أ",
        "description": "شارع المريف/ اتحاد بلازا",
        "stationType": 3,
        "regionCode": "AE-ABU-DHABI",
        "OBJECTID": 1027,
        "landmark": ""
      }
    },
    {
      "type": "Feature",
      "id": 1027,
      "geometry": {
        "type": "Point",
        "coordinates": [
          54.606983507000052,
          24.442761659000041,
          0
        ]
      },
      "properties": {
        "FID": 1027,
        "X": 54.606983999999997,
        "Y": 24.442761658599998,
        "name": "محطة شارع المريف/ اتحاد بلازا",
        "zones": "مدينة خليفة",
        "direction": "ب",
        "description": "شارع المريف/ اتحاد بلازا",
        "stationType": 3,
        "regionCode": "AE-ABU-DHABI",
        "OBJECTID": 1028,
        "landmark": ""
      }
    },
    {
      "type": "Feature",
      "id": 1028,
      "geometry": {
        "type": "Point",
        "coordinates": [
          54.612246369000047,
          24.444984177000038,
          0
        ]
      },
      "properties": {
        "FID": 1028,
        "X": 54.612245999999999,
        "Y": 24.4449841775,
        "name": "محطة شارع المريف / المقر الرئيسي لطيران الاتحاد",
        "zones": "مدينة خليفة",
        "direction": "أ",
        "description": "شارع المريف / المقر الرئيسي لطيران الاتحاد",
        "stationType": 3,
        "regionCode": "AE-ABU-DHABI",
        "OBJECTID": 1029,
        "landmark": ""
      }
    },
    {
      "type": "Feature",
      "id": 1029,
      "geometry": {
        "type": "Point",
        "coordinates": [
          54.61275273800004,
          24.436425955000061,
          0
        ]
      },
      "properties": {
        "FID": 1029,
        "X": 54.612752999999998,
        "Y": 24.436425955099999,
        "name": "محطة معهد الامارات التكنولوجيا",
        "zones": "مدينة خليفة",
        "direction": "أ",
        "description": "معهد الامارات التكنولوجيا",
        "stationType": 3,
        "regionCode": "AE-ABU-DHABI",
        "OBJECTID": 1030,
        "landmark": ""
      }
    },
    {
      "type": "Feature",
      "id": 1030,
      "geometry": {
        "type": "Point",
        "coordinates": [
          54.645265676000065,
          24.426582158000031,
          0
        ]
      },
      "properties": {
        "FID": 1030,
        "X": 54.645265999999999,
        "Y": 24.4265821577,
        "name": "محطة مطار ابوظبي الدولي مبنى رقم 1 و 3",
        "zones": "المطار",
        "direction": "أ",
        "description": "مطار ابوظبي الدولي مبنى رقم (1) و (3)",
        "stationType": 3,
        "regionCode": "AE-ABU-DHABI",
        "OBJECTID": 1031,
        "landmark": ""
      }
    },
    {
      "type": "Feature",
      "id": 1031,
      "geometry": {
        "type": "Point",
        "coordinates": [
          54.631325582000045,
          24.44976157900004,
          0
        ]
      },
      "properties": {
        "FID": 1031,
        "X": 54.631326000000001,
        "Y": 24.449761578699999,
        "name": "محطة مركز توحيد الموظفين مطار زايد الدولي",
        "zones": "المطار",
        "direction": "أ",
        "description": "مركز توحيد الموظفين مطار زايد الدولي",
        "stationType": 3,
        "regionCode": "AE-ABU-DHABI",
        "OBJECTID": 1032,
        "landmark": ""
      }
    },
    {
      "type": "Feature",
      "id": 1032,
      "geometry": {
        "type": "Point",
        "coordinates": [
          54.640408506000028,
          24.453406012000073,
          0
        ]
      },
      "properties": {
        "FID": 1032,
        "X": 54.640408999999998,
        "Y": 24.4534060117,
        "name": "محطة مطار أبوظبي مبنى الركاب (A)",
        "zones": "المطار",
        "direction": "أ",
        "description": "مطار أبوظبي مبنى (A) الركاب",
        "stationType": 3,
        "regionCode": "AE-ABU-DHABI",
        "OBJECTID": 1033,
        "landmark": ""
      }
    },
    {
      "type": "Feature",
      "id": 1033,
      "geometry": {
        "type": "Point",
        "coordinates": [
          54.674827855000046,
          24.455347704000076,
          0
        ]
      },
      "properties": {
        "FID": 1033,
        "X": 54.674827999999998,
        "Y": 24.455347703899999,
        "name": "محطة شارع العديد / الحي المعاصر",
        "zones": "الريف",
        "direction": "أ",
        "description": "شارع العديد / الحي المعاصر",
        "stationType": 3,
        "regionCode": "AE-ABU-DHABI",
        "OBJECTID": 1034,
        "landmark": ""
      }
    },
    {
      "type": "Feature",
      "id": 1034,
      "geometry": {
        "type": "Point",
        "coordinates": [
          54.674596054000062,
          24.455082359000073,
          0
        ]
      },
      "properties": {
        "FID": 1034,
        "X": 54.674596000000001,
        "Y": 24.455082358999999,
        "name": "محطة شارع العديد / الحي المعاصر",
        "zones": "الريف",
        "direction": "ب",
        "description": "شارع العديد / الحي المعاصر",
        "stationType": 3,
        "regionCode": "AE-ABU-DHABI",
        "OBJECTID": 1035,
        "landmark": ""
      }
    },
    {
      "type": "Feature",
      "id": 1035,
      "geometry": {
        "type": "Point",
        "coordinates": [
          54.671731522000073,
          24.457484518000058,
          0
        ]
      },
      "properties": {
        "FID": 1035,
        "X": 54.671731999999999,
        "Y": 24.457484517800001,
        "name": "محطة شارع ي\u064Eو خ\u064Eن\u0651\u064Fور / داون تاون",
        "zones": "الريف",
        "direction": "أ",
        "description": "شارع ي\u064Eو خ\u064Eن\u0651\u064Fور / داون تاون",
        "stationType": 3,
        "regionCode": "AE-ABU-DHABI",
        "OBJECTID": 1036,
        "landmark": ""
      }
    },
    {
      "type": "Feature",
      "id": 1036,
      "geometry": {
        "type": "Point",
        "coordinates": [
          54.67243836800003,
          24.457657890000064,
          0
        ]
      },
      "properties": {
        "FID": 1036,
        "X": 54.672438,
        "Y": 24.457657890299998,
        "name": "محطة شارع ي\u064Eو خ\u064Eن\u0651\u064Fور / داون تاون",
        "zones": "الريف",
        "direction": "ب",
        "description": "شارع ي\u064Eو خ\u064Eن\u0651\u064Fور / داون تاون",
        "stationType": 3,
        "regionCode": "AE-ABU-DHABI",
        "OBJECTID": 1037,
        "landmark": ""
      }
    },
    {
      "type": "Feature",
      "id": 1037,
      "geometry": {
        "type": "Point",
        "coordinates": [
          54.672467850000032,
          24.454444798000054,
          0
        ]
      },
      "properties": {
        "FID": 1037,
        "X": 54.672468000000002,
        "Y": 24.454444797600001,
        "name": "محطة شارع ي\u064Eو خ\u064Eن\u0651\u064Fور / الحي الصحراوي",
        "zones": "الريف",
        "direction": "أ",
        "description": "شارع ي\u064Eو خ\u064Eن\u0651\u064Fور / الحي الصحراوي",
        "stationType": 3,
        "regionCode": "AE-ABU-DHABI",
        "OBJECTID": 1038,
        "landmark": ""
      }
    },
    {
      "type": "Feature",
      "id": 1038,
      "geometry": {
        "type": "Point",
        "coordinates": [
          54.672590632000038,
          24.454202965000036,
          0
        ]
      },
      "properties": {
        "FID": 1038,
        "X": 54.672590999999997,
        "Y": 24.454202964499999,
        "name": "محطة شارع ي\u064Eو خ\u064Eن\u0651\u064Fور / الحي الصحراوي",
        "zones": "الريف",
        "direction": "ب",
        "description": "شارع ي\u064Eو خ\u064Eن\u0651\u064Fور / الحي الصحراوي",
        "stationType": 3,
        "regionCode": "AE-ABU-DHABI",
        "OBJECTID": 1039,
        "landmark": ""
      }
    },
    {
      "type": "Feature",
      "id": 1039,
      "geometry": {
        "type": "Point",
        "coordinates": [
          54.673362810000071,
          24.460479468000074,
          0
        ]
      },
      "properties": {
        "FID": 1039,
        "X": 54.673363000000002,
        "Y": 24.460479467700001,
        "name": "محطة شارع العديد / الحي العربي",
        "zones": "الريف",
        "direction": "أ",
        "description": "شارع العديد / الحي العربي",
        "stationType": 3,
        "regionCode": "AE-ABU-DHABI",
        "OBJECTID": 1040,
        "landmark": ""
      }
    },
    {
      "type": "Feature",
      "id": 1040,
      "geometry": {
        "type": "Point",
        "coordinates": [
          54.673106973000074,
          24.460448447000033,
          0
        ]
      },
      "properties": {
        "FID": 1040,
        "X": 54.673107000000002,
        "Y": 24.460448447400001,
        "name": "محطة شارع العديد / الحي العربي",
        "zones": "الريف",
        "direction": "ب",
        "description": "شارع العديد / الحي العربي",
        "stationType": 3,
        "regionCode": "AE-ABU-DHABI",
        "OBJECTID": 1041,
        "landmark": ""
      }
    },
    {
      "type": "Feature",
      "id": 1041,
      "geometry": {
        "type": "Point",
        "coordinates": [
          54.67004787500008,
          24.45626702800007,
          0
        ]
      },
      "properties": {
        "FID": 1041,
        "X": 54.670048000000001,
        "Y": 24.456267027599999,
        "name": "محطة جامع فاطمة ابراهيم السامان / الحي العربي",
        "zones": "الريف",
        "direction": "أ",
        "description": "جامع فاطمة ابراهيم السامان / الحي العربي",
        "stationType": 3,
        "regionCode": "AE-ABU-DHABI",
        "OBJECTID": 1042,
        "landmark": ""
      }
    },
    {
      "type": "Feature",
      "id": 1042,
      "geometry": {
        "type": "Point",
        "coordinates": [
          54.675705515000061,
          24.453736376000052,
          0
        ]
      },
      "properties": {
        "FID": 1042,
        "X": 54.675705999999998,
        "Y": 24.4537363761,
        "name": "محطة شارع ي\u064Eو خ\u064Eن\u0651\u064Fور / قرية الميدترانين \u200B\u200B- البوابة 2",
        "zones": "الريف",
        "direction": "أ",
        "description": "شارع ي\u064Eو خ\u064Eن\u0651\u064Fور / قرية الميدترانين \u200B\u200B- البوابة (2)",
        "stationType": 3,
        "regionCode": "AE-ABU-DHABI",
        "OBJECTID": 1043,
        "landmark": ""
      }
    },
    {
      "type": "Feature",
      "id": 1043,
      "geometry": {
        "type": "Point",
        "coordinates": [
          54.566849995000041,
          24.436253856000064,
          0
        ]
      },
      "properties": {
        "FID": 1043,
        "X": 54.566850000000002,
        "Y": 24.436253856299999,
        "name": "محطة شارع راشد بن جبر الحلامي / مدرسة الإمارات للشراع",
        "zones": "مدينة خليفة",
        "direction": "أ",
        "description": "شارع راشد بن جبر الحلامي / مدرسة الإمارات للشراع",
        "stationType": 3,
        "regionCode": "AE-ABU-DHABI",
        "OBJECTID": 1044,
        "landmark": ""
      }
    },
    {
      "type": "Feature",
      "id": 1044,
      "geometry": {
        "type": "Point",
        "coordinates": [
          54.574391400000081,
          24.438369869000041,
          0
        ]
      },
      "properties": {
        "FID": 1044,
        "X": 54.574390999999999,
        "Y": 24.438369869300001,
        "name": "محطة شارع راشد بن جبر الحلامي / الراحة مول",
        "zones": "الزاخة",
        "direction": "أ",
        "description": "شارع راشد بن جبر الحلامي / الراحة مول",
        "stationType": 3,
        "regionCode": "AE-ABU-DHABI",
        "OBJECTID": 1045,
        "landmark": ""
      }
    },
    {
      "type": "Feature",
      "id": 1045,
      "geometry": {
        "type": "Point",
        "coordinates": [
          54.616935296000065,
          24.456756627000061,
          0
        ]
      },
      "properties": {
        "FID": 1045,
        "X": 54.616934999999998,
        "Y": 24.456756626800001,
        "name": "محطة الزينة",
        "zones": "الزاخة",
        "direction": "أ",
        "description": "الزينة",
        "stationType": 3,
        "regionCode": "AE-ABU-DHABI",
        "OBJECTID": 1046,
        "landmark": ""
      }
    },
    {
      "type": "Feature",
      "id": 1046,
      "geometry": {
        "type": "Point",
        "coordinates": [
          54.604758727000046,
          24.448828361000039,
          0
        ]
      },
      "properties": {
        "FID": 1046,
        "X": 54.604759000000001,
        "Y": 24.4488283614,
        "name": "محطة شارع الراحة / مركز طيران الاتحاد",
        "zones": "الزاخة",
        "direction": "أ",
        "description": "شارع الراحة / مركز طيران الاتحاد",
        "stationType": 3,
        "regionCode": "AE-ABU-DHABI",
        "OBJECTID": 1047,
        "landmark": ""
      }
    },
    {
      "type": "Feature",
      "id": 1047,
      "geometry": {
        "type": "Point",
        "coordinates": [
          54.607295691000047,
          24.449202528000058,
          0
        ]
      },
      "properties": {
        "FID": 1047,
        "X": 54.607295999999998,
        "Y": 24.449202528200001,
        "name": "محطة شارع الراحة / مركز طيران الاتحاد",
        "zones": "الزاخة",
        "direction": "ب",
        "description": "شارع الراحة / مركز طيران الاتحاد",
        "stationType": 3,
        "regionCode": "AE-ABU-DHABI",
        "OBJECTID": 1048,
        "landmark": ""
      }
    },
    {
      "type": "Feature",
      "id": 1048,
      "geometry": {
        "type": "Point",
        "coordinates": [
          54.60174439900004,
          24.448148704000062,
          0
        ]
      },
      "properties": {
        "FID": 1048,
        "X": 54.601743999999997,
        "Y": 24.448148703600001,
        "name": "محطة شارع الراحة / شارع البندر",
        "zones": "الزاخة",
        "direction": "أ",
        "description": "شارع الراحة / شارع البندر",
        "stationType": 3,
        "regionCode": "AE-ABU-DHABI",
        "OBJECTID": 1049,
        "landmark": ""
      }
    },
    {
      "type": "Feature",
      "id": 1049,
      "geometry": {
        "type": "Point",
        "coordinates": [
          54.59981773100003,
          24.448352809000028,
          0
        ]
      },
      "properties": {
        "FID": 1049,
        "X": 54.599817999999999,
        "Y": 24.448352808900001,
        "name": "محطة شارع الراحة / شارع البندر",
        "zones": "الزاخة",
        "direction": "ب",
        "description": "شارع الراحة / شارع البندر",
        "stationType": 3,
        "regionCode": "AE-ABU-DHABI",
        "OBJECTID": 1050,
        "landmark": ""
      }
    },
    {
      "type": "Feature",
      "id": 1050,
      "geometry": {
        "type": "Point",
        "coordinates": [
          54.595447493000052,
          24.447940337000034,
          0
        ]
      },
      "properties": {
        "FID": 1050,
        "X": 54.595447,
        "Y": 24.4479403371,
        "name": "محطة شارع الراحة / شارع غ\u064Eل\u0650يل الغ\u064Eيوار",
        "zones": "الزاخة",
        "direction": "أ",
        "description": "شارع الراحة / شارع غ\u064Eل\u0650يل الغ\u064Eيوار",
        "stationType": 3,
        "regionCode": "AE-ABU-DHABI",
        "OBJECTID": 1051,
        "landmark": ""
      }
    },
    {
      "type": "Feature",
      "id": 1051,
      "geometry": {
        "type": "Point",
        "coordinates": [
          54.594918354000072,
          24.447245905000045,
          0
        ]
      },
      "properties": {
        "FID": 1051,
        "X": 54.594918,
        "Y": 24.447245904599999,
        "name": "محطة شارع الراحة / شارع غ\u064Eل\u0650يل الغ\u064Eيوار",
        "zones": "الزاخة",
        "direction": "ب",
        "description": "شارع الراحة / شارع غ\u064Eل\u0650يل الغ\u064Eيوار",
        "stationType": 3,
        "regionCode": "AE-ABU-DHABI",
        "OBJECTID": 1052,
        "landmark": ""
      }
    },
    {
      "type": "Feature",
      "id": 1052,
      "geometry": {
        "type": "Point",
        "coordinates": [
          54.593494941000074,
          24.447430857000029,
          0
        ]
      },
      "properties": {
        "FID": 1052,
        "X": 54.593494999999997,
        "Y": 24.447430857000001,
        "name": "محطة شارع جزيرة الشامالية / برج الريف",
        "zones": "الزاخة",
        "direction": "أ",
        "description": "شارع جزيرة الشامالية / برج الريف",
        "stationType": 3,
        "regionCode": "AE-ABU-DHABI",
        "OBJECTID": 1053,
        "landmark": ""
      }
    },
    {
      "type": "Feature",
      "id": 1053,
      "geometry": {
        "type": "Point",
        "coordinates": [
          54.589848482000036,
          24.446813113000076,
          0
        ]
      },
      "properties": {
        "FID": 1053,
        "X": 54.589848000000003,
        "Y": 24.446813112899999,
        "name": "محطة شارع جزيرة الشامالية / المبنى رقم 22",
        "zones": "الزاخة",
        "direction": "أ",
        "description": "شارع جزيرة الشامالية /المبنى رقم (22)",
        "stationType": 3,
        "regionCode": "AE-ABU-DHABI",
        "OBJECTID": 1054,
        "landmark": ""
      }
    },
    {
      "type": "Feature",
      "id": 1054,
      "geometry": {
        "type": "Point",
        "coordinates": [
          54.590205462000029,
          24.444634399000051,
          0
        ]
      },
      "properties": {
        "FID": 1054,
        "X": 54.590204999999997,
        "Y": 24.4446343985,
        "name": "محطة شارع الراحة / شارع خ\u064Fور غناظة",
        "zones": "الزاخة",
        "direction": "أ",
        "description": "شارع الراحة / شارع خ\u064Fور غناظة",
        "stationType": 3,
        "regionCode": "AE-ABU-DHABI",
        "OBJECTID": 1055,
        "landmark": ""
      }
    },
    {
      "type": "Feature",
      "id": 1055,
      "geometry": {
        "type": "Point",
        "coordinates": [
          54.590613801000075,
          24.444938782000065,
          0
        ]
      },
      "properties": {
        "FID": 1055,
        "X": 54.590614000000002,
        "Y": 24.444938781600001,
        "name": "محطة شارع الراحة / شارع خ\u064Fور غناظة",
        "zones": "الزاخة",
        "direction": "ب",
        "description": "شارع الراحة / شارع خ\u064Fور غناظة",
        "stationType": 3,
        "regionCode": "AE-ABU-DHABI",
        "OBJECTID": 1056,
        "landmark": ""
      }
    },
    {
      "type": "Feature",
      "id": 1056,
      "geometry": {
        "type": "Point",
        "coordinates": [
          54.58656650000006,
          24.445181113000046,
          0
        ]
      },
      "properties": {
        "FID": 1056,
        "X": 54.586565999999998,
        "Y": 24.4451811134,
        "name": "محطة شارع الراحة / خور الراحة",
        "zones": "الزاخة",
        "direction": "أ",
        "description": "شارع الراحة / خور الراحة",
        "stationType": 3,
        "regionCode": "AE-ABU-DHABI",
        "OBJECTID": 1057,
        "landmark": ""
      }
    },
    {
      "type": "Feature",
      "id": 1057,
      "geometry": {
        "type": "Point",
        "coordinates": [
          54.586472111000035,
          24.445477479000033,
          0
        ]
      },
      "properties": {
        "FID": 1057,
        "X": 54.586472000000001,
        "Y": 24.445477479299999,
        "name": "محطة شارع الراحة / خور الراحة",
        "zones": "الزاخة",
        "direction": "ب",
        "description": "شارع الراحة / خور الراحة",
        "stationType": 3,
        "regionCode": "AE-ABU-DHABI",
        "OBJECTID": 1058,
        "landmark": ""
      }
    },
    {
      "type": "Feature",
      "id": 1058,
      "geometry": {
        "type": "Point",
        "coordinates": [
          54.602644720000058,
          24.464654432000032,
          0
        ]
      },
      "properties": {
        "FID": 1058,
        "X": 54.602645000000003,
        "Y": 24.4646544324,
        "name": "محطة شارع ياس / مدرج حلبة مرسى ياس",
        "zones": "جزيرة ياس",
        "direction": "ب",
        "description": "شارع ياس / مدرج حلبة مرسى ياس",
        "stationType": 3,
        "regionCode": "AE-ABU-DHABI",
        "OBJECTID": 1059,
        "landmark": ""
      }
    },
    {
      "type": "Feature",
      "id": 1059,
      "geometry": {
        "type": "Point",
        "coordinates": [
          54.604203834000032,
          24.46408341700004,
          0
        ]
      },
      "properties": {
        "FID": 1059,
        "X": 54.604204000000003,
        "Y": 24.464083417000001,
        "name": "محطة شارع ياس / مدرج حلبة مرسى ياس",
        "zones": "جزيرة ياس",
        "direction": "أ",
        "description": "شارع ياس / مدرج حلبة مرسى ياس",
        "stationType": 3,
        "regionCode": "AE-ABU-DHABI",
        "OBJECTID": 1060,
        "landmark": ""
      }
    },
    {
      "type": "Feature",
      "id": 1060,
      "geometry": {
        "type": "Point",
        "coordinates": [
          54.600530564000053,
          24.466931650000049,
          0
        ]
      },
      "properties": {
        "FID": 1060,
        "X": 54.600530999999997,
        "Y": 24.466931650100001,
        "name": "محطة شارع ياس / فنادق ياس",
        "zones": "جزيرة ياس",
        "direction": "أ",
        "description": "شارع ياس / فنادق ياس",
        "stationType": 3,
        "regionCode": "AE-ABU-DHABI",
        "OBJECTID": 1061,
        "landmark": ""
      }
    },
    {
      "type": "Feature",
      "id": 1061,
      "geometry": {
        "type": "Point",
        "coordinates": [
          54.599868299000036,
          24.467011394000053,
          0
        ]
      },
      "properties": {
        "FID": 1061,
        "X": 54.599868000000001,
        "Y": 24.4670113936,
        "name": "محطة شارع ياس / فنادق ياس",
        "zones": "جزيرة ياس",
        "direction": "ب",
        "description": "شارع ياس / فنادق ياس",
        "stationType": 3,
        "regionCode": "AE-ABU-DHABI",
        "OBJECTID": 1062,
        "landmark": ""
      }
    },
    {
      "type": "Feature",
      "id": 1062,
      "geometry": {
        "type": "Point",
        "coordinates": [
          54.600314740000044,
          24.470511740000063,
          0
        ]
      },
      "properties": {
        "FID": 1062,
        "X": 54.600315000000002,
        "Y": 24.470511739700001,
        "name": "محطة شارع ياس / حلبة مرسى ياس غرب",
        "zones": "جزيرة ياس",
        "direction": "أ",
        "description": "شارع ياس / حلبة مرسى ياس غرب",
        "stationType": 3,
        "regionCode": "AE-ABU-DHABI",
        "OBJECTID": 1063,
        "landmark": ""
      }
    },
    {
      "type": "Feature",
      "id": 1063,
      "geometry": {
        "type": "Point",
        "coordinates": [
          54.601063639000074,
          24.471065226000064,
          0
        ]
      },
      "properties": {
        "FID": 1063,
        "X": 54.601064000000001,
        "Y": 24.471065226099999,
        "name": "محطة شارع ياس / حلبة مرسى ياس غرب",
        "zones": "جزيرة ياس",
        "direction": "ب",
        "description": "شارع ياس / حلبة مرسى ياس غرب",
        "stationType": 3,
        "regionCode": "AE-ABU-DHABI",
        "OBJECTID": 1064,
        "landmark": ""
      }
    },
    {
      "type": "Feature",
      "id": 1064,
      "geometry": {
        "type": "Point",
        "coordinates": [
          54.602858720000029,
          24.474180791000038,
          0
        ]
      },
      "properties": {
        "FID": 1064,
        "X": 54.602859000000002,
        "Y": 24.474180790599998,
        "name": "محطة مركز استقبال إيثارا / حلبة مرسى ياس",
        "zones": "جزيرة ياس",
        "direction": "أ",
        "description": "مركز استقبال إيثارا / حلبة مرسى ياس",
        "stationType": 3,
        "regionCode": "AE-ABU-DHABI",
        "OBJECTID": 1065,
        "landmark": ""
      }
    },
    {
      "type": "Feature",
      "id": 1065,
      "geometry": {
        "type": "Point",
        "coordinates": [
          54.603820076000034,
          24.47861903300003,
          0
        ]
      },
      "properties": {
        "FID": 1065,
        "X": 54.603819999999999,
        "Y": 24.478619032899999,
        "name": "محطة شارع ياس / حلبة مرسى ياس شمال",
        "zones": "جزيرة ياس",
        "direction": "أ",
        "description": "شارع ياس / حلبة مرسى ياس شمال",
        "stationType": 3,
        "regionCode": "AE-ABU-DHABI",
        "OBJECTID": 1066,
        "landmark": ""
      }
    },
    {
      "type": "Feature",
      "id": 1066,
      "geometry": {
        "type": "Point",
        "coordinates": [
          54.607810022000081,
          24.502313686000036,
          0
        ]
      },
      "properties": {
        "FID": 1066,
        "X": 54.607810000000001,
        "Y": 24.502313685899999,
        "name": "محطة ياس إيكرز أسبنز البوابة 2",
        "zones": "جزيرة ياس",
        "direction": "أ",
        "description": "ياس إيكرز أسبنز البوابة (2)",
        "stationType": 3,
        "regionCode": "AE-ABU-DHABI",
        "OBJECTID": 1067,
        "landmark": ""
      }
    },
    {
      "type": "Feature",
      "id": 1067,
      "geometry": {
        "type": "Point",
        "coordinates": [
          54.606195755000044,
          24.500564026000063,
          0
        ]
      },
      "properties": {
        "FID": 1067,
        "X": 54.606195999999997,
        "Y": 24.500564026300001,
        "name": "محطة ياس إيكرز أسبنز ابو ظبي",
        "zones": "جزيرة ياس",
        "direction": "أ",
        "description": "ياس إيكرز أسبنز ابو ظبي",
        "stationType": 3,
        "regionCode": "AE-ABU-DHABI",
        "OBJECTID": 1068,
        "landmark": ""
      }
    },
    {
      "type": "Feature",
      "id": 1068,
      "geometry": {
        "type": "Point",
        "coordinates": [
          54.604787348000059,
          24.502527504000057,
          0
        ]
      },
      "properties": {
        "FID": 1068,
        "X": 54.604787000000002,
        "Y": 24.502527503500001,
        "name": "محطة شارع 6 ياس إيكرز أسبنز",
        "zones": "جزيرة ياس",
        "direction": "أ",
        "description": "شارع 6 ياس إيكرز أسبنز",
        "stationType": 3,
        "regionCode": "AE-ABU-DHABI",
        "OBJECTID": 1069,
        "landmark": ""
      }
    },
    {
      "type": "Feature",
      "id": 1069,
      "geometry": {
        "type": "Point",
        "coordinates": [
          54.605465243000026,
          24.50423524100006,
          0
        ]
      },
      "properties": {
        "FID": 1069,
        "X": 54.605465000000002,
        "Y": 24.5042352414,
        "name": "محطة شارع 6 ياس إيكرز أسبنز",
        "zones": "جزيرة ياس",
        "direction": "ب",
        "description": "شارع 6 ياس إيكرز أسبنز",
        "stationType": 3,
        "regionCode": "AE-ABU-DHABI",
        "OBJECTID": 1070,
        "landmark": ""
      }
    },
    {
      "type": "Feature",
      "id": 1070,
      "geometry": {
        "type": "Point",
        "coordinates": [
          54.60701455700007,
          24.506290781000075,
          0
        ]
      },
      "properties": {
        "FID": 1070,
        "X": 54.607014999999997,
        "Y": 24.506290780699999,
        "name": "محطة مجمع ماغنوليا بوابة 2",
        "zones": "جزيرة ياس",
        "direction": "أ",
        "description": "محطة مجمع ماغنوليا بوابة (2)",
        "stationType": 3,
        "regionCode": "AE-ABU-DHABI",
        "OBJECTID": 1071,
        "landmark": ""
      }
    },
    {
      "type": "Feature",
      "id": 1071,
      "geometry": {
        "type": "Point",
        "coordinates": [
          54.607472861000076,
          24.509177498000042,
          0
        ]
      },
      "properties": {
        "FID": 1071,
        "X": 54.607472999999999,
        "Y": 24.509177498300001,
        "name": "محطة مجمع ماغنوليا بوابة",
        "zones": "جزيرة ياس",
        "direction": "أ",
        "description": "محطة مجمع ماغنوليا بوابة",
        "stationType": 3,
        "regionCode": "AE-ABU-DHABI",
        "OBJECTID": 1072,
        "landmark": ""
      }
    },
    {
      "type": "Feature",
      "id": 1072,
      "geometry": {
        "type": "Point",
        "coordinates": [
          54.624993610000047,
          24.500788841000031,
          0
        ]
      },
      "properties": {
        "FID": 1072,
        "X": 54.624994000000001,
        "Y": 24.5007888409,
        "name": "محطة مدرسة نويا البريطانية جزيرة ياس",
        "zones": "جزيرة ياس",
        "direction": "أ",
        "description": "مدرسة نويا البريطانية جزيرة ياس",
        "stationType": 3,
        "regionCode": "AE-ABU-DHABI",
        "OBJECTID": 1073,
        "landmark": ""
      }
    },
    {
      "type": "Feature",
      "id": 1073,
      "geometry": {
        "type": "Point",
        "coordinates": [
          54.626304724000079,
          24.500836550000031,
          0
        ]
      },
      "properties": {
        "FID": 1073,
        "X": 54.626305000000002,
        "Y": 24.500836550300001,
        "name": "محطة مدرسة نويا البريطانية جزيرة ياس",
        "zones": "جزيرة ياس",
        "direction": "ب",
        "description": "مدرسة نويا البريطانية جزيرة ياس",
        "stationType": 3,
        "regionCode": "AE-ABU-DHABI",
        "OBJECTID": 1074,
        "landmark": ""
      }
    },
    {
      "type": "Feature",
      "id": 1074,
      "geometry": {
        "type": "Point",
        "coordinates": [
          54.624616079000077,
          24.499356701000067,
          0
        ]
      },
      "properties": {
        "FID": 1074,
        "X": 54.624616000000003,
        "Y": 24.499356700700002,
        "name": "محطة نويا بلازا جزيرة ياس أبوظبي",
        "zones": "جزيرة ياس",
        "direction": "أ",
        "description": "نويا بلازا جزيرة ياس أبوظبي",
        "stationType": 3,
        "regionCode": "AE-ABU-DHABI",
        "OBJECTID": 1075,
        "landmark": ""
      }
    },
    {
      "type": "Feature",
      "id": 1075,
      "geometry": {
        "type": "Point",
        "coordinates": [
          54.62558238400004,
          24.49990447600004,
          0
        ]
      },
      "properties": {
        "FID": 1075,
        "X": 54.625582000000001,
        "Y": 24.499904475699999,
        "name": "محطة نويا بلازا جزيرة ياس أبوظبي",
        "zones": "جزيرة ياس",
        "direction": "ب",
        "description": "نويا بلازا جزيرة ياس أبوظبي",
        "stationType": 3,
        "regionCode": "AE-ABU-DHABI",
        "OBJECTID": 1076,
        "landmark": ""
      }
    },
    {
      "type": "Feature",
      "id": 1076,
      "geometry": {
        "type": "Point",
        "coordinates": [
          54.624616079000077,
          24.499356701000067,
          0
        ]
      },
      "properties": {
        "FID": 1076,
        "X": 54.624616000000003,
        "Y": 24.499356700700002,
        "name": "محطة نويا بلازا جزيرة ياس أبوظبي",
        "zones": "جزيرة ياس",
        "direction": "أ",
        "description": "نويا بلازا جزيرة ياس أبوظبي",
        "stationType": 3,
        "regionCode": "AE-ABU-DHABI",
        "OBJECTID": 1077,
        "landmark": ""
      }
    },
    {
      "type": "Feature",
      "id": 1077,
      "geometry": {
        "type": "Point",
        "coordinates": [
          54.503751743000066,
          24.359531832000073,
          0
        ]
      },
      "properties": {
        "FID": 1077,
        "X": 54.503751999999999,
        "Y": 24.359531831799998,
        "name": "شارع الك\u064Eواك\u0650ب \\ شارع الحر\u064Eف 7\n - أ",
        "zones": "منطقة المصفح",
        "direction": "أ",
        "description": "شارع الك\u064Eواك\u0650ب \\ شارع الحر\u064Eف 7",
        "stationType": 3,
        "regionCode": "AE-ABU-DHABI",
        "OBJECTID": 1078,
        "landmark": ""
      }
    },
    {
      "type": "Feature",
      "id": 1078,
      "geometry": {
        "type": "Point",
        "coordinates": [
          54.573828781000032,
          24.432737362000069,
          0
        ]
      },
      "properties": {
        "FID": 1078,
        "X": 54.573829000000003,
        "Y": 24.432737361699999,
        "name": "محطة شارع المريف / مدرسة الراحة الدولية",
        "zones": "مدينة خليفة",
        "direction": "أ",
        "description": "شارع المريف / مدرسة الراحة الدولية",
        "stationType": 3,
        "regionCode": "AE-ABU-DHABI",
        "OBJECTID": 1079,
        "landmark": ""
      }
    },
    {
      "type": "Feature",
      "id": 1079,
      "geometry": {
        "type": "Point",
        "coordinates": [
          54.574795376000054,
          24.432716762000041,
          0
        ]
      },
      "properties": {
        "FID": 1079,
        "X": 54.574795000000002,
        "Y": 24.432716761999998,
        "name": "محطة شارع المريف / مدرسة الراحة الدولية",
        "zones": "مدينة خليفة",
        "direction": "ب",
        "description": "شارع المريف / مدرسة الراحة الدولية",
        "stationType": 3,
        "regionCode": "AE-ABU-DHABI",
        "OBJECTID": 1080,
        "landmark": ""
      }
    },
    {
      "type": "Feature",
      "id": 1080,
      "geometry": {
        "type": "Point",
        "coordinates": [
          54.572000894000041,
          24.431913698000074,
          0
        ]
      },
      "properties": {
        "FID": 1080,
        "X": 54.572001,
        "Y": 24.431913698300001,
        "name": "محطة شارع المريف / شارع خليفة بن احمد السويدي",
        "zones": "مدينة خليفة",
        "direction": "أ",
        "description": "شارع المريف / شارع خليفة بن احمد السويدي",
        "stationType": 3,
        "regionCode": "AE-ABU-DHABI",
        "OBJECTID": 1081,
        "landmark": ""
      }
    },
    {
      "type": "Feature",
      "id": 1081,
      "geometry": {
        "type": "Point",
        "coordinates": [
          54.56999475300006,
          24.431646786000044,
          0
        ]
      },
      "properties": {
        "FID": 1081,
        "X": 54.569994999999999,
        "Y": 24.431646786400002,
        "name": "محطة شارع المريف / شارع خليفة بن احمد السويدي",
        "zones": "مدينة خليفة",
        "direction": "ب",
        "description": "شارع المريف / شارع خليفة بن احمد السويدي",
        "stationType": 3,
        "regionCode": "AE-ABU-DHABI",
        "OBJECTID": 1082,
        "landmark": ""
      }
    },
    {
      "type": "Feature",
      "id": 1082,
      "geometry": {
        "type": "Point",
        "coordinates": [
          54.568578610000031,
          24.43094704300006,
          0
        ]
      },
      "properties": {
        "FID": 1082,
        "X": 54.568579,
        "Y": 24.430947043100002,
        "name": "محطة شارع المريف / الحدائق بلازا",
        "zones": "مدينة خليفة",
        "direction": "أ",
        "description": "شارع المريف / الحدائق بلازا",
        "stationType": 3,
        "regionCode": "AE-ABU-DHABI",
        "OBJECTID": 1083,
        "landmark": ""
      }
    },
    {
      "type": "Feature",
      "id": 1083,
      "geometry": {
        "type": "Point",
        "coordinates": [
          54.567553243000077,
          24.430948605000026,
          0
        ]
      },
      "properties": {
        "FID": 1083,
        "X": 54.567552999999997,
        "Y": 24.430948605499999,
        "name": "محطة شارع المريف / الحدائق بلازا",
        "zones": "مدينة خليفة",
        "direction": "ب",
        "description": "شارع المريف / الحدائق بلازا",
        "stationType": 3,
        "regionCode": "AE-ABU-DHABI",
        "OBJECTID": 1084,
        "landmark": ""
      }
    },
    {
      "type": "Feature",
      "id": 1084,
      "geometry": {
        "type": "Point",
        "coordinates": [
          54.565519147000032,
          24.430085445000032,
          0
        ]
      },
      "properties": {
        "FID": 1084,
        "X": 54.565519000000002,
        "Y": 24.430085444900001,
        "name": "محطة شارع المريف / اكاديمية جميس الامريكية",
        "zones": "مدينة خليفة",
        "direction": "أ",
        "description": "شارع المريف / اكاديمية جميس الامريكية",
        "stationType": 3,
        "regionCode": "AE-ABU-DHABI",
        "OBJECTID": 1085,
        "landmark": ""
      }
    },
    {
      "type": "Feature",
      "id": 1085,
      "geometry": {
        "type": "Point",
        "coordinates": [
          54.593942233000064,
          24.409842556000058,
          0
        ]
      },
      "properties": {
        "FID": 1085,
        "X": 54.593941999999998,
        "Y": 24.409842556000001,
        "name": "محطة شارع حميد بن عبدالله الرميثي / شارع الكندي بن مصبح المرر",
        "zones": "مدينة خليفة",
        "direction": "أ",
        "description": "شارع حميد بن عبدالله الرميثي / شارع الكندي بن مصبح المرر",
        "stationType": 3,
        "regionCode": "AE-ABU-DHABI",
        "OBJECTID": 1086,
        "landmark": ""
      }
    },
    {
      "type": "Feature",
      "id": 1086,
      "geometry": {
        "type": "Point",
        "coordinates": [
          54.51384984300006,
          24.418485627000052,
          0
        ]
      },
      "properties": {
        "FID": 1086,
        "X": 54.513849999999998,
        "Y": 24.418485626700001,
        "name": "محطة مدارس أدنوك ابوظبي",
        "zones": "مدينة خليفة",
        "direction": "أ",
        "description": "مدارس أدنوك ابوظبي مدارس أدنوك الحرم الجامعي للبنات",
        "stationType": 3,
        "regionCode": "AE-ABU-DHABI",
        "OBJECTID": 1087,
        "landmark": ""
      }
    },
    {
      "type": "Feature",
      "id": 1087,
      "geometry": {
        "type": "Point",
        "coordinates": [
          54.515996019000056,
          24.41661636200007,
          0
        ]
      },
      "properties": {
        "FID": 1087,
        "X": 54.515996000000001,
        "Y": 24.416616362500001,
        "name": "محطة مدارس أدنوك ابوظبي",
        "zones": "مدينة خليفة",
        "direction": "ب",
        "description": "مدارس أدنوك فرع للذكور",
        "stationType": 3,
        "regionCode": "AE-ABU-DHABI",
        "OBJECTID": 1088,
        "landmark": ""
      }
    },
    {
      "type": "Feature",
      "id": 1088,
      "geometry": {
        "type": "Point",
        "coordinates": [
          54.516351686000064,
          24.414058769000064,
          0
        ]
      },
      "properties": {
        "FID": 1088,
        "X": 54.516351999999998,
        "Y": 24.414058769,
        "name": "محطة مركز أدنوك للتطوير / سكن طالبات جامعة خليفة",
        "zones": "مدينة خليفة",
        "direction": "أ",
        "description": "مركز أدنوك للتطوير / سكن طالبات جامعة خليفة",
        "stationType": 3,
        "regionCode": "AE-ABU-DHABI",
        "OBJECTID": 1089,
        "landmark": ""
      }
    },
    {
      "type": "Feature",
      "id": 1089,
      "geometry": {
        "type": "Point",
        "coordinates": [
          54.510535237000056,
          24.416598807000071,
          0
        ]
      },
      "properties": {
        "FID": 1089,
        "X": 54.510534999999997,
        "Y": 24.416598807,
        "name": "محطة مركز بوروجي للابتكار",
        "zones": "مدينة خليفة",
        "direction": "أ",
        "description": "مركز بوروجي للابتكار",
        "stationType": 3,
        "regionCode": "AE-ABU-DHABI",
        "OBJECTID": 1090,
        "landmark": ""
      }
    },
    {
      "type": "Feature",
      "id": 1090,
      "geometry": {
        "type": "Point",
        "coordinates": [
          54.579842145000043,
          24.428645458000062,
          0
        ]
      },
      "properties": {
        "FID": 1090,
        "X": 54.579841999999999,
        "Y": 24.4286454583,
        "name": "محطة شارع جمعة بو جمهور القبيسي/ مسجد عبدالله محمد صالح السويدي",
        "zones": "مدينة خليفة",
        "direction": "أ",
        "description": "شارع جمعة بو جمهور القبيسي/ مسجد عبدالله محمد صالح السويدي",
        "stationType": 3,
        "regionCode": "AE-ABU-DHABI",
        "OBJECTID": 1091,
        "landmark": ""
      }
    },
    {
      "type": "Feature",
      "id": 1091,
      "geometry": {
        "type": "Point",
        "coordinates": [
          54.55140504600007,
          24.408952593000038,
          0
        ]
      },
      "properties": {
        "FID": 1091,
        "X": 54.551405000000003,
        "Y": 24.4089525933,
        "name": "محطة شارع النخوة / فندق ماريوت الفرسان",
        "zones": "مدينة خليفة",
        "direction": "أ",
        "description": "شارع النخوة / فندق ماريوت الفرسان",
        "stationType": 3,
        "regionCode": "AE-ABU-DHABI",
        "OBJECTID": 1092,
        "landmark": ""
      }
    },
    {
      "type": "Feature",
      "id": 1092,
      "geometry": {
        "type": "Point",
        "coordinates": [
          54.55334033400004,
          24.409805295000069,
          0
        ]
      },
      "properties": {
        "FID": 1092,
        "X": 54.553339999999999,
        "Y": 24.4098052949,
        "name": "محطة شارع النخوة / مسجد غانم بن علي بن حموده",
        "zones": "مدينة خليفة",
        "direction": "أ",
        "description": "شارع النخوة / مسجد غانم بن علي بن حموده",
        "stationType": 3,
        "regionCode": "AE-ABU-DHABI",
        "OBJECTID": 1093,
        "landmark": ""
      }
    },
    {
      "type": "Feature",
      "id": 1093,
      "geometry": {
        "type": "Point",
        "coordinates": [
          54.55468862400005,
          24.409917354000072,
          0
        ]
      },
      "properties": {
        "FID": 1093,
        "X": 54.554689000000003,
        "Y": 24.409917353499999,
        "name": "محطة شارع النخوة / مسجد غانم بن علي بن حموده",
        "zones": "مدينة خليفة",
        "direction": "ب",
        "description": "شارع النخوة / مسجد غانم بن علي بن حموده",
        "stationType": 3,
        "regionCode": "AE-ABU-DHABI",
        "OBJECTID": 1094,
        "landmark": ""
      }
    },
    {
      "type": "Feature",
      "id": 1094,
      "geometry": {
        "type": "Point",
        "coordinates": [
          54.55708536800006,
          24.410867730000064,
          0
        ]
      },
      "properties": {
        "FID": 1094,
        "X": 54.557085000000001,
        "Y": 24.410867729900001,
        "name": "محطة شارع النخوة/ شارع أحمد بن سيف الفلاحي",
        "zones": "مدينة خليفة",
        "direction": "أ",
        "description": "شارع النخوة/ شارع أحمد بن سيف الفلاحي",
        "stationType": 3,
        "regionCode": "AE-ABU-DHABI",
        "OBJECTID": 1095,
        "landmark": ""
      }
    },
    {
      "type": "Feature",
      "id": 1095,
      "geometry": {
        "type": "Point",
        "coordinates": [
          54.537750326000037,
          24.411113955000076,
          0
        ]
      },
      "properties": {
        "FID": 1095,
        "X": 54.537750000000003,
        "Y": 24.411113954600001,
        "name": "محطة شارع مردف / شارع النرجس",
        "zones": "مدينة خليفة",
        "direction": "ب",
        "description": "شارع مردف / شارع النرجس",
        "stationType": 3,
        "regionCode": "AE-ABU-DHABI",
        "OBJECTID": 1096,
        "landmark": ""
      }
    },
    {
      "type": "Feature",
      "id": 1096,
      "geometry": {
        "type": "Point",
        "coordinates": [
          54.537557667000044,
          24.411390634000043,
          0
        ]
      },
      "properties": {
        "FID": 1096,
        "X": 54.537557999999997,
        "Y": 24.411390633700002,
        "name": "محطة شارع مردف / شارع النرجس",
        "zones": "مدينة خليفة",
        "direction": "أ",
        "description": "شارع مردف / شارع النرجس",
        "stationType": 3,
        "regionCode": "AE-ABU-DHABI",
        "OBJECTID": 1097,
        "landmark": ""
      }
    },
    {
      "type": "Feature",
      "id": 1097,
      "geometry": {
        "type": "Point",
        "coordinates": [
          54.53471225100003,
          24.408681552000075,
          0
        ]
      },
      "properties": {
        "FID": 1097,
        "X": 54.534711999999999,
        "Y": 24.408681551600001,
        "name": "محطة شارع الشعاع 1 / الريان",
        "zones": "مدينة خليفة",
        "direction": "ب",
        "description": "شارع م\u064Eغازي 1 / الريان",
        "stationType": 3,
        "regionCode": "AE-ABU-DHABI",
        "OBJECTID": 1098,
        "landmark": ""
      }
    },
    {
      "type": "Feature",
      "id": 1098,
      "geometry": {
        "type": "Point",
        "coordinates": [
          54.535403005000035,
          24.407627705000039,
          0
        ]
      },
      "properties": {
        "FID": 1098,
        "X": 54.535403000000002,
        "Y": 24.407627704599999,
        "name": "محطة شارع الشعاع 1 / الريان",
        "zones": "مدينة خليفة",
        "direction": "أ",
        "description": "شارع الشعاع 1 / الريان",
        "stationType": 3,
        "regionCode": "AE-ABU-DHABI",
        "OBJECTID": 1099,
        "landmark": ""
      }
    },
    {
      "type": "Feature",
      "id": 1099,
      "geometry": {
        "type": "Point",
        "coordinates": [
          54.497672198000032,
          24.392548658000067,
          0
        ]
      },
      "properties": {
        "FID": 1099,
        "X": 54.497672000000001,
        "Y": 24.392548657599999,
        "name": "محطة شارع الظنة / شارع الإتحاد",
        "zones": "ريدان",
        "direction": "أ",
        "description": "شارع الظنة / شارع الإتحاد",
        "stationType": 3,
        "regionCode": "AE-ABU-DHABI",
        "OBJECTID": 1100,
        "landmark": ""
      }
    },
    {
      "type": "Feature",
      "id": 1100,
      "geometry": {
        "type": "Point",
        "coordinates": [
          54.495329753000078,
          24.393385452000075,
          0
        ]
      },
      "properties": {
        "FID": 1100,
        "X": 54.495330000000003,
        "Y": 24.3933854524,
        "name": "محطة شارع الظنة / مدرسة درويش بن كرم",
        "zones": "ريدان",
        "direction": "أ",
        "description": "شارع الظنة / مدرسة درويش بن كرم",
        "stationType": 3,
        "regionCode": "AE-ABU-DHABI",
        "OBJECTID": 1101,
        "landmark": ""
      }
    },
    {
      "type": "Feature",
      "id": 1101,
      "geometry": {
        "type": "Point",
        "coordinates": [
          54.515740684000036,
          24.395924167000032,
          0
        ]
      },
      "properties": {
        "FID": 1101,
        "X": 54.515740999999998,
        "Y": 24.3959241674,
        "name": "محطة شارع الم\u064Eقط\u064Eع / فندق إيبيس بوابة أبو ظبي",
        "zones": "ريدان",
        "direction": "ب",
        "description": "شارع الم\u064Eقط\u064Eع / فندق إيبيس بوابة أبو ظبي",
        "stationType": 3,
        "regionCode": "AE-ABU-DHABI",
        "OBJECTID": 1102,
        "landmark": ""
      }
    },
    {
      "type": "Feature",
      "id": 1102,
      "geometry": {
        "type": "Point",
        "coordinates": [
          54.512870759000066,
          24.397023365000052,
          0
        ]
      },
      "properties": {
        "FID": 1102,
        "X": 54.512870999999997,
        "Y": 24.397023365100001,
        "name": "محطة شارع الم\u064Eقط\u064Eع / أدنوك",
        "zones": "ريدان",
        "direction": "أ",
        "description": "شارع الم\u064Eقط\u064Eع / أدنوك",
        "stationType": 3,
        "regionCode": "AE-ABU-DHABI",
        "OBJECTID": 1103,
        "landmark": ""
      }
    },
    {
      "type": "Feature",
      "id": 1103,
      "geometry": {
        "type": "Point",
        "coordinates": [
          54.507463080000036,
          24.398360547000038,
          0
        ]
      },
      "properties": {
        "FID": 1103,
        "X": 54.507463000000001,
        "Y": 24.398360547199999,
        "name": "محطة شارع الم\u064Eقط\u064Eع / أدنوك (2)",
        "zones": "ريدان",
        "direction": "أ",
        "description": "شارع الم\u064Eقط\u064Eع / أدنوك (2)",
        "stationType": 3,
        "regionCode": "AE-ABU-DHABI",
        "OBJECTID": 1104,
        "landmark": ""
      }
    },
    {
      "type": "Feature",
      "id": 1104,
      "geometry": {
        "type": "Point",
        "coordinates": [
          54.508843094000042,
          24.397850723000033,
          0
        ]
      },
      "properties": {
        "FID": 1104,
        "X": 54.508842999999999,
        "Y": 24.397850722899999,
        "name": "محطة شارع الم\u064Eقط\u064Eع / أدنوك (2)",
        "zones": "ريدان",
        "direction": "ب",
        "description": "شارع الم\u064Eقط\u064Eع / أدنوك (2)",
        "stationType": 3,
        "regionCode": "AE-ABU-DHABI",
        "OBJECTID": 1105,
        "landmark": ""
      }
    },
    {
      "type": "Feature",
      "id": 1105,
      "geometry": {
        "type": "Point",
        "coordinates": [
          54.49195618400006,
          24.420461966000062,
          0
        ]
      },
      "properties": {
        "FID": 1105,
        "X": 54.491956000000002,
        "Y": 24.420461965699999,
        "name": "محطة شارع المواقد / شركة الاغذية الوطنية",
        "zones": "ساس النخل",
        "direction": "أ",
        "description": "شارع المواقد / شركة الاغذية الوطنية",
        "stationType": 3,
        "regionCode": "AE-ABU-DHABI",
        "OBJECTID": 1106,
        "landmark": ""
      }
    },
    {
      "type": "Feature",
      "id": 1106,
      "geometry": {
        "type": "Point",
        "coordinates": [
          54.491072412000051,
          24.419291974000032,
          0
        ]
      },
      "properties": {
        "FID": 1106,
        "X": 54.491072000000003,
        "Y": 24.4192919744,
        "name": "محطة شارع المواقد / شركة الاغذية الوطنية",
        "zones": "ريدان",
        "direction": "ب",
        "description": "شارع المواقد / شركة الاغذية الوطنية",
        "stationType": 3,
        "regionCode": "AE-ABU-DHABI",
        "OBJECTID": 1107,
        "landmark": ""
      }
    },
    {
      "type": "Feature",
      "id": 1107,
      "geometry": {
        "type": "Point",
        "coordinates": [
          54.495762049000064,
          24.417429079000044,
          0
        ]
      },
      "properties": {
        "FID": 1107,
        "X": 54.495761999999999,
        "Y": 24.4174290791,
        "name": "محطة شارع المواقد / كلية الامارات للتطوير التربوي",
        "zones": "ريدان",
        "direction": "ب",
        "description": "شارع المواقد / كلية الامارات للتطوير التربوي",
        "stationType": 3,
        "regionCode": "AE-ABU-DHABI",
        "OBJECTID": 1108,
        "landmark": ""
      }
    },
    {
      "type": "Feature",
      "id": 1108,
      "geometry": {
        "type": "Point",
        "coordinates": [
          54.495803771000055,
          24.418810760000042,
          0
        ]
      },
      "properties": {
        "FID": 1108,
        "X": 54.495804,
        "Y": 24.418810759500001,
        "name": "محطة شارع المواقد / كلية الامارات للتطوير التربوي",
        "zones": "ساس النخل",
        "direction": "أ",
        "description": "شارع المواقد / كلية الامارات للتطوير التربوي",
        "stationType": 3,
        "regionCode": "AE-ABU-DHABI",
        "OBJECTID": 1109,
        "landmark": ""
      }
    },
    {
      "type": "Feature",
      "id": 1109,
      "geometry": {
        "type": "Point",
        "coordinates": [
          54.498806295000065,
          24.414518886000053,
          0
        ]
      },
      "properties": {
        "FID": 1109,
        "X": 54.498806000000002,
        "Y": 24.4145188856,
        "name": "محطة شارع المقطع /شارع راشد بن جابر الهاملي",
        "zones": "ريدان",
        "direction": "أ",
        "description": "شارع المقطع /شارع راشد بن جابر الهاملي",
        "stationType": 3,
        "regionCode": "AE-ABU-DHABI",
        "OBJECTID": 1110,
        "landmark": ""
      }
    },
    {
      "type": "Feature",
      "id": 1110,
      "geometry": {
        "type": "Point",
        "coordinates": [
          54.494991824000067,
          24.415999233000036,
          0
        ]
      },
      "properties": {
        "FID": 1110,
        "X": 54.494992000000003,
        "Y": 24.415999232899999,
        "name": "محطة شارع المقطع / شارع الن\u0651\u064Eايفة",
        "zones": "ريدان",
        "direction": "أ",
        "description": "شارع المقطع / شارع الن\u0651\u064Eايفة",
        "stationType": 3,
        "regionCode": "AE-ABU-DHABI",
        "OBJECTID": 1111,
        "landmark": ""
      }
    },
    {
      "type": "Feature",
      "id": 1111,
      "geometry": {
        "type": "Point",
        "coordinates": [
          54.492489513000066,
          24.415425239000058,
          0
        ]
      },
      "properties": {
        "FID": 1111,
        "X": 54.492489999999997,
        "Y": 24.415425239299999,
        "name": "محطة شارع حمد محمد ثاني الرميثي / فيرمونت باب البحر",
        "zones": "ريدان",
        "direction": "أ",
        "description": "شارع حمد محمد ثاني الرميثي / فيرمونت باب البحر",
        "stationType": 3,
        "regionCode": "AE-ABU-DHABI",
        "OBJECTID": 1112,
        "landmark": ""
      }
    },
    {
      "type": "Feature",
      "id": 1112,
      "geometry": {
        "type": "Point",
        "coordinates": [
          54.492633179000052,
          24.415138786000057,
          0
        ]
      },
      "properties": {
        "FID": 1112,
        "X": 54.492632999999998,
        "Y": 24.4151387864,
        "name": "محطة شارع حمد محمد ثاني الرميثي / فيرمونت باب البحر",
        "zones": "ريدان",
        "direction": "ب",
        "description": "شارع حمد محمد ثاني الرميثي / فيرمونت باب البحر",
        "stationType": 3,
        "regionCode": "AE-ABU-DHABI",
        "OBJECTID": 1113,
        "landmark": ""
      }
    },
    {
      "type": "Feature",
      "id": 1113,
      "geometry": {
        "type": "Point",
        "coordinates": [
          54.492202592000069,
          24.412487012000042,
          0
        ]
      },
      "properties": {
        "FID": 1113,
        "X": 54.492203000000003,
        "Y": 24.4124870124,
        "name": "محطة شارع حمد محمد ثاني الرميثي / مركز النقل المتكامل",
        "zones": "ريدان",
        "direction": "أ",
        "description": "شارع حمد محمد ثاني الرميثي / مركز النقل المتكامل",
        "stationType": 3,
        "regionCode": "AE-ABU-DHABI",
        "OBJECTID": 1114,
        "landmark": ""
      }
    },
    {
      "type": "Feature",
      "id": 1114,
      "geometry": {
        "type": "Point",
        "coordinates": [
          54.49236221700005,
          24.412390371000072,
          0
        ]
      },
      "properties": {
        "FID": 1114,
        "X": 54.492362,
        "Y": 24.412390371400001,
        "name": "محطة شارع حمد محمد ثاني الرميثي / مركز النقل المتكامل",
        "zones": "ريدان",
        "direction": "ب",
        "description": "شارع حمد محمد ثاني الرميثي / مركز النقل المتكامل",
        "stationType": 3,
        "regionCode": "AE-ABU-DHABI",
        "OBJECTID": 1115,
        "landmark": ""
      }
    },
    {
      "type": "Feature",
      "id": 1115,
      "geometry": {
        "type": "Point",
        "coordinates": [
          54.492076191000081,
          24.409407028000032,
          0
        ]
      },
      "properties": {
        "FID": 1115,
        "X": 54.492075999999997,
        "Y": 24.4094070284,
        "name": "محطة شارع حمد محمد ثاني الرميثي / سوق قرية البري",
        "zones": "ريدان",
        "direction": "ب",
        "description": "شارع حمد محمد ثاني الرميثي / سوق قرية البري",
        "stationType": 3,
        "regionCode": "AE-ABU-DHABI",
        "OBJECTID": 1116,
        "landmark": ""
      }
    },
    {
      "type": "Feature",
      "id": 1116,
      "geometry": {
        "type": "Point",
        "coordinates": [
          54.491906002000064,
          24.409539598000038,
          0
        ]
      },
      "properties": {
        "FID": 1116,
        "X": 54.491906,
        "Y": 24.4095395985,
        "name": "محطة شارع حمد محمد ثاني الرميثي / سوق قرية البري",
        "zones": "ريدان",
        "direction": "أ",
        "description": "شارع حمد محمد ثاني الرميثي / سوق قرية البري",
        "stationType": 3,
        "regionCode": "AE-ABU-DHABI",
        "OBJECTID": 1117,
        "landmark": ""
      }
    },
    {
      "type": "Feature",
      "id": 1117,
      "geometry": {
        "type": "Point",
        "coordinates": [
          54.505269831000078,
          24.412161475000062,
          0
        ]
      },
      "properties": {
        "FID": 1117,
        "X": 54.505270000000003,
        "Y": 24.412161475400001,
        "name": "محطة شارع المقطع / أدنوك",
        "zones": "ريدان",
        "direction": "أ",
        "description": "شارع المقطع / أدنوك",
        "stationType": 3,
        "regionCode": "AE-ABU-DHABI",
        "OBJECTID": 1118,
        "landmark": ""
      }
    },
    {
      "type": "Feature",
      "id": 1118,
      "geometry": {
        "type": "Point",
        "coordinates": [
          54.505234346000066,
          24.407449252000049,
          0
        ]
      },
      "properties": {
        "FID": 1118,
        "X": 54.505234000000002,
        "Y": 24.407449251500001,
        "name": "محطة شارع الإتحاد / جمعية ابوظبي التعاونية",
        "zones": "ريدان",
        "direction": "أ",
        "description": "شارع الإتحاد / جمعية ابوظبي التعاونية",
        "stationType": 3,
        "regionCode": "AE-ABU-DHABI",
        "OBJECTID": 1119,
        "landmark": ""
      }
    },
    {
      "type": "Feature",
      "id": 1119,
      "geometry": {
        "type": "Point",
        "coordinates": [
          54.505927947000032,
          24.408769474000053,
          0
        ]
      },
      "properties": {
        "FID": 1119,
        "X": 54.505927999999997,
        "Y": 24.408769474300001,
        "name": "محطة شارع الإتحاد / جمعية ابوظبي التعاونية",
        "zones": "ريدان",
        "direction": "ب",
        "description": "شارع الإتحاد / جمعية ابوظبي التعاونية",
        "stationType": 3,
        "regionCode": "AE-ABU-DHABI",
        "OBJECTID": 1120,
        "landmark": ""
      }
    },
    {
      "type": "Feature",
      "id": 1120,
      "geometry": {
        "type": "Point",
        "coordinates": [
          54.50490559900004,
          24.405620553000063,
          0
        ]
      },
      "properties": {
        "FID": 1120,
        "X": 54.504905999999998,
        "Y": 24.4056205531,
        "name": "محطة بين الجسرين",
        "zones": "ريدان",
        "direction": "أ",
        "description": "امام صيدلية بين الجسرين",
        "stationType": 3,
        "regionCode": "AE-ABU-DHABI",
        "OBJECTID": 1121,
        "landmark": ""
      }
    },
    {
      "type": "Feature",
      "id": 1121,
      "geometry": {
        "type": "Point",
        "coordinates": [
          54.503884537000033,
          24.402408465000065,
          0
        ]
      },
      "properties": {
        "FID": 1121,
        "X": 54.503884999999997,
        "Y": 24.402408465400001,
        "name": "محطة شارع الإتحاد / مركز المقطع الصحي",
        "zones": "ريدان",
        "direction": "أ",
        "description": "شارع الإتحاد / مركز المقطع الصحي",
        "stationType": 3,
        "regionCode": "AE-ABU-DHABI",
        "OBJECTID": 1122,
        "landmark": ""
      }
    },
    {
      "type": "Feature",
      "id": 1122,
      "geometry": {
        "type": "Point",
        "coordinates": [
          54.504245393000076,
          24.403605866000078,
          0
        ]
      },
      "properties": {
        "FID": 1122,
        "X": 54.504244999999997,
        "Y": 24.403605865700001,
        "name": "محطة شارع الإتحاد / مركز المقطع الصحي",
        "zones": "ريدان",
        "direction": "ب",
        "description": "شارع الإتحاد / مركز المقطع الصحي",
        "stationType": 3,
        "regionCode": "AE-ABU-DHABI",
        "OBJECTID": 1123,
        "landmark": ""
      }
    },
    {
      "type": "Feature",
      "id": 1123,
      "geometry": {
        "type": "Point",
        "coordinates": [
          54.498220558000071,
          24.410230832000025,
          0
        ]
      },
      "properties": {
        "FID": 1123,
        "X": 54.498221000000001,
        "Y": 24.410230832300002,
        "name": "محطة شارع خلفان مطر سعيد الرميثي / مركز سكين ميد الطبي",
        "zones": "ريدان",
        "direction": "أ",
        "description": "شارع خلفان مطر سعيد الرميثي / مركز سكين ميد الطبي",
        "stationType": 3,
        "regionCode": "AE-ABU-DHABI",
        "OBJECTID": 1124,
        "landmark": ""
      }
    },
    {
      "type": "Feature",
      "id": 1124,
      "geometry": {
        "type": "Point",
        "coordinates": [
          54.49817502500008,
          24.41004053100005,
          0
        ]
      },
      "properties": {
        "FID": 1124,
        "X": 54.498175000000003,
        "Y": 24.4100405314,
        "name": "محطة شارع خلفان مطر سعيد الرميثي / مركز سكين ميد الطبي",
        "zones": "ريدان",
        "direction": "ب",
        "description": "شارع خلفان مطر سعيد الرميثي / مركز سكين ميد الطبي",
        "stationType": 3,
        "regionCode": "AE-ABU-DHABI",
        "OBJECTID": 1125,
        "landmark": ""
      }
    },
    {
      "type": "Feature",
      "id": 1125,
      "geometry": {
        "type": "Point",
        "coordinates": [
          54.496375921000038,
          24.407302947000062,
          0
        ]
      },
      "properties": {
        "FID": 1125,
        "X": 54.496375999999998,
        "Y": 24.407302946600002,
        "name": "محطة شارع د. محمد سعيد البادي الظاهري / سفارة المكسيك",
        "zones": "ريدان",
        "direction": "أ",
        "description": "شارع د محمد سعيد البادي الظاهري / سفارة المكسيك",
        "stationType": 3,
        "regionCode": "AE-ABU-DHABI",
        "OBJECTID": 1126,
        "landmark": ""
      }
    },
    {
      "type": "Feature",
      "id": 1126,
      "geometry": {
        "type": "Point",
        "coordinates": [
          54.49648858300003,
          24.407088184000031,
          0
        ]
      },
      "properties": {
        "FID": 1126,
        "X": 54.496488999999997,
        "Y": 24.407088184399999,
        "name": "محطة شارع د. محمد سعيد البادي الظاهري / سفارة المكسيك",
        "zones": "ريدان",
        "direction": "ب",
        "description": "شارع د محمد سعيد البادي الظاهري / سفارة المكسيك",
        "stationType": 3,
        "regionCode": "AE-ABU-DHABI",
        "OBJECTID": 1127,
        "landmark": ""
      }
    },
    {
      "type": "Feature",
      "id": 1127,
      "geometry": {
        "type": "Point",
        "coordinates": [
          54.493541066000034,
          24.406606139000075,
          0
        ]
      },
      "properties": {
        "FID": 1127,
        "X": 54.493541,
        "Y": 24.406606139299999,
        "name": "محطة جامع عذبة سعيد صالح المريخي",
        "zones": "ريدان",
        "direction": "أ",
        "description": "جامع عذبة سعيد صالح المريخي",
        "stationType": 3,
        "regionCode": "AE-ABU-DHABI",
        "OBJECTID": 1128,
        "landmark": ""
      }
    },
    {
      "type": "Feature",
      "id": 1128,
      "geometry": {
        "type": "Point",
        "coordinates": [
          54.514976011000044,
          24.407293629000037,
          0
        ]
      },
      "properties": {
        "FID": 1128,
        "X": 54.514975999999997,
        "Y": 24.407293629200002,
        "name": "محطة شارع المقطع / مدرسة قادة المستقبل الدولية",
        "zones": "ريدان",
        "direction": "أ",
        "description": "شارع المقطع / مدرسة قادة المستقبل الدولية",
        "stationType": 3,
        "regionCode": "AE-ABU-DHABI",
        "OBJECTID": 1129,
        "landmark": ""
      }
    },
    {
      "type": "Feature",
      "id": 1129,
      "geometry": {
        "type": "Point",
        "coordinates": [
          54.51518541300004,
          24.407170701000041,
          0
        ]
      },
      "properties": {
        "FID": 1129,
        "X": 54.515185000000002,
        "Y": 24.407170701399998,
        "name": "محطة شارع المقطع / مدرسة قادة المستقبل الدولية",
        "zones": "ريدان",
        "direction": "ب",
        "description": "شارع المقطع / مدرسة قادة المستقبل الدولية",
        "stationType": 3,
        "regionCode": "AE-ABU-DHABI",
        "OBJECTID": 1130,
        "landmark": ""
      }
    },
    {
      "type": "Feature",
      "id": 1130,
      "geometry": {
        "type": "Point",
        "coordinates": [
          54.514215817000036,
          24.405845982000073,
          0
        ]
      },
      "properties": {
        "FID": 1130,
        "X": 54.514215999999998,
        "Y": 24.405845981999999,
        "name": "محطة شارع مرشد بن عضيد الهاملي / حضانة برايت كيدز فرع بين الجسرين",
        "zones": "ريدان",
        "direction": "أ",
        "description": "شارع مرشد بن عضيد الهاملي / حضانة برايت كيدز فرع بين الجسرين",
        "stationType": 3,
        "regionCode": "AE-ABU-DHABI",
        "OBJECTID": 1131,
        "landmark": ""
      }
    },
    {
      "type": "Feature",
      "id": 1131,
      "geometry": {
        "type": "Point",
        "coordinates": [
          54.513054089000036,
          24.402757997000037,
          0
        ]
      },
      "properties": {
        "FID": 1131,
        "X": 54.513053999999997,
        "Y": 24.4027579971,
        "name": "محطة شارع مرشد بن عضيد الهاملي / مسجد ابوبكر الصديق",
        "zones": "ريدان",
        "direction": "أ",
        "description": "شارع مرشد بن عضيد الهاملي / مسجد ابوبكر الصديق",
        "stationType": 3,
        "regionCode": "AE-ABU-DHABI",
        "OBJECTID": 1132,
        "landmark": ""
      }
    },
    {
      "type": "Feature",
      "id": 1132,
      "geometry": {
        "type": "Point",
        "coordinates": [
          54.518407348000039,
          24.405219759000033,
          0
        ]
      },
      "properties": {
        "FID": 1132,
        "X": 54.518407000000003,
        "Y": 24.405219759000001,
        "name": "محطة شارع المقطع / مسجد الشيخ حمدان بن محمد آل نهيان",
        "zones": "ريدان",
        "direction": "أ",
        "description": "شارع المقطع و مسجد الشيخ حمدان بن محمد آل نهيان مركز تحفيظ القرآن الكريم",
        "stationType": 3,
        "regionCode": "AE-ABU-DHABI",
        "OBJECTID": 1133,
        "landmark": ""
      }
    },
    {
      "type": "Feature",
      "id": 1133,
      "geometry": {
        "type": "Point",
        "coordinates": [
          54.51988553800004,
          24.39716554000006,
          0
        ]
      },
      "properties": {
        "FID": 1133,
        "X": 54.519886,
        "Y": 24.397165540300001,
        "name": "محطة شارع الم\u064Eقط\u064Eع / مسجد ربدان",
        "zones": "ريدان",
        "direction": "أ",
        "description": "شارع الم\u064Eقط\u064Eع / مسجد ربدان",
        "stationType": 3,
        "regionCode": "AE-ABU-DHABI",
        "OBJECTID": 1134,
        "landmark": ""
      }
    },
    {
      "type": "Feature",
      "id": 1134,
      "geometry": {
        "type": "Point",
        "coordinates": [
          54.521646144000044,
          24.400886098000058,
          0
        ]
      },
      "properties": {
        "FID": 1134,
        "X": 54.521645999999997,
        "Y": 24.400886097800001,
        "name": "محطة شارع د محمد سعيد البادي الظاهري / حديقة النخلة",
        "zones": "ريدان",
        "direction": "أ",
        "description": "شارع د محمد سعيد البادي الظاهري / حديقة النخلة",
        "stationType": 3,
        "regionCode": "AE-ABU-DHABI",
        "OBJECTID": 1135,
        "landmark": ""
      }
    },
    {
      "type": "Feature",
      "id": 1135,
      "geometry": {
        "type": "Point",
        "coordinates": [
          54.518011546000082,
          24.400257888000056,
          0
        ]
      },
      "properties": {
        "FID": 1135,
        "X": 54.518011999999999,
        "Y": 24.400257888100001,
        "name": "محطة شارع الب\u0650ل\u0652د / مسجد مريم خميس الهاملي",
        "zones": "ريدان",
        "direction": "أ",
        "description": "شارع الب\u0650ل\u0652د / مسجد مريم خميس الهاملي",
        "stationType": 3,
        "regionCode": "AE-ABU-DHABI",
        "OBJECTID": 1136,
        "landmark": ""
      }
    },
    {
      "type": "Feature",
      "id": 1136,
      "geometry": {
        "type": "Point",
        "coordinates": [
          54.509226399000056,
          24.406946367000046,
          0
        ]
      },
      "properties": {
        "FID": 1136,
        "X": 54.509225999999998,
        "Y": 24.406946367100002,
        "name": "محطة شارع خلفان مطر سعيد الرميثي / معهد الجزيرة للعلوم والتكنولوجيا",
        "zones": "ريدان",
        "direction": "أ",
        "description": "شارع خلفان مطر سعيد الرميثي / معهد الجزيرة للعلوم والتكنولوجيا",
        "stationType": 3,
        "regionCode": "AE-ABU-DHABI",
        "OBJECTID": 1137,
        "landmark": ""
      }
    },
    {
      "type": "Feature",
      "id": 1137,
      "geometry": {
        "type": "Point",
        "coordinates": [
          54.509020749000058,
          24.403865065000048,
          0
        ]
      },
      "properties": {
        "FID": 1137,
        "X": 54.509020999999997,
        "Y": 24.403865065000002,
        "name": "محطة شارع د. محمد سعيد البادي الظاهري / مخبز مابوهاي",
        "zones": "ريدان",
        "direction": "أ",
        "description": "شارع د محمد سعيد البادي الظاهري / مخبز مابوهاي",
        "stationType": 3,
        "regionCode": "AE-ABU-DHABI",
        "OBJECTID": 1138,
        "landmark": ""
      }
    },
    {
      "type": "Feature",
      "id": 1138,
      "geometry": {
        "type": "Point",
        "coordinates": [
          54.498898660000066,
          24.408833971000035,
          0
        ]
      },
      "properties": {
        "FID": 1138,
        "X": 54.498899000000002,
        "Y": 24.4088339714,
        "name": "محطة شارع الن\u0651\u064Eت\u064Eل / حضانة الإمارات البريطانية",
        "zones": "ريدان",
        "direction": "أ",
        "description": "شارع الن\u0651\u064Eت\u064Eل / حضانة الإمارات البريطانية",
        "stationType": 3,
        "regionCode": "AE-ABU-DHABI",
        "OBJECTID": 1139,
        "landmark": ""
      }
    },
    {
      "type": "Feature",
      "id": 1139,
      "geometry": {
        "type": "Point",
        "coordinates": [
          54.499100604000034,
          24.406589810000071,
          0
        ]
      },
      "properties": {
        "FID": 1139,
        "X": 54.499101000000003,
        "Y": 24.4065898098,
        "name": "محطة شارع د محمد سعيد البادي الظاهري / مركز كابيلي للرجال",
        "zones": "ريدان",
        "direction": "أ",
        "description": "شارع د محمد سعيد البادي الظاهري / مركز كابيلي للرجال",
        "stationType": 3,
        "regionCode": "AE-ABU-DHABI",
        "OBJECTID": 1140,
        "landmark": ""
      }
    },
    {
      "type": "Feature",
      "id": 1140,
      "geometry": {
        "type": "Point",
        "coordinates": [
          54.502580088000059,
          24.402080057000035,
          0
        ]
      },
      "properties": {
        "FID": 1140,
        "X": 54.502580000000002,
        "Y": 24.402080057300001,
        "name": "محطة شارع حمد محمد ثاني الرميثي / مؤسسة الإمارات",
        "zones": "ريدان",
        "direction": "أ",
        "description": "شارع حمد محمد ثاني الرميثي / مؤسسة الإمارات",
        "stationType": 3,
        "regionCode": "AE-ABU-DHABI",
        "OBJECTID": 1141,
        "landmark": ""
      }
    },
    {
      "type": "Feature",
      "id": 1141,
      "geometry": {
        "type": "Point",
        "coordinates": [
          54.499596844000052,
          24.402915359000076,
          0
        ]
      },
      "properties": {
        "FID": 1141,
        "X": 54.499597000000001,
        "Y": 24.402915358600001,
        "name": "محطة شارع حمد محمد ثاني الرميثي / سينما سيتي القناة",
        "zones": "ريدان",
        "direction": "أ",
        "description": "شارع حمد محمد ثاني الرميثي / سينما سيتي القناة",
        "stationType": 3,
        "regionCode": "AE-ABU-DHABI",
        "OBJECTID": 1142,
        "landmark": ""
      }
    },
    {
      "type": "Feature",
      "id": 1142,
      "geometry": {
        "type": "Point",
        "coordinates": [
          54.496266920000039,
          24.403835124000068,
          0
        ]
      },
      "properties": {
        "FID": 1142,
        "X": 54.496267000000003,
        "Y": 24.403835124099999,
        "name": "محطة شارع حمد محمد ثاني الرميثي / سوبرماركت جرانديوس",
        "zones": "ريدان",
        "direction": "أ",
        "description": "شارع حمد محمد ثاني الرميثي / سوبرماركت جرانديوس",
        "stationType": 3,
        "regionCode": "AE-ABU-DHABI",
        "OBJECTID": 1143,
        "landmark": ""
      }
    },
    {
      "type": "Feature",
      "id": 1143,
      "geometry": {
        "type": "Point",
        "coordinates": [
          54.493125059000079,
          24.404712798000048,
          0
        ]
      },
      "properties": {
        "FID": 1143,
        "X": 54.493124999999999,
        "Y": 24.4047127981,
        "name": "محطة شارع احمد محمد ثاني الرميثي / بيتزا نابو القناة",
        "zones": "ريدان",
        "direction": "أ",
        "description": "شارع احمد محمد ثاني الرميثي / بيتزا نابو القناة",
        "stationType": 3,
        "regionCode": "AE-ABU-DHABI",
        "OBJECTID": 1144,
        "landmark": ""
      }
    },
    {
      "type": "Feature",
      "id": 1144,
      "geometry": {
        "type": "Point",
        "coordinates": [
          54.517512112000077,
          24.395556076000048,
          0
        ]
      },
      "properties": {
        "FID": 1144,
        "X": 54.517512000000004,
        "Y": 24.3955560759,
        "name": "محطة شارع الم\u064Eقط\u064Eع / فندق إيبيس بوابة أبو ظبي",
        "zones": "ريدان",
        "direction": "أ",
        "description": "شارع الم\u064Eقط\u064Eع / فندق إيبيس بوابة أبو ظبي",
        "stationType": 3,
        "regionCode": "AE-ABU-DHABI",
        "OBJECTID": 1145,
        "landmark": ""
      }
    },
    {
      "type": "Feature",
      "id": 1145,
      "geometry": {
        "type": "Point",
        "coordinates": [
          54.499853432000066,
          24.400897749000023,
          0
        ]
      },
      "properties": {
        "FID": 1145,
        "X": 54.499853000000002,
        "Y": 24.4008977487,
        "name": "محطة شارع القناة / ذا بريدج ويلنس هب",
        "zones": "ريدان",
        "direction": "أ",
        "description": " شارع القناة / ذا بريدج ويلنس هب",
        "stationType": 3,
        "regionCode": "AE-ABU-DHABI",
        "OBJECTID": 1146,
        "landmark": ""
      }
    },
    {
      "type": "Feature",
      "id": 1146,
      "geometry": {
        "type": "Point",
        "coordinates": [
          54.497031591000052,
          24.401546118000056,
          0
        ]
      },
      "properties": {
        "FID": 1146,
        "X": 54.497031999999997,
        "Y": 24.401546118199999,
        "name": "محطة شارع القناة / ناشونال اكواريوم",
        "zones": "ريدان",
        "direction": "ب",
        "description": " شارع القناة / ناشونال اكواريوم",
        "stationType": 3,
        "regionCode": "AE-ABU-DHABI",
        "OBJECTID": 1147,
        "landmark": ""
      }
    },
    {
      "type": "Feature",
      "id": 1147,
      "geometry": {
        "type": "Point",
        "coordinates": [
          54.494803055000034,
          24.402095942000074,
          0
        ]
      },
      "properties": {
        "FID": 1147,
        "X": 54.494802999999997,
        "Y": 24.402095942100001,
        "name": "محطة شارع القناة / حدائق الفراشات في أبوظبي",
        "zones": "ريدان",
        "direction": "أ",
        "description": "شارع القناة / حدائق الفراشات في أبوظبي",
        "stationType": 3,
        "regionCode": "AE-ABU-DHABI",
        "OBJECTID": 1148,
        "landmark": ""
      }
    },
    {
      "type": "Feature",
      "id": 1148,
      "geometry": {
        "type": "Point",
        "coordinates": [
          54.490937486000064,
          24.403187243000048,
          0
        ]
      },
      "properties": {
        "FID": 1148,
        "X": 54.490937000000002,
        "Y": 24.403187243000001,
        "name": "محطة شارع القناة / مطعم جراند بيروت القناة",
        "zones": "ريدان",
        "direction": "أ",
        "description": "شارع القناة / مطعم جراند بيروت القناة",
        "stationType": 3,
        "regionCode": "AE-ABU-DHABI",
        "OBJECTID": 1149,
        "landmark": ""
      }
    },
    {
      "type": "Feature",
      "id": 1149,
      "geometry": {
        "type": "Point",
        "coordinates": [
          54.501421186000073,
          24.395859984000026,
          0
        ]
      },
      "properties": {
        "FID": 1149,
        "X": 54.501421000000001,
        "Y": 24.395859984099999,
        "name": "محطة شارع الإتحاد / مستشفى دانة الامارات",
        "zones": "ريدان",
        "direction": "أ",
        "description": "محطة شارع الإتحاد / مستشفى دانة الامارات",
        "stationType": 3,
        "regionCode": "AE-ABU-DHABI",
        "OBJECTID": 1150,
        "landmark": ""
      }
    },
    {
      "type": "Feature",
      "id": 1150,
      "geometry": {
        "type": "Point",
        "coordinates": [
          54.501825236000059,
          24.396363090000023,
          0
        ]
      },
      "properties": {
        "FID": 1150,
        "X": 54.501824999999997,
        "Y": 24.396363089699999,
        "name": "محطة شارع الإتحاد / مستشفى دانة الامارات",
        "zones": "ريدان",
        "direction": "ب",
        "description": "محطة شارع الإتحاد / مستشفى دانة الامارات",
        "stationType": 3,
        "regionCode": "AE-ABU-DHABI",
        "OBJECTID": 1151,
        "landmark": ""
      }
    },
    {
      "type": "Feature",
      "id": 1151,
      "geometry": {
        "type": "Point",
        "coordinates": [
          54.50053030600003,
          24.392550742000026,
          0
        ]
      },
      "properties": {
        "FID": 1151,
        "X": 54.500529999999998,
        "Y": 24.392550742200001,
        "name": "محطة شارع الإتحاد / مدرسة ربدان",
        "zones": "ريدان",
        "direction": "أ",
        "description": "شارع الإتحاد / مدرسة ربدان",
        "stationType": 3,
        "regionCode": "AE-ABU-DHABI",
        "OBJECTID": 1152,
        "landmark": ""
      }
    },
    {
      "type": "Feature",
      "id": 1152,
      "geometry": {
        "type": "Point",
        "coordinates": [
          54.50047864000004,
          24.393172692000064,
          0
        ]
      },
      "properties": {
        "FID": 1152,
        "X": 54.500478999999999,
        "Y": 24.3931726916,
        "name": "محطة شارع الإتحاد / مدرسة ربدان",
        "zones": "ريدان",
        "direction": "ب",
        "description": "شارع الإتحاد / مدرسة ربدان",
        "stationType": 3,
        "regionCode": "AE-ABU-DHABI",
        "OBJECTID": 1153,
        "landmark": ""
      }
    },
    {
      "type": "Feature",
      "id": 1153,
      "geometry": {
        "type": "Point",
        "coordinates": [
          54.493022182000061,
          24.393952004000028,
          0
        ]
      },
      "properties": {
        "FID": 1153,
        "X": 54.493022000000003,
        "Y": 24.393952003700001,
        "name": "محطة شارع الظنة / قرية القرم",
        "zones": "ريدان",
        "direction": "أ",
        "description": "شارع الظنة / قرية القرمز",
        "stationType": 3,
        "regionCode": "AE-ABU-DHABI",
        "OBJECTID": 1154,
        "landmark": ""
      }
    },
    {
      "type": "Feature",
      "id": 1154,
      "geometry": {
        "type": "Point",
        "coordinates": [
          54.492764287000057,
          24.394534428000043,
          0
        ]
      },
      "properties": {
        "FID": 1154,
        "X": 54.492764000000001,
        "Y": 24.3945344282,
        "name": "محطة شارع الظنة / قرية القرم",
        "zones": "ريدان",
        "direction": "ب",
        "description": "شارع الظنة / قرية القرمز",
        "stationType": 3,
        "regionCode": "AE-ABU-DHABI",
        "OBJECTID": 1155,
        "landmark": ""
      }
    },
    {
      "type": "Feature",
      "id": 1155,
      "geometry": {
        "type": "Point",
        "coordinates": [
          54.488801272000046,
          24.400064899000029,
          0
        ]
      },
      "properties": {
        "FID": 1155,
        "X": 54.488801000000002,
        "Y": 24.4000648986,
        "name": "محطة مسجد الشهيد عادل صديق محمد الأسمني",
        "zones": "ريدان",
        "direction": "أ",
        "description": "مسجد الشهيد عادل صديق محمد الأسمني",
        "stationType": 3,
        "regionCode": "AE-ABU-DHABI",
        "OBJECTID": 1156,
        "landmark": ""
      }
    },
    {
      "type": "Feature",
      "id": 1156,
      "geometry": {
        "type": "Point",
        "coordinates": [
          54.487868390000074,
          24.398894082000027,
          0
        ]
      },
      "properties": {
        "FID": 1156,
        "X": 54.487867999999999,
        "Y": 24.398894082200002,
        "name": "محطة مسجد الشهيد عادل صديق محمد الأسمني",
        "zones": "ريدان",
        "direction": "ب",
        "description": "مسجد الشهيد عادل صديق محمد الأسمني",
        "stationType": 3,
        "regionCode": "AE-ABU-DHABI",
        "OBJECTID": 1157,
        "landmark": ""
      }
    },
    {
      "type": "Feature",
      "id": 1157,
      "geometry": {
        "type": "Point",
        "coordinates": [
          54.490466344000026,
          24.39909964800006,
          0
        ]
      },
      "properties": {
        "FID": 1157,
        "X": 54.490465999999998,
        "Y": 24.399099648,
        "name": "محطة جمعية القوات المسلحة فرع بين الجسرين",
        "zones": "ريدان",
        "direction": "أ",
        "description": "جمعية القوات المسلحة فرع بين الجسرين",
        "stationType": 3,
        "regionCode": "AE-ABU-DHABI",
        "OBJECTID": 1158,
        "landmark": ""
      }
    },
    {
      "type": "Feature",
      "id": 1158,
      "geometry": {
        "type": "Point",
        "coordinates": [
          54.492367505000061,
          24.39815634100006,
          0
        ]
      },
      "properties": {
        "FID": 1158,
        "X": 54.492367999999999,
        "Y": 24.398156341,
        "name": "محطة جمعية القوات المسلحة فرع بين الجسرين",
        "zones": "ريدان",
        "direction": "ب",
        "description": "جمعية القوات المسلحة فرع بين الجسرين",
        "stationType": 3,
        "regionCode": "AE-ABU-DHABI",
        "OBJECTID": 1159,
        "landmark": ""
      }
    },
    {
      "type": "Feature",
      "id": 1159,
      "geometry": {
        "type": "Point",
        "coordinates": [
          54.495984793000048,
          24.395652814000073,
          0
        ]
      },
      "properties": {
        "FID": 1159,
        "X": 54.495984999999997,
        "Y": 24.395652813800002,
        "name": "محطة شارع الظنة / مدرسة درويش بن كرم",
        "zones": "ريدان",
        "direction": "ب",
        "description": "شارع الظنة / مدرسة درويش بن كرم",
        "stationType": 3,
        "regionCode": "AE-ABU-DHABI",
        "OBJECTID": 1160,
        "landmark": ""
      }
    },
    {
      "type": "Feature",
      "id": 1160,
      "geometry": {
        "type": "Point",
        "coordinates": [
          54.495588444000077,
          24.397758364000026,
          0
        ]
      },
      "properties": {
        "FID": 1160,
        "X": 54.495587999999998,
        "Y": 24.397758363499999,
        "name": "محطة شارع الحامول",
        "zones": "ريدان",
        "direction": "أ",
        "description": "شارع الح\u064Eامول",
        "stationType": 3,
        "regionCode": "AE-ABU-DHABI",
        "OBJECTID": 1161,
        "landmark": ""
      }
    },
    {
      "type": "Feature",
      "id": 1161,
      "geometry": {
        "type": "Point",
        "coordinates": [
          54.50392412900004,
          24.394881324000039,
          0
        ]
      },
      "properties": {
        "FID": 1161,
        "X": 54.503923999999998,
        "Y": 24.394881323700002,
        "name": "محطة مسجد الشهيد محمد هزاع المنصوري",
        "zones": "ريدان",
        "direction": "أ",
        "description": "مسجد الشهيد محمد هزاع المنصوري",
        "stationType": 3,
        "regionCode": "AE-ABU-DHABI",
        "OBJECTID": 1162,
        "landmark": ""
      }
    },
    {
      "type": "Feature",
      "id": 1162,
      "geometry": {
        "type": "Point",
        "coordinates": [
          54.50262676400007,
          24.393695555000079,
          0
        ]
      },
      "properties": {
        "FID": 1162,
        "X": 54.502626999999997,
        "Y": 24.393695555000001,
        "name": "محطة شارع الفرضة",
        "zones": "ريدان",
        "direction": "أ",
        "description": "شارع الف\u064Eر\u0652ض\u064Eة",
        "stationType": 3,
        "regionCode": "AE-ABU-DHABI",
        "OBJECTID": 1163,
        "landmark": ""
      }
    },
    {
      "type": "Feature",
      "id": 1163,
      "geometry": {
        "type": "Point",
        "coordinates": [
          54.498461036000037,
          24.398031518000039,
          0
        ]
      },
      "properties": {
        "FID": 1163,
        "X": 54.498460999999999,
        "Y": 24.398031517700002,
        "name": "محطة شارع عبدالله المسعود المحيربي/ المقطع مول",
        "zones": "ريدان",
        "direction": "أ",
        "description": "شارع عبدالله المسعود المحيربي/ المقطع مول",
        "stationType": 3,
        "regionCode": "AE-ABU-DHABI",
        "OBJECTID": 1164,
        "landmark": ""
      }
    },
    {
      "type": "Feature",
      "id": 1164,
      "geometry": {
        "type": "Point",
        "coordinates": [
          54.497748071000046,
          24.395700024000064,
          0
        ]
      },
      "properties": {
        "FID": 1164,
        "X": 54.497748000000001,
        "Y": 24.395700023700002,
        "name": "محطة مسجد شهداء القوات المسلحة",
        "zones": "ريدان",
        "direction": "أ",
        "description": "مسجد شهداء القوات المسلحة",
        "stationType": 3,
        "regionCode": "AE-ABU-DHABI",
        "OBJECTID": 1165,
        "landmark": ""
      }
    },
    {
      "type": "Feature",
      "id": 1165,
      "geometry": {
        "type": "Point",
        "coordinates": [
          54.490202018000048,
          24.398012137000023,
          0
        ]
      },
      "properties": {
        "FID": 1165,
        "X": 54.490201999999996,
        "Y": 24.398012136799998,
        "name": "محطة شارع النسمات",
        "zones": "ريدان",
        "direction": "أ",
        "description": "شارع النسمات",
        "stationType": 3,
        "regionCode": "AE-ABU-DHABI",
        "OBJECTID": 1166,
        "landmark": ""
      }
    },
    {
      "type": "Feature",
      "id": 1166,
      "geometry": {
        "type": "Point",
        "coordinates": [
          54.489582422000069,
          24.396449378000057,
          0
        ]
      },
      "properties": {
        "FID": 1166,
        "X": 54.489581999999999,
        "Y": 24.396449378,
        "name": "محطة شارع النسمات",
        "zones": "ريدان",
        "direction": "ب",
        "description": "شارع النسمات",
        "stationType": 3,
        "regionCode": "AE-ABU-DHABI",
        "OBJECTID": 1167,
        "landmark": ""
      }
    },
    {
      "type": "Feature",
      "id": 1167,
      "geometry": {
        "type": "Point",
        "coordinates": [
          54.509106958000075,
          24.393946738000068,
          0
        ]
      },
      "properties": {
        "FID": 1167,
        "X": 54.509107,
        "Y": 24.393946738499999,
        "name": "محطة مسجد حي جمعة بن عباد الهاملي",
        "zones": "ريدان",
        "direction": "أ",
        "description": "مسجد حي جمعة بن عباد الهاملي",
        "stationType": 3,
        "regionCode": "AE-ABU-DHABI",
        "OBJECTID": 1168,
        "landmark": ""
      }
    },
    {
      "type": "Feature",
      "id": 1168,
      "geometry": {
        "type": "Point",
        "coordinates": [
          54.505163671000048,
          24.393493679000073,
          0
        ]
      },
      "properties": {
        "FID": 1168,
        "X": 54.505164000000001,
        "Y": 24.393493679199999,
        "name": "محطة شارع الصال",
        "zones": "ريدان",
        "direction": "أ",
        "description": "شارع الصال",
        "stationType": 3,
        "regionCode": "AE-ABU-DHABI",
        "OBJECTID": 1169,
        "landmark": ""
      }
    },
    {
      "type": "Feature",
      "id": 1169,
      "geometry": {
        "type": "Point",
        "coordinates": [
          54.51463566700005,
          24.392458026000043,
          0
        ]
      },
      "properties": {
        "FID": 1169,
        "X": 54.514636000000003,
        "Y": 24.3924580256,
        "name": "محطة شارع الجوهرة / منزال عام بوابة أبوظبي",
        "zones": "ريدان",
        "direction": "أ",
        "description": "شارع الجوهرة / منزال عام بوابة أبوظبي",
        "stationType": 3,
        "regionCode": "AE-ABU-DHABI",
        "OBJECTID": 1170,
        "landmark": ""
      }
    },
    {
      "type": "Feature",
      "id": 1170,
      "geometry": {
        "type": "Point",
        "coordinates": [
          54.508175864000066,
          24.392676779000055,
          0
        ]
      },
      "properties": {
        "FID": 1170,
        "X": 54.508175999999999,
        "Y": 24.3926767793,
        "name": "محطة مسجد حي جمعة بن عباد الهاملي",
        "zones": "ريدان",
        "direction": "ب",
        "description": "مسجد حي جمعة بن عباد الهاملي",
        "stationType": 3,
        "regionCode": "AE-ABU-DHABI",
        "OBJECTID": 1171,
        "landmark": ""
      }
    },
    {
      "type": "Feature",
      "id": 1171,
      "geometry": {
        "type": "Point",
        "coordinates": [
          54.541599483000027,
          24.395091680000064,
          0
        ]
      },
      "properties": {
        "FID": 1171,
        "X": 54.541598999999998,
        "Y": 24.395091680099998,
        "name": "محطة ستاد الشيخ زايد للكريكت",
        "zones": "مدينة خليفة",
        "direction": "أ",
        "description": "ستاد الشيخ زايد للكريكت",
        "stationType": 3,
        "regionCode": "AE-ABU-DHABI",
        "OBJECTID": 1172,
        "landmark": ""
      }
    },
    {
      "type": "Feature",
      "id": 1172,
      "geometry": {
        "type": "Point",
        "coordinates": [
          54.540193890000069,
          24.395402820000072,
          0
        ]
      },
      "properties": {
        "FID": 1172,
        "X": 54.540194,
        "Y": 24.395402820000001,
        "name": "محطة ستاد الشيخ زايد للكريكت",
        "zones": "مدينة خليفة",
        "direction": "ب",
        "description": "ستاد الشيخ زايد للكريكت",
        "stationType": 3,
        "regionCode": "AE-ABU-DHABI",
        "OBJECTID": 1173,
        "landmark": ""
      }
    },
    {
      "type": "Feature",
      "id": 1173,
      "geometry": {
        "type": "Point",
        "coordinates": [
          54.526484006000032,
          24.407039892000057,
          0
        ]
      },
      "properties": {
        "FID": 1173,
        "X": 54.526484000000004,
        "Y": 24.407039891899998,
        "name": "محطة مسجد قرية ساس النخل / سبينيس سوبرماركت",
        "zones": "مدينة خليفة",
        "direction": "أ",
        "description": "مسجد قرية ساس النخل / سبينيس سوبرماركت",
        "stationType": 3,
        "regionCode": "AE-ABU-DHABI",
        "OBJECTID": 1174,
        "landmark": ""
      }
    },
    {
      "type": "Feature",
      "id": 1174,
      "geometry": {
        "type": "Point",
        "coordinates": [
          54.529052954000065,
          24.404193465000048,
          0
        ]
      },
      "properties": {
        "FID": 1174,
        "X": 54.529052999999998,
        "Y": 24.404193464999999,
        "name": "محطة قرية ساس النخل / كشك تصاريح الإمارات",
        "zones": "مدينة خليفة",
        "direction": "أ",
        "description": "قرية ساس النخل / UAE Pass Kiosk كشك تصاريح الإمارات",
        "stationType": 3,
        "regionCode": "AE-ABU-DHABI",
        "OBJECTID": 1175,
        "landmark": ""
      }
    },
    {
      "type": "Feature",
      "id": 1175,
      "geometry": {
        "type": "Point",
        "coordinates": [
          54.533781998000052,
          24.401770329000044,
          0
        ]
      },
      "properties": {
        "FID": 1175,
        "X": 54.533782000000002,
        "Y": 24.401770329200001,
        "name": "محطة قرية ساس النخل / ملعب كورة القدم",
        "zones": "مدينة خليفة",
        "direction": "ب",
        "description": "قرية ساس النخل / ملعب كورة القدم",
        "stationType": 3,
        "regionCode": "AE-ABU-DHABI",
        "OBJECTID": 1176,
        "landmark": ""
      }
    },
    {
      "type": "Feature",
      "id": 1176,
      "geometry": {
        "type": "Point",
        "coordinates": [
          54.531688882000026,
          24.402458308000064,
          0
        ]
      },
      "properties": {
        "FID": 1176,
        "X": 54.531689,
        "Y": 24.402458308,
        "name": "محطة قرية ساس النخل / ملعب كورة القدم",
        "zones": "مدينة خليفة",
        "direction": "أ",
        "description": "قرية ساس النخل / ملعب كورة القدم",
        "stationType": 3,
        "regionCode": "AE-ABU-DHABI",
        "OBJECTID": 1177,
        "landmark": ""
      }
    },
    {
      "type": "Feature",
      "id": 1177,
      "geometry": {
        "type": "Point",
        "coordinates": [
          54.521100223000076,
          24.409659654000052,
          0
        ]
      },
      "properties": {
        "FID": 1177,
        "X": 54.521099999999997,
        "Y": 24.4096596541,
        "name": "محطة قرية ساس النخل / بوابة (1)",
        "zones": "مدينة خليفة",
        "direction": "أ",
        "description": "قرية ساس النخل / بوابة (1)",
        "stationType": 3,
        "regionCode": "AE-ABU-DHABI",
        "OBJECTID": 1178,
        "landmark": ""
      }
    },
    {
      "type": "Feature",
      "id": 1178,
      "geometry": {
        "type": "Point",
        "coordinates": [
          54.523048866000067,
          24.408806997000056,
          0
        ]
      },
      "properties": {
        "FID": 1178,
        "X": 54.523049,
        "Y": 24.408806997300001,
        "name": "محطة قرية ساس النخل / بوابة (1)",
        "zones": "مدينة خليفة",
        "direction": "ب",
        "description": "قرية ساس النخل / بوابة (1)",
        "stationType": 3,
        "regionCode": "AE-ABU-DHABI",
        "OBJECTID": 1179,
        "landmark": ""
      }
    },
    {
      "type": "Feature",
      "id": 1179,
      "geometry": {
        "type": "Point",
        "coordinates": [
          54.537515518000077,
          24.408483488000059,
          0
        ]
      },
      "properties": {
        "FID": 1179,
        "X": 54.537515999999997,
        "Y": 24.4084834877,
        "name": "محطة شارع الكرابي",
        "zones": "مدينة خليفة",
        "direction": "أ",
        "description": "شارع الكرابي",
        "stationType": 3,
        "regionCode": "AE-ABU-DHABI",
        "OBJECTID": 1180,
        "landmark": ""
      }
    },
    {
      "type": "Feature",
      "id": 1180,
      "geometry": {
        "type": "Point",
        "coordinates": [
          54.534589228000073,
          24.405881406000049,
          0
        ]
      },
      "properties": {
        "FID": 1180,
        "X": 54.534588999999997,
        "Y": 24.405881405700001,
        "name": "محطة شارع الشعاع 2",
        "zones": "مدينة خليفة",
        "direction": "أ",
        "description": "شارع الشعاع (2)",
        "stationType": 3,
        "regionCode": "AE-ABU-DHABI",
        "OBJECTID": 1181,
        "landmark": ""
      }
    },
    {
      "type": "Feature",
      "id": 1181,
      "geometry": {
        "type": "Point",
        "coordinates": [
          54.532155076000038,
          24.407376193000061,
          0
        ]
      },
      "properties": {
        "FID": 1181,
        "X": 54.532155000000003,
        "Y": 24.407376192800001,
        "name": "محطة شارع التمويل(4)",
        "zones": "مدينة خليفة",
        "direction": "أ",
        "description": "شارع التمويل(4)",
        "stationType": 3,
        "regionCode": "AE-ABU-DHABI",
        "OBJECTID": 1182,
        "landmark": ""
      }
    },
    {
      "type": "Feature",
      "id": 1182,
      "geometry": {
        "type": "Point",
        "coordinates": [
          54.534712183000067,
          24.410206989000073,
          0
        ]
      },
      "properties": {
        "FID": 1182,
        "X": 54.534711999999999,
        "Y": 24.410206988700001,
        "name": "محطة شارع العريمة",
        "zones": "مدينة خليفة",
        "direction": "أ",
        "description": "شارع العريمة",
        "stationType": 3,
        "regionCode": "AE-ABU-DHABI",
        "OBJECTID": 1183,
        "landmark": ""
      }
    },
    {
      "type": "Feature",
      "id": 1183,
      "geometry": {
        "type": "Point",
        "coordinates": [
          54.540558837000049,
          24.413190546000067,
          0
        ]
      },
      "properties": {
        "FID": 1183,
        "X": 54.540559000000002,
        "Y": 24.413190546399999,
        "name": "محطة مسجد العليم",
        "zones": "مدينة خليفة",
        "direction": "أ",
        "description": "مسجد العليم",
        "stationType": 3,
        "regionCode": "AE-ABU-DHABI",
        "OBJECTID": 1184,
        "landmark": ""
      }
    },
    {
      "type": "Feature",
      "id": 1184,
      "geometry": {
        "type": "Point",
        "coordinates": [
          54.538935117000051,
          24.414572242000077,
          0
        ]
      },
      "properties": {
        "FID": 1184,
        "X": 54.538935000000002,
        "Y": 24.414572241999998,
        "name": "محطة شارع الأقحوانة",
        "zones": "مدينة خليفة",
        "direction": "أ",
        "description": "شارع الأقحوانة",
        "stationType": 3,
        "regionCode": "AE-ABU-DHABI",
        "OBJECTID": 1185,
        "landmark": ""
      }
    },
    {
      "type": "Feature",
      "id": 1185,
      "geometry": {
        "type": "Point",
        "coordinates": [
          54.537088431000029,
          24.414235297000062,
          0
        ]
      },
      "properties": {
        "FID": 1185,
        "X": 54.537087999999997,
        "Y": 24.414235297299999,
        "name": "محطة شارع الأقحوانة",
        "zones": "مدينة خليفة",
        "direction": "ب",
        "description": "شارع الأقحوانة",
        "stationType": 3,
        "regionCode": "AE-ABU-DHABI",
        "OBJECTID": 1186,
        "landmark": ""
      }
    },
    {
      "type": "Feature",
      "id": 1186,
      "geometry": {
        "type": "Point",
        "coordinates": [
          54.537889351000047,
          24.413092971000026,
          0
        ]
      },
      "properties": {
        "FID": 1186,
        "X": 54.537889,
        "Y": 24.413092970699999,
        "name": "محطة شارع مردف",
        "zones": "مدينة خليفة",
        "direction": "ب",
        "description": "شارع مردف (8)",
        "stationType": 3,
        "regionCode": "AE-ABU-DHABI",
        "OBJECTID": 1187,
        "landmark": ""
      }
    },
    {
      "type": "Feature",
      "id": 1187,
      "geometry": {
        "type": "Point",
        "coordinates": [
          54.536934217000066,
          24.415577700000028,
          0
        ]
      },
      "properties": {
        "FID": 1187,
        "X": 54.536934000000002,
        "Y": 24.4155777004,
        "name": "محطة شارع مردف",
        "zones": "مدينة خليفة",
        "direction": "أ",
        "description": "شارع مردف (8)",
        "stationType": 3,
        "regionCode": "AE-ABU-DHABI",
        "OBJECTID": 1188,
        "landmark": ""
      }
    },
    {
      "type": "Feature",
      "id": 1188,
      "geometry": {
        "type": "Point",
        "coordinates": [
          54.530469526000047,
          24.423072399000034,
          0
        ]
      },
      "properties": {
        "FID": 1188,
        "X": 54.530470000000001,
        "Y": 24.423072399199999,
        "name": "مجمع حدايق الجولف",
        "zones": "مدينة خليفة",
        "direction": "أ",
        "description": "مجمع حدائق الغولف",
        "stationType": 3,
        "regionCode": "AE-ABU-DHABI",
        "OBJECTID": 1189,
        "landmark": ""
      }
    },
    {
      "type": "Feature",
      "id": 1189,
      "geometry": {
        "type": "Point",
        "coordinates": [
          54.543811336000033,
          24.403540107000026,
          0
        ]
      },
      "properties": {
        "FID": 1189,
        "X": 54.543810999999998,
        "Y": 24.403540107200001,
        "name": "محطة منتجع الفرسان الرياضي الدولي",
        "zones": "مدينة خليفة",
        "direction": "أ",
        "description": "منتجع الفرسان الرياضي الدولي",
        "stationType": 3,
        "regionCode": "AE-ABU-DHABI",
        "OBJECTID": 1190,
        "landmark": ""
      }
    },
    {
      "type": "Feature",
      "id": 1190,
      "geometry": {
        "type": "Point",
        "coordinates": [
          54.544647614000041,
          24.406676781000044,
          0
        ]
      },
      "properties": {
        "FID": 1190,
        "X": 54.544648000000002,
        "Y": 24.406676780600002,
        "name": "محطة منتجع الفرسان الرياضي الدولي",
        "zones": "مدينة خليفة",
        "direction": "ب",
        "description": "منتجع الفرسان الرياضي الدولي",
        "stationType": 3,
        "regionCode": "AE-ABU-DHABI",
        "OBJECTID": 1191,
        "landmark": ""
      }
    },
    {
      "type": "Feature",
      "id": 1191,
      "geometry": {
        "type": "Point",
        "coordinates": [
          54.55224081800003,
          24.404461970000057,
          0
        ]
      },
      "properties": {
        "FID": 1191,
        "X": 54.552241000000002,
        "Y": 24.404461970300002,
        "name": "محطة شارع الفرسان / قرية الفرسان",
        "zones": "مدينة خليفة",
        "direction": "ب",
        "description": "شارع الفرسان / قرية الفرسان",
        "stationType": 3,
        "regionCode": "AE-ABU-DHABI",
        "OBJECTID": 1192,
        "landmark": ""
      }
    },
    {
      "type": "Feature",
      "id": 1192,
      "geometry": {
        "type": "Point",
        "coordinates": [
          54.550993380000079,
          24.406788637000034,
          0
        ]
      },
      "properties": {
        "FID": 1192,
        "X": 54.550992999999998,
        "Y": 24.4067886369,
        "name": "محطة شارع الفرسان / قرية الفرسان",
        "zones": "مدينة خليفة",
        "direction": "أ",
        "description": "شارع الفرسان / قرية الفرسان",
        "stationType": 3,
        "regionCode": "AE-ABU-DHABI",
        "OBJECTID": 1193,
        "landmark": ""
      }
    },
    {
      "type": "Feature",
      "id": 1193,
      "geometry": {
        "type": "Point",
        "coordinates": [
          54.548308047000035,
          24.407006918000036,
          0
        ]
      },
      "properties": {
        "FID": 1193,
        "X": 54.548307999999999,
        "Y": 24.407006918299999,
        "name": "محطة فندق ماريوت الفرسان",
        "zones": "مدينة خليفة",
        "direction": "أ",
        "description": "فندق ماريوت الفرسان",
        "stationType": 3,
        "regionCode": "AE-ABU-DHABI",
        "OBJECTID": 1194,
        "landmark": ""
      }
    },
    {
      "type": "Feature",
      "id": 1194,
      "geometry": {
        "type": "Point",
        "coordinates": [
          54.554328360000056,
          24.397410029000071,
          0
        ]
      },
      "properties": {
        "FID": 1194,
        "X": 54.554327999999998,
        "Y": 24.3974100294,
        "name": "محطة شارع الفرسان / وزارة العدل",
        "zones": "مدينة خليفة",
        "direction": "أ",
        "description": "شارع الفرسان / وزارة العدل",
        "stationType": 3,
        "regionCode": "AE-ABU-DHABI",
        "OBJECTID": 1195,
        "landmark": ""
      }
    },
    {
      "type": "Feature",
      "id": 1195,
      "geometry": {
        "type": "Point",
        "coordinates": [
          54.553344300000049,
          24.399885401000063,
          0
        ]
      },
      "properties": {
        "FID": 1195,
        "X": 54.553344000000003,
        "Y": 24.399885400999999,
        "name": "محطة شارع الفرسان / المكتب الرئيسي لهيئة الإمارات للهوية",
        "zones": "مدينة خليفة",
        "direction": "أ",
        "description": "شارع الفرسان / المكتب الرئيسي لهيئة الإمارات للهوية",
        "stationType": 3,
        "regionCode": "AE-ABU-DHABI",
        "OBJECTID": 1196,
        "landmark": ""
      }
    },
    {
      "type": "Feature",
      "id": 1196,
      "geometry": {
        "type": "Point",
        "coordinates": [
          54.553316644000063,
          24.401320144000067,
          0
        ]
      },
      "properties": {
        "FID": 1196,
        "X": 54.553317,
        "Y": 24.4013201442,
        "name": "محطة شارع الفرسان / المكتب الرئيسي لهيئة الإمارات للهوية",
        "zones": "مدينة خليفة",
        "direction": "ب",
        "description": "شارع الفرسان / المكتب الرئيسي لهيئة الإمارات للهوية",
        "stationType": 3,
        "regionCode": "AE-ABU-DHABI",
        "OBJECTID": 1197,
        "landmark": ""
      }
    },
    {
      "type": "Feature",
      "id": 1197,
      "geometry": {
        "type": "Point",
        "coordinates": [
          54.555327556000066,
          24.398753046000024,
          0
        ]
      },
      "properties": {
        "FID": 1197,
        "X": 54.555328000000003,
        "Y": 24.398753045599999,
        "name": "محطة شارع الفرسان / وزارة العدل",
        "zones": "مدينة خليفة",
        "direction": "ب",
        "description": "شارع الفرسان / وزارة العدل",
        "stationType": 3,
        "regionCode": "AE-ABU-DHABI",
        "OBJECTID": 1198,
        "landmark": ""
      }
    },
    {
      "type": "Feature",
      "id": 1198,
      "geometry": {
        "type": "Point",
        "coordinates": [
          54.548477267000067,
          24.415593691000026,
          0
        ]
      },
      "properties": {
        "FID": 1198,
        "X": 54.548476999999998,
        "Y": 24.415593691400002,
        "name": "محطة شارع الفرسان / شارع جمعة بو جمهور القبيسي",
        "zones": "مدينة خليفة",
        "direction": "أ",
        "description": "شارع الفرسان / شارع جمعة بو جمهور القبيسي",
        "stationType": 3,
        "regionCode": "AE-ABU-DHABI",
        "OBJECTID": 1199,
        "landmark": ""
      }
    },
    {
      "type": "Feature",
      "id": 1199,
      "geometry": {
        "type": "Point",
        "coordinates": [
          54.547146956000063,
          24.418117548000055,
          0
        ]
      },
      "properties": {
        "FID": 1199,
        "X": 54.547147000000002,
        "Y": 24.4181175479,
        "name": "محطة شارع الفرسان / شارع جمعة بو جمهور القبيسي",
        "zones": "مدينة خليفة",
        "direction": "ب",
        "description": "شارع الفرسان / شارع جمعة بو جمهور القبيسي",
        "stationType": 3,
        "regionCode": "AE-ABU-DHABI",
        "OBJECTID": 1200,
        "landmark": ""
      }
    },
    {
      "type": "Feature",
      "id": 1200,
      "geometry": {
        "type": "Point",
        "coordinates": [
          54.549815000000081,
          24.41166183200005,
          0
        ]
      },
      "properties": {
        "FID": 1200,
        "X": 54.549815000000002,
        "Y": 24.411661832499998,
        "name": "محطة ملعب كرة قدم الفرسان خارجي من العشب الطبيعي",
        "zones": "مدينة خليفة",
        "direction": "ب",
        "description": "ملعب كرة قدم الفرسان خارجي من العشب الطبيعي",
        "stationType": 3,
        "regionCode": "AE-ABU-DHABI",
        "OBJECTID": 1201,
        "landmark": ""
      }
    },
    {
      "type": "Feature",
      "id": 1201,
      "geometry": {
        "type": "Point",
        "coordinates": [
          54.549037214000066,
          24.412633104000065,
          0
        ]
      },
      "properties": {
        "FID": 1201,
        "X": 54.549036999999998,
        "Y": 24.412633104400001,
        "name": "محطة ملعب كرة قدم الفرسان خارجي من العشب الطبيعي",
        "zones": "مدينة خليفة",
        "direction": "أ",
        "description": "ملعب كرة قدم الفرسان خارجي من العشب الطبيعي",
        "stationType": 3,
        "regionCode": "AE-ABU-DHABI",
        "OBJECTID": 1202,
        "landmark": ""
      }
    },
    {
      "type": "Feature",
      "id": 1202,
      "geometry": {
        "type": "Point",
        "coordinates": [
          54.546679290000043,
          24.420890066000027,
          0
        ]
      },
      "properties": {
        "FID": 1202,
        "X": 54.546678999999997,
        "Y": 24.420890066199998,
        "name": "محطة شارع الفرسان /  شارع السفراء",
        "zones": "مدينة خليفة",
        "direction": "أ",
        "description": "شارع الفرسان /  شارع السفراء",
        "stationType": 3,
        "regionCode": "AE-ABU-DHABI",
        "OBJECTID": 1203,
        "landmark": ""
      }
    },
    {
      "type": "Feature",
      "id": 1203,
      "geometry": {
        "type": "Point",
        "coordinates": [
          54.545873325000059,
          24.42229412100005,
          0
        ]
      },
      "properties": {
        "FID": 1203,
        "X": 54.545873,
        "Y": 24.4222941212,
        "name": "محطة شارع الفرسان /  شارع السفراء",
        "zones": "مدينة خليفة",
        "direction": "ب",
        "description": "شارع الفرسان /  شارع السفراء",
        "stationType": 3,
        "regionCode": "AE-ABU-DHABI",
        "OBJECTID": 1204,
        "landmark": ""
      }
    },
    {
      "type": "Feature",
      "id": 1204,
      "geometry": {
        "type": "Point",
        "coordinates": [
          54.560394484000028,
          24.411534914000072,
          0
        ]
      },
      "properties": {
        "FID": 1204,
        "X": 54.560394000000002,
        "Y": 24.411534913600001,
        "name": "محطة شارع النخوة / حديقة الأرجوان",
        "zones": "مدينة خليفة",
        "direction": "أ",
        "description": "شارع النخوة / حديقة الأرجوان",
        "stationType": 3,
        "regionCode": "AE-ABU-DHABI",
        "OBJECTID": 1205,
        "landmark": ""
      }
    },
    {
      "type": "Feature",
      "id": 1205,
      "geometry": {
        "type": "Point",
        "coordinates": [
          54.562085079000042,
          24.412302326000031,
          0
        ]
      },
      "properties": {
        "FID": 1205,
        "X": 54.562085000000003,
        "Y": 24.412302325999999,
        "name": "محطة شارع النخوة / حديقة الأرجوان",
        "zones": "مدينة خليفة",
        "direction": "ب",
        "description": "شارع النخوة / حديقة الأرجوان",
        "stationType": 3,
        "regionCode": "AE-ABU-DHABI",
        "OBJECTID": 1206,
        "landmark": ""
      }
    },
    {
      "type": "Feature",
      "id": 1206,
      "geometry": {
        "type": "Point",
        "coordinates": [
          54.56524212000005,
          24.41319261700005,
          0
        ]
      },
      "properties": {
        "FID": 1206,
        "X": 54.565241999999998,
        "Y": 24.4131926168,
        "name": "محطة شارع النخوة / الفرسان سنترال مول",
        "zones": "مدينة خليفة",
        "direction": "أ",
        "description": "شارع النخوة / الفرسان سنترال مول",
        "stationType": 3,
        "regionCode": "AE-ABU-DHABI",
        "OBJECTID": 1207,
        "landmark": ""
      }
    },
    {
      "type": "Feature",
      "id": 1207,
      "geometry": {
        "type": "Point",
        "coordinates": [
          54.567003148000026,
          24.413374395000062,
          0
        ]
      },
      "properties": {
        "FID": 1207,
        "X": 54.567003,
        "Y": 24.4133743945,
        "name": "محطة شارع النخوة / الفرسان سنترال مول",
        "zones": "مدينة خليفة",
        "direction": "ب",
        "description": "شارع النخوة / الفرسان سنترال مول",
        "stationType": 3,
        "regionCode": "AE-ABU-DHABI",
        "OBJECTID": 1208,
        "landmark": ""
      }
    },
    {
      "type": "Feature",
      "id": 1208,
      "geometry": {
        "type": "Point",
        "coordinates": [
          54.570257597000079,
          24.414329335000048,
          0
        ]
      },
      "properties": {
        "FID": 1208,
        "X": 54.570258000000003,
        "Y": 24.4143293353,
        "name": "محطة شارع النخوة / مدرسة الأصايل",
        "zones": "مدينة خليفة",
        "direction": "أ",
        "description": "شارع النخوة / مدرسة الأصايل",
        "stationType": 3,
        "regionCode": "AE-ABU-DHABI",
        "OBJECTID": 1209,
        "landmark": ""
      }
    },
    {
      "type": "Feature",
      "id": 1209,
      "geometry": {
        "type": "Point",
        "coordinates": [
          54.574517482000033,
          24.415805812000031,
          0
        ]
      },
      "properties": {
        "FID": 1209,
        "X": 54.574517,
        "Y": 24.415805811799999,
        "name": "محطة شارع النخوة / شارع خليفة بن أحمد السويدي",
        "zones": "مدينة خليفة",
        "direction": "أ",
        "description": "شارع النخوة / شارع خليفة بن أحمد السويدي",
        "stationType": 3,
        "regionCode": "AE-ABU-DHABI",
        "OBJECTID": 1210,
        "landmark": ""
      }
    },
    {
      "type": "Feature",
      "id": 1210,
      "geometry": {
        "type": "Point",
        "coordinates": [
          54.578179906000059,
          24.416568547000054,
          0
        ]
      },
      "properties": {
        "FID": 1210,
        "X": 54.578180000000003,
        "Y": 24.416568547499999,
        "name": "محطة شارع الأصايل / مسجد الشيخ ناصر بن مذكر الهاجري",
        "zones": "مدينة خليفة",
        "direction": "أ",
        "description": "شارع الأصايل / مسجد الشيخ ناصر بن مذكر الهاجري",
        "stationType": 3,
        "regionCode": "AE-ABU-DHABI",
        "OBJECTID": 1211,
        "landmark": ""
      }
    },
    {
      "type": "Feature",
      "id": 1211,
      "geometry": {
        "type": "Point",
        "coordinates": [
          54.578312018000076,
          24.416877562000025,
          0
        ]
      },
      "properties": {
        "FID": 1211,
        "X": 54.578311999999997,
        "Y": 24.4168775616,
        "name": "محطة شارع الأصايل / مسجد الشيخ ناصر بن مذكر الهاجري",
        "zones": "مدينة خليفة",
        "direction": "ب",
        "description": "شارع الأصايل / مسجد الشيخ ناصر بن مذكر الهاجري",
        "stationType": 3,
        "regionCode": "AE-ABU-DHABI",
        "OBJECTID": 1212,
        "landmark": ""
      }
    },
    {
      "type": "Feature",
      "id": 1212,
      "geometry": {
        "type": "Point",
        "coordinates": [
          54.582439462000082,
          24.418071884000028,
          0
        ]
      },
      "properties": {
        "FID": 1212,
        "X": 54.582439000000001,
        "Y": 24.4180718844,
        "name": "محطة شارع النخوة / شارع مرشد بن علي المرر",
        "zones": "مدينة خليفة",
        "direction": "أ",
        "description": "شارع الن\u0651\u064Eخوة / شارع مرشد بن علي المرر",
        "stationType": 3,
        "regionCode": "AE-ABU-DHABI",
        "OBJECTID": 1213,
        "landmark": ""
      }
    },
    {
      "type": "Feature",
      "id": 1213,
      "geometry": {
        "type": "Point",
        "coordinates": [
          54.587337930000047,
          24.419161054000028,
          0
        ]
      },
      "properties": {
        "FID": 1213,
        "X": 54.587338000000003,
        "Y": 24.419161053900002,
        "name": "محطة شارع النخوة / مسجد احمد جمعة الزعابي",
        "zones": "مدينة خليفة",
        "direction": "أ",
        "description": "شارع النخوة / مسجد احمد جمعة الزعابي",
        "stationType": 3,
        "regionCode": "AE-ABU-DHABI",
        "OBJECTID": 1214,
        "landmark": ""
      }
    },
    {
      "type": "Feature",
      "id": 1214,
      "geometry": {
        "type": "Point",
        "coordinates": [
          54.590352590000066,
          24.42030131100006,
          0
        ]
      },
      "properties": {
        "FID": 1214,
        "X": 54.590353,
        "Y": 24.420301311300001,
        "name": "محطة شارع النخوة / مسجد احمد جمعة الزعابي",
        "zones": "مدينة خليفة",
        "direction": "ب",
        "description": "شارع النخوة / مسجد احمد جمعة الزعابي",
        "stationType": 3,
        "regionCode": "AE-ABU-DHABI",
        "OBJECTID": 1215,
        "landmark": ""
      }
    },
    {
      "type": "Feature",
      "id": 1215,
      "geometry": {
        "type": "Point",
        "coordinates": [
          54.595349618000057,
          24.421400826000024,
          0
        ]
      },
      "properties": {
        "FID": 1215,
        "X": 54.595350000000003,
        "Y": 24.421400826500001,
        "name": "محطة شارع النخوة / وزارة التعليم و المعرفة",
        "zones": "مدينة خليفة",
        "direction": "أ",
        "description": "شارع النخوة / وزارة التعليم و المعرفة",
        "stationType": 3,
        "regionCode": "AE-ABU-DHABI",
        "OBJECTID": 1216,
        "landmark": ""
      }
    },
    {
      "type": "Feature",
      "id": 1216,
      "geometry": {
        "type": "Point",
        "coordinates": [
          54.59897187100006,
          24.422740134000037,
          0
        ]
      },
      "properties": {
        "FID": 1216,
        "X": 54.598972000000003,
        "Y": 24.422740134400001,
        "name": "محطة شارع النخوة / حديقة الريحان",
        "zones": "مدينة خليفة",
        "direction": "أ",
        "description": "شارع النخوة / حديقة الريحان",
        "stationType": 3,
        "regionCode": "AE-ABU-DHABI",
        "OBJECTID": 1217,
        "landmark": ""
      }
    },
    {
      "type": "Feature",
      "id": 1217,
      "geometry": {
        "type": "Point",
        "coordinates": [
          54.601331063000032,
          24.423102521000033,
          0
        ]
      },
      "properties": {
        "FID": 1217,
        "X": 54.601331000000002,
        "Y": 24.423102521000001,
        "name": "محطة شارع النخوة / حديقة الريحان",
        "zones": "مدينة خليفة",
        "direction": "ب",
        "description": "شارع النخوة / حديقة الريحان",
        "stationType": 3,
        "regionCode": "AE-ABU-DHABI",
        "OBJECTID": 1218,
        "landmark": ""
      }
    },
    {
      "type": "Feature",
      "id": 1218,
      "geometry": {
        "type": "Point",
        "coordinates": [
          54.605443670000056,
          24.424584854000045,
          0
        ]
      },
      "properties": {
        "FID": 1218,
        "X": 54.605443999999999,
        "Y": 24.424584854300001,
        "name": "محطة شارع النخوة / حديقة الروضة",
        "zones": "مدينة خليفة",
        "direction": "أ",
        "description": "شارع النخوة / حديقة الروضة",
        "stationType": 3,
        "regionCode": "AE-ABU-DHABI",
        "OBJECTID": 1219,
        "landmark": ""
      }
    },
    {
      "type": "Feature",
      "id": 1219,
      "geometry": {
        "type": "Point",
        "coordinates": [
          54.547664892000057,
          24.41937157600006,
          0
        ]
      },
      "properties": {
        "FID": 1219,
        "X": 54.547665000000002,
        "Y": 24.419371576,
        "name": "محطة شارع جمعة بو جمهور القبيسي/ شارع الفرسان",
        "zones": "مدينة خليفة",
        "direction": "أ",
        "description": "شارع جمعة بو جمهور القبيسي/ شارع الفرسان",
        "stationType": 3,
        "regionCode": "AE-ABU-DHABI",
        "OBJECTID": 1220,
        "landmark": ""
      }
    },
    {
      "type": "Feature",
      "id": 1220,
      "geometry": {
        "type": "Point",
        "coordinates": [
          54.550821279000047,
          24.420298267000078,
          0
        ]
      },
      "properties": {
        "FID": 1220,
        "X": 54.550820999999999,
        "Y": 24.420298267100002,
        "name": "محطة شارع جمعة بو جمهور القبيسي/ شارع النجوم",
        "zones": "مدينة خليفة",
        "direction": "أ",
        "description": "شارع جمعة بو جمهور القبيسي/ شارع النجوم",
        "stationType": 3,
        "regionCode": "AE-ABU-DHABI",
        "OBJECTID": 1221,
        "landmark": ""
      }
    },
    {
      "type": "Feature",
      "id": 1221,
      "geometry": {
        "type": "Point",
        "coordinates": [
          54.550593045000028,
          24.420375808000074,
          0
        ]
      },
      "properties": {
        "FID": 1221,
        "X": 54.550592999999999,
        "Y": 24.420375808399999,
        "name": "محطة شارع جمعة بو جمهور القبيسي/ شارع بارز",
        "zones": "مدينة خليفة",
        "direction": "أ",
        "description": "شارع جمعة بو جمهور القبيسي/ شارع بارز",
        "stationType": 3,
        "regionCode": "AE-ABU-DHABI",
        "OBJECTID": 1222,
        "landmark": ""
      }
    },
    {
      "type": "Feature",
      "id": 1222,
      "geometry": {
        "type": "Point",
        "coordinates": [
          54.553573657000072,
          24.421218361000058,
          0
        ]
      },
      "properties": {
        "FID": 1222,
        "X": 54.553573999999998,
        "Y": 24.421218361200001,
        "name": "محطة شارع جمعة بو جمهور القبيسي / شارع أحمد بن سيف الفلاحي",
        "zones": "مدينة خليفة",
        "direction": "أ",
        "description": "شارع جمعة بو جمهور القبيسي / شارع أحمد بن سيف الفلاحي",
        "stationType": 3,
        "regionCode": "AE-ABU-DHABI",
        "OBJECTID": 1223,
        "landmark": ""
      }
    },
    {
      "type": "Feature",
      "id": 1223,
      "geometry": {
        "type": "Point",
        "coordinates": [
          54.556184512000073,
          24.421811173000037,
          0
        ]
      },
      "properties": {
        "FID": 1223,
        "X": 54.556184999999999,
        "Y": 24.421811172599998,
        "name": "محطة شارع جمعة بو جمهور القبيسي / شارع أحمد بن سيف الفلاحي",
        "zones": "مدينة خليفة",
        "direction": "ب",
        "description": "شارع جمعة بو جمهور القبيسي / شارع أحمد بن سيف الفلاحي",
        "stationType": 3,
        "regionCode": "AE-ABU-DHABI",
        "OBJECTID": 1224,
        "landmark": ""
      }
    },
    {
      "type": "Feature",
      "id": 1224,
      "geometry": {
        "type": "Point",
        "coordinates": [
          54.560675278000076,
          24.423075142000073,
          0
        ]
      },
      "properties": {
        "FID": 1224,
        "X": 54.560675000000003,
        "Y": 24.4230751415,
        "name": "محطة شارع جمعة بو جمهور القبيسي / شارع الع\u064Eراق\u0650يب",
        "zones": "مدينة خليفة",
        "direction": "أ",
        "description": "شارع جمعة بو جمهور القبيسي / شارع الع\u064Eراق\u0650يب",
        "stationType": 3,
        "regionCode": "AE-ABU-DHABI",
        "OBJECTID": 1225,
        "landmark": ""
      }
    },
    {
      "type": "Feature",
      "id": 1225,
      "geometry": {
        "type": "Point",
        "coordinates": [
          54.56716644100004,
          24.42490372900005,
          0
        ]
      },
      "properties": {
        "FID": 1225,
        "X": 54.567166,
        "Y": 24.4249037292,
        "name": "محطة شارع جمعة بو جمهور القبيسي / الدفاع المدني",
        "zones": "مدينة خليفة",
        "direction": "ب",
        "description": "شارع جمعة بو جمهور القبيسي /امام فرع الإنقاذ الفني والتدخل السريع مدينة خليفة مركز البلاغات",
        "stationType": 3,
        "regionCode": "AE-ABU-DHABI",
        "OBJECTID": 1226,
        "landmark": ""
      }
    },
    {
      "type": "Feature",
      "id": 1226,
      "geometry": {
        "type": "Point",
        "coordinates": [
          54.563800228000048,
          24.42410938200004,
          0
        ]
      },
      "properties": {
        "FID": 1226,
        "X": 54.563800000000001,
        "Y": 24.424109381899999,
        "name": "محطة شارع جمعة بو جمهور القبيسي / الدفاع المدني",
        "zones": "مدينة خليفة",
        "direction": "أ",
        "description": "شارع جمعة بو جمهور القبيسي /امام فرع الإنقاذ الفني والتدخل السريع مدينة خليفة مركز البلاغات",
        "stationType": 3,
        "regionCode": "AE-ABU-DHABI",
        "OBJECTID": 1227,
        "landmark": ""
      }
    },
    {
      "type": "Feature",
      "id": 1227,
      "geometry": {
        "type": "Point",
        "coordinates": [
          54.571055915000045,
          24.42617578200003,
          0
        ]
      },
      "properties": {
        "FID": 1227,
        "X": 54.571055999999999,
        "Y": 24.426175781600001,
        "name": "محطة شارع جمعة بو جمهور القبيسي / شارع النادر",
        "zones": "مدينة خليفة",
        "direction": "أ",
        "description": "شارع جمعة بو جمهور القبيسي / شارع النادر",
        "stationType": 3,
        "regionCode": "AE-ABU-DHABI",
        "OBJECTID": 1228,
        "landmark": ""
      }
    },
    {
      "type": "Feature",
      "id": 1228,
      "geometry": {
        "type": "Point",
        "coordinates": [
          54.573990491000075,
          24.426863759000071,
          0
        ]
      },
      "properties": {
        "FID": 1228,
        "X": 54.573990000000002,
        "Y": 24.426863759,
        "name": "محطة شارع جمعة بو جمهور القبيسي / شارع خليفة بن أحمد السويدي",
        "zones": "مدينة خليفة",
        "direction": "أ",
        "description": "شارع جمعة بو جمهور القبيسي / شارع خليفة بن أحمد السويدي",
        "stationType": 3,
        "regionCode": "AE-ABU-DHABI",
        "OBJECTID": 1229,
        "landmark": ""
      }
    },
    {
      "type": "Feature",
      "id": 1229,
      "geometry": {
        "type": "Point",
        "coordinates": [
          54.578438339000058,
          24.432459221000045,
          0
        ]
      },
      "properties": {
        "FID": 1229,
        "X": 54.578437999999998,
        "Y": 24.432459221399998,
        "name": "محطة شارع عبيد محمد عبدالله الكعبي/ حديقة السلام",
        "zones": "مدينة خليفة",
        "direction": "أ",
        "description": "شارع عبيد محمد عبدالله الكعبي/ حديقة السلام",
        "stationType": 3,
        "regionCode": "AE-ABU-DHABI",
        "OBJECTID": 1230,
        "landmark": ""
      }
    },
    {
      "type": "Feature",
      "id": 1230,
      "geometry": {
        "type": "Point",
        "coordinates": [
          54.578924535000056,
          24.431780998000079,
          0
        ]
      },
      "properties": {
        "FID": 1230,
        "X": 54.578924999999998,
        "Y": 24.431780997600001,
        "name": "محطة شارع عبيد محمد عبدالله الكعبي/ حديقة السلام",
        "zones": "مدينة خليفة",
        "direction": "ب",
        "description": "شارع عبيد محمد عبدالله الكعبي/ حديقة السلام",
        "stationType": 3,
        "regionCode": "AE-ABU-DHABI",
        "OBJECTID": 1231,
        "landmark": ""
      }
    },
    {
      "type": "Feature",
      "id": 1231,
      "geometry": {
        "type": "Point",
        "coordinates": [
          54.581303181000067,
          24.430095012000038,
          0
        ]
      },
      "properties": {
        "FID": 1231,
        "X": 54.581302999999998,
        "Y": 24.430095011700001,
        "name": "محطة شارع عبيد محمد عبدالله الكعبي/ المدرسة الإيطالية الدولية",
        "zones": "مدينة خليفة",
        "direction": "أ",
        "description": "شارع عبيد محمد عبدالله الكعبي/ المدرسة الإيطالية الدولية",
        "stationType": 3,
        "regionCode": "AE-ABU-DHABI",
        "OBJECTID": 1232,
        "landmark": ""
      }
    },
    {
      "type": "Feature",
      "id": 1232,
      "geometry": {
        "type": "Point",
        "coordinates": [
          54.581367180000029,
          24.43035780200006,
          0
        ]
      },
      "properties": {
        "FID": 1232,
        "X": 54.581367,
        "Y": 24.430357802300001,
        "name": "محطة شارع عبيد محمد عبدالله الكعبي/ المدرسة الإيطالية الدولية",
        "zones": "مدينة خليفة",
        "direction": "ب",
        "description": "شارع عبيد محمد عبدالله الكعبي/ المدرسة الإيطالية الدولية",
        "stationType": 3,
        "regionCode": "AE-ABU-DHABI",
        "OBJECTID": 1233,
        "landmark": ""
      }
    },
    {
      "type": "Feature",
      "id": 1233,
      "geometry": {
        "type": "Point",
        "coordinates": [
          54.585490947000039,
          24.427110988000038,
          0
        ]
      },
      "properties": {
        "FID": 1233,
        "X": 54.585490999999998,
        "Y": 24.427110987900001,
        "name": "محطة شارع عبيد محمد عبدالله الكعبي / حديقة السديرة",
        "zones": "مدينة خليفة",
        "direction": "أ",
        "description": "شارع عبيد محمد عبدالله الكعبي / حديقة السديرة",
        "stationType": 3,
        "regionCode": "AE-ABU-DHABI",
        "OBJECTID": 1234,
        "landmark": ""
      }
    },
    {
      "type": "Feature",
      "id": 1234,
      "geometry": {
        "type": "Point",
        "coordinates": [
          54.589601469000058,
          24.424549849000073,
          0
        ]
      },
      "properties": {
        "FID": 1234,
        "X": 54.589601000000002,
        "Y": 24.424549848800002,
        "name": "محطة شارع عبيد محمد عبدالله الكعبي / شارع دمية (2)",
        "zones": "مدينة خليفة",
        "direction": "أ",
        "description": "شارع عبيد محمد عبدالله الكعبي / شارع دمية (2)",
        "stationType": 3,
        "regionCode": "AE-ABU-DHABI",
        "OBJECTID": 1235,
        "landmark": ""
      }
    },
    {
      "type": "Feature",
      "id": 1235,
      "geometry": {
        "type": "Point",
        "coordinates": [
          54.590027754000062,
          24.42390673400007,
          0
        ]
      },
      "properties": {
        "FID": 1235,
        "X": 54.590027999999997,
        "Y": 24.423906734300001,
        "name": "محطة شارع عبيد محمد عبدالله الكعبي / شارع دمية (2)",
        "zones": "مدينة خليفة",
        "direction": "ب",
        "description": "شارع عبيد محمد عبدالله الكعبي / شارع دمية (2)",
        "stationType": 3,
        "regionCode": "AE-ABU-DHABI",
        "OBJECTID": 1236,
        "landmark": ""
      }
    },
    {
      "type": "Feature",
      "id": 1236,
      "geometry": {
        "type": "Point",
        "coordinates": [
          54.593109105000053,
          24.422060233000025,
          0
        ]
      },
      "properties": {
        "FID": 1236,
        "X": 54.593108999999998,
        "Y": 24.422060233300002,
        "name": "محطة شارع عبيد محمد عبدالله الكعبي / وزارة التعليم و المعرفة",
        "zones": "مدينة خليفة",
        "direction": "أ",
        "description": "شارع عبيد محمد عبدالله الكعبي / وزارة التعليم و المعرفة",
        "stationType": 3,
        "regionCode": "AE-ABU-DHABI",
        "OBJECTID": 1237,
        "landmark": ""
      }
    },
    {
      "type": "Feature",
      "id": 1237,
      "geometry": {
        "type": "Point",
        "coordinates": [
          54.596153407000031,
          24.419563165000056,
          0
        ]
      },
      "properties": {
        "FID": 1237,
        "X": 54.596153000000001,
        "Y": 24.419563165,
        "name": "محطة شارع عبيد محمد عبدالله الكعبي / وزارة التعليم و المعرفة",
        "zones": "مدينة خليفة",
        "direction": "أ",
        "description": "شارع عبيد محمد عبدالله الكعبي / وزارة التعليم و المعرفة",
        "stationType": 3,
        "regionCode": "AE-ABU-DHABI",
        "OBJECTID": 1238,
        "landmark": ""
      }
    },
    {
      "type": "Feature",
      "id": 1238,
      "geometry": {
        "type": "Point",
        "coordinates": [
          54.59826528800005,
          24.418405208000024,
          0
        ]
      },
      "properties": {
        "FID": 1238,
        "X": 54.598264999999998,
        "Y": 24.418405207500001,
        "name": "محطة شارع عبيد محمد عبدالله الكعبي/ حديقة الرفق",
        "zones": "مدينة خليفة",
        "direction": "أ",
        "description": "شارع عبيد محمد عبدالله الكعبي/ حديقة الرفق",
        "stationType": 3,
        "regionCode": "AE-ABU-DHABI",
        "OBJECTID": 1239,
        "landmark": ""
      }
    },
    {
      "type": "Feature",
      "id": 1239,
      "geometry": {
        "type": "Point",
        "coordinates": [
          54.601000143000078,
          24.41610170000007,
          0
        ]
      },
      "properties": {
        "FID": 1239,
        "X": 54.600999999999999,
        "Y": 24.416101699999999,
        "name": "محطة شارع عبيد محمد عبدالله الكعبي / حديقة السديم",
        "zones": "مدينة خليفة",
        "direction": "أ",
        "description": "شارع عبيد محمد عبدالله الكعبي / حديقة السديم",
        "stationType": 3,
        "regionCode": "AE-ABU-DHABI",
        "OBJECTID": 1240,
        "landmark": ""
      }
    },
    {
      "type": "Feature",
      "id": 1240,
      "geometry": {
        "type": "Point",
        "coordinates": [
          54.60348354100006,
          24.411970788000076,
          0
        ]
      },
      "properties": {
        "FID": 1240,
        "X": 54.603484000000002,
        "Y": 24.4119707879,
        "name": "محطة شارع عبيد محمد عبدالله الكعبي / مدارس المجتمع الدولي",
        "zones": "مدينة خليفة",
        "direction": "أ",
        "description": "شارع عبيد محمد عبدالله الكعبي / مدارس المجتمع الدولي",
        "stationType": 3,
        "regionCode": "AE-ABU-DHABI",
        "OBJECTID": 1241,
        "landmark": ""
      }
    },
    {
      "type": "Feature",
      "id": 1241,
      "geometry": {
        "type": "Point",
        "coordinates": [
          54.603793731000053,
          24.410161361000064,
          0
        ]
      },
      "properties": {
        "FID": 1241,
        "X": 54.603794000000001,
        "Y": 24.4101613608,
        "name": "محطة شارع عبيد محمد عبدالله الكعبي / مدارس المجتمع الدولي",
        "zones": "مدينة خليفة",
        "direction": "ب",
        "description": "شارع عبيد محمد عبدالله الكعبي / مدارس المجتمع الدولي",
        "stationType": 3,
        "regionCode": "AE-ABU-DHABI",
        "OBJECTID": 1242,
        "landmark": ""
      }
    },
    {
      "type": "Feature",
      "id": 1242,
      "geometry": {
        "type": "Point",
        "coordinates": [
          54.605029257000069,
          24.407373657000051,
          0
        ]
      },
      "properties": {
        "FID": 1242,
        "X": 54.605029000000002,
        "Y": 24.407373656899999,
        "name": "محطة شارع عبيد محمد عبدالله الكعبي/ ادنوك",
        "zones": "مدينة خليفة",
        "direction": "أ",
        "description": "شارع عبيد محمد عبدالله الكعبي/ ادنوك",
        "stationType": 3,
        "regionCode": "AE-ABU-DHABI",
        "OBJECTID": 1243,
        "landmark": ""
      }
    },
    {
      "type": "Feature",
      "id": 1243,
      "geometry": {
        "type": "Point",
        "coordinates": [
          54.566421779000052,
          24.402054959000054,
          0
        ]
      },
      "properties": {
        "FID": 1243,
        "X": 54.566422000000003,
        "Y": 24.402054959299999,
        "name": "محطة شارع حميد بن عبدالله الرميثي / شارع السواقي",
        "zones": "مدينة خليفة",
        "direction": "أ",
        "description": "شارع حميد بن عبدالله الرميثي / شارع السواقي",
        "stationType": 3,
        "regionCode": "AE-ABU-DHABI",
        "OBJECTID": 1244,
        "landmark": ""
      }
    },
    {
      "type": "Feature",
      "id": 1244,
      "geometry": {
        "type": "Point",
        "coordinates": [
          54.567022856000051,
          24.402064623000058,
          0
        ]
      },
      "properties": {
        "FID": 1244,
        "X": 54.567022999999999,
        "Y": 24.402064622899999,
        "name": "محطة شارع حميد بن عبدالله الرميثي / شارع السواقي",
        "zones": "مدينة خليفة",
        "direction": "ب",
        "description": "شارع حميد بن عبدالله الرميثي / شارع السواقي",
        "stationType": 3,
        "regionCode": "AE-ABU-DHABI",
        "OBJECTID": 1245,
        "landmark": ""
      }
    },
    {
      "type": "Feature",
      "id": 1245,
      "geometry": {
        "type": "Point",
        "coordinates": [
          54.574071830000037,
          24.404055272000051,
          0
        ]
      },
      "properties": {
        "FID": 1245,
        "X": 54.574072000000001,
        "Y": 24.404055272400001,
        "name": "محطة شارع حميد بن عبدالله الرميثي / شارع ذياب بن عيسى",
        "zones": "مدينة خليفة",
        "direction": "أ",
        "description": "شارع حميد بن عبدالله الرميثي / شارع ذياب بن عيسى",
        "stationType": 3,
        "regionCode": "AE-ABU-DHABI",
        "OBJECTID": 1246,
        "landmark": ""
      }
    },
    {
      "type": "Feature",
      "id": 1246,
      "geometry": {
        "type": "Point",
        "coordinates": [
          54.560030304000065,
          24.400228016000028,
          0
        ]
      },
      "properties": {
        "FID": 1246,
        "X": 54.560029999999998,
        "Y": 24.4002280158,
        "name": "محطة شارع حميد بن عبدالله الرميثي / روضه الاريام",
        "zones": "مدينة خليفة",
        "direction": "أ",
        "description": "شارع حميد بن عبدالله الرميثي / روضه الاريام",
        "stationType": 3,
        "regionCode": "AE-ABU-DHABI",
        "OBJECTID": 1247,
        "landmark": ""
      }
    },
    {
      "type": "Feature",
      "id": 1247,
      "geometry": {
        "type": "Point",
        "coordinates": [
          54.561682004000033,
          24.40147319600004,
          0
        ]
      },
      "properties": {
        "FID": 1247,
        "X": 54.561681999999998,
        "Y": 24.401473195800001,
        "name": "محطة شارع أحمد بن سيف الفلاحي / روضه الاريام",
        "zones": "مدينة خليفة",
        "direction": "أ",
        "description": "شارع أحمد بن سيف الفلاحي / روضه الاريام",
        "stationType": 3,
        "regionCode": "AE-ABU-DHABI",
        "OBJECTID": 1248,
        "landmark": ""
      }
    },
    {
      "type": "Feature",
      "id": 1248,
      "geometry": {
        "type": "Point",
        "coordinates": [
          54.562915118000035,
          24.400906341000052,
          0
        ]
      },
      "properties": {
        "FID": 1248,
        "X": 54.562914999999997,
        "Y": 24.400906340799999,
        "name": "محطة شارع حميد بن عبدالله الرميثي / شارع الباسم",
        "zones": "مدينة خليفة",
        "direction": "أ",
        "description": "شارع حميد بن عبدالله الرميثي/ شارع الباسم",
        "stationType": 3,
        "regionCode": "AE-ABU-DHABI",
        "OBJECTID": 1249,
        "landmark": ""
      }
    },
    {
      "type": "Feature",
      "id": 1249,
      "geometry": {
        "type": "Point",
        "coordinates": [
          54.578313966000053,
          24.40541399600005,
          0
        ]
      },
      "properties": {
        "FID": 1249,
        "X": 54.578313999999999,
        "Y": 24.405413996099998,
        "name": "محطة شارع حميد بن عبدالله الرميثي / شارع سيف محمد القبيسي",
        "zones": "مدينة خليفة",
        "direction": "أ",
        "description": "شارع حميد بن عبدالله الرميثي / شارع سيف محمد القبيسي",
        "stationType": 3,
        "regionCode": "AE-ABU-DHABI",
        "OBJECTID": 1250,
        "landmark": ""
      }
    },
    {
      "type": "Feature",
      "id": 1250,
      "geometry": {
        "type": "Point",
        "coordinates": [
          54.581826767000052,
          24.406255471000065,
          0
        ]
      },
      "properties": {
        "FID": 1250,
        "X": 54.581826999999997,
        "Y": 24.4062554709,
        "name": "محطة شارع حميد بن عبدالله الرميثي / شارع الانتماء",
        "zones": "مدينة خليفة",
        "direction": "أ",
        "description": "شارع حميد بن عبدالله الرميثي / شارع الانتماء",
        "stationType": 3,
        "regionCode": "AE-ABU-DHABI",
        "OBJECTID": 1251,
        "landmark": ""
      }
    },
    {
      "type": "Feature",
      "id": 1251,
      "geometry": {
        "type": "Point",
        "coordinates": [
          54.58983685000004,
          24.408531563000054,
          0
        ]
      },
      "properties": {
        "FID": 1251,
        "X": 54.589837000000003,
        "Y": 24.4085315632,
        "name": "محطة شارع حميد بن عبدالله الرميثي / مدرسة راحة الدولية",
        "zones": "مدينة خليفة",
        "direction": "أ",
        "description": "شارع حميد بن عبدالله الرميثي / مدرسة راحة الدولية",
        "stationType": 3,
        "regionCode": "AE-ABU-DHABI",
        "OBJECTID": 1252,
        "landmark": ""
      }
    },
    {
      "type": "Feature",
      "id": 1252,
      "geometry": {
        "type": "Point",
        "coordinates": [
          54.586392382000042,
          24.407718437000028,
          0
        ]
      },
      "properties": {
        "FID": 1252,
        "X": 54.586391999999996,
        "Y": 24.407718437300002,
        "name": "محطة شارع حميد بن عبدالله الرميثي / مدرسة راحة الدولية",
        "zones": "مدينة خليفة",
        "direction": "ب",
        "description": "شارع حميد بن عبدالله الرميثي / مدرسة راحة الدولية",
        "stationType": 3,
        "regionCode": "AE-ABU-DHABI",
        "OBJECTID": 1253,
        "landmark": ""
      }
    },
    {
      "type": "Feature",
      "id": 1253,
      "geometry": {
        "type": "Point",
        "coordinates": [
          54.596808306000071,
          24.410492880000049,
          0
        ]
      },
      "properties": {
        "FID": 1253,
        "X": 54.596808000000003,
        "Y": 24.4104928798,
        "name": "محطة شارع حميد بن عبدالله الرميثي / شارع الكندي بن مصبح المرر",
        "zones": "مدينة خليفة",
        "direction": "ب",
        "description": "شارع حميد بن عبدالله الرميثي / شارع الكندي بن مصبح المرر",
        "stationType": 3,
        "regionCode": "AE-ABU-DHABI",
        "OBJECTID": 1254,
        "landmark": ""
      }
    },
    {
      "type": "Feature",
      "id": 1254,
      "geometry": {
        "type": "Point",
        "coordinates": [
          54.563567253000031,
          24.428537579000078,
          0
        ]
      },
      "properties": {
        "FID": 1254,
        "X": 54.563566999999999,
        "Y": 24.4285375788,
        "name": "محطة شارع ذياب بن عيسى / اكاديمية جميس الامريكية",
        "zones": "مدينة خليفة",
        "direction": "أ",
        "description": "شارع ذياب بن عيسى / اكاديمية جميس الامريكية",
        "stationType": 3,
        "regionCode": "AE-ABU-DHABI",
        "OBJECTID": 1255,
        "landmark": ""
      }
    },
    {
      "type": "Feature",
      "id": 1255,
      "geometry": {
        "type": "Point",
        "coordinates": [
          54.564645270000028,
          24.426307375000079,
          0
        ]
      },
      "properties": {
        "FID": 1255,
        "X": 54.564644999999999,
        "Y": 24.4263073748,
        "name": "محطة شارع ذياب بن عيسى / اكاديمية جميس الامريكية",
        "zones": "مدينة خليفة",
        "direction": "ب",
        "description": "شارع ذياب بن عيسى / اكاديمية جميس الامريكية",
        "stationType": 3,
        "regionCode": "AE-ABU-DHABI",
        "OBJECTID": 1256,
        "landmark": ""
      }
    },
    {
      "type": "Feature",
      "id": 1256,
      "geometry": {
        "type": "Point",
        "coordinates": [
          54.56593113200006,
          24.422491861000026,
          0
        ]
      },
      "properties": {
        "FID": 1256,
        "X": 54.565930999999999,
        "Y": 24.422491861099999,
        "name": "محطة شارع ذياب بن عيسى / السوق",
        "zones": "مدينة خليفة",
        "direction": "أ",
        "description": "شارع ذياب بن عيسى / السوق",
        "stationType": 3,
        "regionCode": "AE-ABU-DHABI",
        "OBJECTID": 1257,
        "landmark": ""
      }
    },
    {
      "type": "Feature",
      "id": 1257,
      "geometry": {
        "type": "Point",
        "coordinates": [
          54.565868225000031,
          24.42166042100007,
          0
        ]
      },
      "properties": {
        "FID": 1257,
        "X": 54.565868000000002,
        "Y": 24.4216604211,
        "name": "محطة شارع ذياب بن عيسى / السوق",
        "zones": "مدينة خليفة",
        "direction": "ب",
        "description": "شارع ذياب بن عيسى / السوق",
        "stationType": 3,
        "regionCode": "AE-ABU-DHABI",
        "OBJECTID": 1258,
        "landmark": ""
      }
    },
    {
      "type": "Feature",
      "id": 1258,
      "geometry": {
        "type": "Point",
        "coordinates": [
          54.567123906000063,
          24.417871484000045,
          0
        ]
      },
      "properties": {
        "FID": 1258,
        "X": 54.567124,
        "Y": 24.417871483599999,
        "name": "محطة شارع ذياب بن عيسى / مدرسة ساس النخل",
        "zones": "مدينة خليفة",
        "direction": "أ",
        "description": "شارع ذياب بن عيسى / مدرسة ساس النخل",
        "stationType": 3,
        "regionCode": "AE-ABU-DHABI",
        "OBJECTID": 1259,
        "landmark": ""
      }
    },
    {
      "type": "Feature",
      "id": 1259,
      "geometry": {
        "type": "Point",
        "coordinates": [
          54.568146080000076,
          24.415974322000068,
          0
        ]
      },
      "properties": {
        "FID": 1259,
        "X": 54.568145999999999,
        "Y": 24.415974321499998,
        "name": "محطة شارع ذياب بن عيسى / مدرسة ساس النخل",
        "zones": "مدينة خليفة",
        "direction": "ب",
        "description": "شارع ذياب بن عيسى / مدرسة ساس النخل",
        "stationType": 3,
        "regionCode": "AE-ABU-DHABI",
        "OBJECTID": 1260,
        "landmark": ""
      }
    },
    {
      "type": "Feature",
      "id": 1260,
      "geometry": {
        "type": "Point",
        "coordinates": [
          54.568816226000081,
          24.412898060000032,
          0
        ]
      },
      "properties": {
        "FID": 1260,
        "X": 54.568815999999998,
        "Y": 24.412898060500002,
        "name": "محطة شارع ذياب بن عيسى / فرسان سنترال مول",
        "zones": "مدينة خليفة",
        "direction": "أ",
        "description": "شارع ذياب بن عيسى / فرسان سنترال مول",
        "stationType": 3,
        "regionCode": "AE-ABU-DHABI",
        "OBJECTID": 1261,
        "landmark": ""
      }
    },
    {
      "type": "Feature",
      "id": 1261,
      "geometry": {
        "type": "Point",
        "coordinates": [
          54.570457225000041,
          24.408023074000027,
          0
        ]
      },
      "properties": {
        "FID": 1261,
        "X": 54.570456999999998,
        "Y": 24.408023074100001,
        "name": "محطة شارع ذياب بن عيسى/ مستشفى رويال ان ام سي",
        "zones": "مدينة خليفة",
        "direction": "ب",
        "description": "شارع ذياب بن عيسى/ مستشفى رويال ان ام سي",
        "stationType": 3,
        "regionCode": "AE-ABU-DHABI",
        "OBJECTID": 1262,
        "landmark": ""
      }
    },
    {
      "type": "Feature",
      "id": 1262,
      "geometry": {
        "type": "Point",
        "coordinates": [
          54.570299054000031,
          24.40959113200006,
          0
        ]
      },
      "properties": {
        "FID": 1262,
        "X": 54.570298999999999,
        "Y": 24.409591131799999,
        "name": "محطة شارع ذياب بن عيسى/ مستشفى رويال ان ام سي",
        "zones": "مدينة خليفة",
        "direction": "أ",
        "description": "شارع ذياب بن عيسى/ مستشفى رويال ان ام سي",
        "stationType": 3,
        "regionCode": "AE-ABU-DHABI",
        "OBJECTID": 1263,
        "landmark": ""
      }
    },
    {
      "type": "Feature",
      "id": 1263,
      "geometry": {
        "type": "Point",
        "coordinates": [
          54.572002520000069,
          24.404536595000025,
          0
        ]
      },
      "properties": {
        "FID": 1263,
        "X": 54.572003000000002,
        "Y": 24.404536594900001,
        "name": "محطة شارع ذياب بن عيسى / شارع حميد بن عبدالله الرميثي",
        "zones": "مدينة خليفة",
        "direction": "أ",
        "description": "شارع ذياب بن عيسى / شارع حميد بن عبدالله الرميثي",
        "stationType": 3,
        "regionCode": "AE-ABU-DHABI",
        "OBJECTID": 1264,
        "landmark": ""
      }
    },
    {
      "type": "Feature",
      "id": 1264,
      "geometry": {
        "type": "Point",
        "coordinates": [
          54.571491162000029,
          24.404988738000043,
          0
        ]
      },
      "properties": {
        "FID": 1264,
        "X": 54.571491000000002,
        "Y": 24.404988738,
        "name": "محطة شارع ذياب بن عيسى / شارع حميد بن عبدالله الرميثي",
        "zones": "مدينة خليفة",
        "direction": "ب",
        "description": "شارع ذياب بن عيسى / شارع حميد بن عبدالله الرميثي",
        "stationType": 3,
        "regionCode": "AE-ABU-DHABI",
        "OBJECTID": 1265,
        "landmark": ""
      }
    },
    {
      "type": "Feature",
      "id": 1265,
      "geometry": {
        "type": "Point",
        "coordinates": [
          54.548579818000064,
          24.425587481000036,
          0
        ]
      },
      "properties": {
        "FID": 1265,
        "X": 54.548580000000001,
        "Y": 24.425587481400001,
        "name": "محطة شارع المريف / شارع الفرسان",
        "zones": "مدينة خليفة",
        "direction": "أ",
        "description": "شارع المريف / شارع الفرسان",
        "stationType": 3,
        "regionCode": "AE-ABU-DHABI",
        "OBJECTID": 1266,
        "landmark": ""
      }
    },
    {
      "type": "Feature",
      "id": 1266,
      "geometry": {
        "type": "Point",
        "coordinates": [
          54.548046321000072,
          24.425136544000054,
          0
        ]
      },
      "properties": {
        "FID": 1266,
        "X": 54.548045999999999,
        "Y": 24.425136544200001,
        "name": "محطة شارع المريف / شارع الفرسان",
        "zones": "مدينة خليفة",
        "direction": "ب",
        "description": "شارع المريف / شارع الفرسان",
        "stationType": 3,
        "regionCode": "AE-ABU-DHABI",
        "OBJECTID": 1267,
        "landmark": ""
      }
    },
    {
      "type": "Feature",
      "id": 1267,
      "geometry": {
        "type": "Point",
        "coordinates": [
          54.55326734700003,
          24.425852941000073,
          0
        ]
      },
      "properties": {
        "FID": 1267,
        "X": 54.553266999999998,
        "Y": 24.425852940799999,
        "name": "محطة شارع أحمد بن سيف الفلاحي / شارع المريف",
        "zones": "مدينة خليفة",
        "direction": "أ",
        "description": "شارع أحمد بن سيف الفلاحي / شارع المريف",
        "stationType": 3,
        "regionCode": "AE-ABU-DHABI",
        "OBJECTID": 1268,
        "landmark": ""
      }
    },
    {
      "type": "Feature",
      "id": 1268,
      "geometry": {
        "type": "Point",
        "coordinates": [
          54.55462837500005,
          24.422246366000024,
          0
        ]
      },
      "properties": {
        "FID": 1268,
        "X": 54.554628000000001,
        "Y": 24.422246366,
        "name": "محطة شارع أحمد بن سيف الفلاحي / شارع جمعة بو جمهور القبيسي",
        "zones": "مدينة خليفة",
        "direction": "أ",
        "description": "شارع أحمد بن سيف الفلاحي / شارع جمعة بو جمهور القبيسي",
        "stationType": 3,
        "regionCode": "AE-ABU-DHABI",
        "OBJECTID": 1269,
        "landmark": ""
      }
    },
    {
      "type": "Feature",
      "id": 1269,
      "geometry": {
        "type": "Point",
        "coordinates": [
          54.554971927000054,
          24.420789653000043,
          0
        ]
      },
      "properties": {
        "FID": 1269,
        "X": 54.554971999999999,
        "Y": 24.420789652700002,
        "name": "محطة شارع أحمد بن سيف الفلاحي / شارع جمعة بو جمهور القبيسي",
        "zones": "مدينة خليفة",
        "direction": "ب",
        "description": "شارع أحمد بن سيف الفلاحي / شارع جمعة بو جمهور القبيسي",
        "stationType": 3,
        "regionCode": "AE-ABU-DHABI",
        "OBJECTID": 1270,
        "landmark": ""
      }
    },
    {
      "type": "Feature",
      "id": 1270,
      "geometry": {
        "type": "Point",
        "coordinates": [
          54.557616186000075,
          24.427836819000049,
          0
        ]
      },
      "properties": {
        "FID": 1270,
        "X": 54.557616000000003,
        "Y": 24.427836818799999,
        "name": "محطة شارع المريف / شارع الطلوع",
        "zones": "مدينة خليفة",
        "direction": "أ",
        "description": "شارع المريف / شارع الطلوع",
        "stationType": 3,
        "regionCode": "AE-ABU-DHABI",
        "OBJECTID": 1271,
        "landmark": ""
      }
    },
    {
      "type": "Feature",
      "id": 1271,
      "geometry": {
        "type": "Point",
        "coordinates": [
          54.549893961000066,
          24.414208535000057,
          0
        ]
      },
      "properties": {
        "FID": 1271,
        "X": 54.549894000000002,
        "Y": 24.414208535099998,
        "name": "محطة شارع محمد بن علي المهيري / شارع الصلاة",
        "zones": "مدينة خليفة",
        "direction": "أ",
        "description": "شارع محمد بن علي المهيري / شارع الصلاة",
        "stationType": 3,
        "regionCode": "AE-ABU-DHABI",
        "OBJECTID": 1272,
        "landmark": ""
      }
    },
    {
      "type": "Feature",
      "id": 1272,
      "geometry": {
        "type": "Point",
        "coordinates": [
          54.551937192000082,
          24.415090086000077,
          0
        ]
      },
      "properties": {
        "FID": 1272,
        "X": 54.551937000000002,
        "Y": 24.415090085700001,
        "name": "محطة شارع محمد بن علي المهيري / شارع المظاهير",
        "zones": "مدينة خليفة",
        "direction": "أ",
        "description": "شارع محمد بن علي المهيري / شارع المظاهير",
        "stationType": 3,
        "regionCode": "AE-ABU-DHABI",
        "OBJECTID": 1273,
        "landmark": ""
      }
    },
    {
      "type": "Feature",
      "id": 1273,
      "geometry": {
        "type": "Point",
        "coordinates": [
          54.554674701000067,
          24.413708195000027,
          0
        ]
      },
      "properties": {
        "FID": 1273,
        "X": 54.554675000000003,
        "Y": 24.4137081949,
        "name": "محطة مسجد محمد على فاضل الهاملي / شارع الصلاة",
        "zones": "مدينة خليفة",
        "direction": "أ",
        "description": "مسجد محمد على فاضل الهاملي / شارع الصلاة",
        "stationType": 3,
        "regionCode": "AE-ABU-DHABI",
        "OBJECTID": 1274,
        "landmark": ""
      }
    },
    {
      "type": "Feature",
      "id": 1274,
      "geometry": {
        "type": "Point",
        "coordinates": [
          54.556372607000071,
          24.417165642000043,
          0
        ]
      },
      "properties": {
        "FID": 1274,
        "X": 54.556373000000001,
        "Y": 24.417165641899999,
        "name": "محطة شارع محمد بن علي المهيري/  شارع أحمد بن سيف الفلاحي",
        "zones": "مدينة خليفة",
        "direction": "أ",
        "description": " شارع محمد بن علي المهيري/  شارع أحمد بن سيف الفلاحي",
        "stationType": 3,
        "regionCode": "AE-ABU-DHABI",
        "OBJECTID": 1275,
        "landmark": ""
      }
    },
    {
      "type": "Feature",
      "id": 1275,
      "geometry": {
        "type": "Point",
        "coordinates": [
          54.557039466000049,
          24.415298930000063,
          0
        ]
      },
      "properties": {
        "FID": 1275,
        "X": 54.557039000000003,
        "Y": 24.415298930500001,
        "name": "محطة شارع محمد بن علي المهيري/  شارع أحمد بن سيف الفلاحي",
        "zones": "مدينة خليفة",
        "direction": "ب",
        "description": "شارع محمد بن علي المهيري/  شارع أحمد بن سيف الفلاحي",
        "stationType": 3,
        "regionCode": "AE-ABU-DHABI",
        "OBJECTID": 1276,
        "landmark": ""
      }
    },
    {
      "type": "Feature",
      "id": 1276,
      "geometry": {
        "type": "Point",
        "coordinates": [
          54.555676046000031,
          24.420060872000079,
          0
        ]
      },
      "properties": {
        "FID": 1276,
        "X": 54.555675999999998,
        "Y": 24.420060872299999,
        "name": "محطة شارع أحمد بن سيف الفلاحي/ شارع التناصر",
        "zones": "مدينة خليفة",
        "direction": "أ",
        "description": "شارع أحمد بن سيف الفلاحي/ شارع التناصر",
        "stationType": 3,
        "regionCode": "AE-ABU-DHABI",
        "OBJECTID": 1277,
        "landmark": ""
      }
    },
    {
      "type": "Feature",
      "id": 1277,
      "geometry": {
        "type": "Point",
        "coordinates": [
          54.558076570000082,
          24.412120342000037,
          0
        ]
      },
      "properties": {
        "FID": 1277,
        "X": 54.558076999999997,
        "Y": 24.4121203417,
        "name": "محطة شارع أحمد بن سيف الفلاحي/  مركز م\u0650ديم لإعداد الأسرة",
        "zones": "مدينة خليفة",
        "direction": "أ",
        "description": "شارع أحمد بن سيف الفلاحي/  مركز م\u0650ديم لإعداد الأسرة",
        "stationType": 3,
        "regionCode": "AE-ABU-DHABI",
        "OBJECTID": 1278,
        "landmark": ""
      }
    },
    {
      "type": "Feature",
      "id": 1278,
      "geometry": {
        "type": "Point",
        "coordinates": [
          54.555249789000072,
          24.408419020000053,
          0
        ]
      },
      "properties": {
        "FID": 1278,
        "X": 54.555250000000001,
        "Y": 24.4084190202,
        "name": "محطة مسجد غانم بن علي بن حموده",
        "zones": "مدينة خليفة",
        "direction": "أ",
        "description": "مسجد غانم بن علي بن حموده",
        "stationType": 3,
        "regionCode": "AE-ABU-DHABI",
        "OBJECTID": 1279,
        "landmark": ""
      }
    },
    {
      "type": "Feature",
      "id": 1279,
      "geometry": {
        "type": "Point",
        "coordinates": [
          54.556106090000071,
          24.406438027000036,
          0
        ]
      },
      "properties": {
        "FID": 1279,
        "X": 54.556106,
        "Y": 24.406438027,
        "name": "محطة مسجد غانم بن علي بن حموده",
        "zones": "مدينة خليفة",
        "direction": "ب",
        "description": "مسجد غانم بن علي بن حموده",
        "stationType": 3,
        "regionCode": "AE-ABU-DHABI",
        "OBJECTID": 1280,
        "landmark": ""
      }
    },
    {
      "type": "Feature",
      "id": 1280,
      "geometry": {
        "type": "Point",
        "coordinates": [
          54.557660163000037,
          24.403538573000048,
          0
        ]
      },
      "properties": {
        "FID": 1280,
        "X": 54.557659999999998,
        "Y": 24.403538573199999,
        "name": "محطة شارع الامانة / شارع المرياح",
        "zones": "مدينة خليفة",
        "direction": "أ",
        "description": "شارع الامانة / شارع المرياح",
        "stationType": 3,
        "regionCode": "AE-ABU-DHABI",
        "OBJECTID": 1281,
        "landmark": ""
      }
    },
    {
      "type": "Feature",
      "id": 1281,
      "geometry": {
        "type": "Point",
        "coordinates": [
          54.556343131000062,
          24.400782325000023,
          0
        ]
      },
      "properties": {
        "FID": 1281,
        "X": 54.556342999999998,
        "Y": 24.4007823247,
        "name": "محطة شارع التساوي / شارع الجدائل",
        "zones": "مدينة خليفة",
        "direction": "أ",
        "description": "شارع التساوي / شارع الجدائل",
        "stationType": 3,
        "regionCode": "AE-ABU-DHABI",
        "OBJECTID": 1282,
        "landmark": ""
      }
    },
    {
      "type": "Feature",
      "id": 1282,
      "geometry": {
        "type": "Point",
        "coordinates": [
          54.565442191000045,
          24.405848348000063,
          0
        ]
      },
      "properties": {
        "FID": 1282,
        "X": 54.565441999999997,
        "Y": 24.405848347700001,
        "name": "محطة مسجد عيسى سعد الله المهيري / ساحة المشتل",
        "zones": "مدينة خليفة",
        "direction": "أ",
        "description": "مسجد عيسى سعد الله المهيري / ساحة المشتل",
        "stationType": 3,
        "regionCode": "AE-ABU-DHABI",
        "OBJECTID": 1283,
        "landmark": ""
      }
    },
    {
      "type": "Feature",
      "id": 1283,
      "geometry": {
        "type": "Point",
        "coordinates": [
          54.564107854000042,
          24.402956481000047,
          0
        ]
      },
      "properties": {
        "FID": 1283,
        "X": 54.564107999999997,
        "Y": 24.402956481299999,
        "name": "محطة مسجد عيسى سعد الله المهيري / ساحة المشتل",
        "zones": "مدينة خليفة",
        "direction": "ب",
        "description": "مسجد عيسى سعد الله المهيري / ساحة المشتل",
        "stationType": 3,
        "regionCode": "AE-ABU-DHABI",
        "OBJECTID": 1284,
        "landmark": ""
      }
    },
    {
      "type": "Feature",
      "id": 1284,
      "geometry": {
        "type": "Point",
        "coordinates": [
          54.576948602000073,
          24.423742903000061,
          0
        ]
      },
      "properties": {
        "FID": 1284,
        "X": 54.576948999999999,
        "Y": 24.423742903299999,
        "name": "محطة مسجد أبو أيوب الأنصاري",
        "zones": "مدينة خليفة",
        "direction": "أ",
        "description": "مسجد أبو أيوب الأنصاري",
        "stationType": 3,
        "regionCode": "AE-ABU-DHABI",
        "OBJECTID": 1285,
        "landmark": ""
      }
    },
    {
      "type": "Feature",
      "id": 1285,
      "geometry": {
        "type": "Point",
        "coordinates": [
          54.578741088000072,
          24.426416356000061,
          0
        ]
      },
      "properties": {
        "FID": 1285,
        "X": 54.578741000000001,
        "Y": 24.426416356000001,
        "name": "محطة شارع العريق / مسجد أبو أيوب الأنصاري",
        "zones": "مدينة خليفة",
        "direction": "أ",
        "description": "شارع العريق / مسجد أبو أيوب الأنصاري",
        "stationType": 3,
        "regionCode": "AE-ABU-DHABI",
        "OBJECTID": 1286,
        "landmark": ""
      }
    },
    {
      "type": "Feature",
      "id": 1286,
      "geometry": {
        "type": "Point",
        "coordinates": [
          54.570154912000078,
          24.42380541700004,
          0
        ]
      },
      "properties": {
        "FID": 1286,
        "X": 54.570155,
        "Y": 24.423805416899999,
        "name": "محطة حديقة الفن",
        "zones": "مدينة خليفة",
        "direction": "أ",
        "description": "حديقة الفن",
        "stationType": 3,
        "regionCode": "AE-ABU-DHABI",
        "OBJECTID": 1287,
        "landmark": ""
      }
    },
    {
      "type": "Feature",
      "id": 1287,
      "geometry": {
        "type": "Point",
        "coordinates": [
          54.568751827000028,
          24.422428910000065,
          0
        ]
      },
      "properties": {
        "FID": 1287,
        "X": 54.568752000000003,
        "Y": 24.422428909800001,
        "name": "محطة حديقة الفن",
        "zones": "مدينة خليفة",
        "direction": "ب",
        "description": "حديقة الفن",
        "stationType": 3,
        "regionCode": "AE-ABU-DHABI",
        "OBJECTID": 1288,
        "landmark": ""
      }
    },
    {
      "type": "Feature",
      "id": 1288,
      "geometry": {
        "type": "Point",
        "coordinates": [
          54.584491850000063,
          24.422112423000044,
          0
        ]
      },
      "properties": {
        "FID": 1288,
        "X": 54.584491999999997,
        "Y": 24.4221124235,
        "name": "محطة شارع الصقور / مسجد صغير خلف بن خديه القبيسي",
        "zones": "مدينة خليفة",
        "direction": "أ",
        "description": "شارع الصقور / مسجد صغير خلف بن خديه القبيسي",
        "stationType": 3,
        "regionCode": "AE-ABU-DHABI",
        "OBJECTID": 1289,
        "landmark": ""
      }
    },
    {
      "type": "Feature",
      "id": 1289,
      "geometry": {
        "type": "Point",
        "coordinates": [
          54.589206270000034,
          24.421483570000078,
          0
        ]
      },
      "properties": {
        "FID": 1289,
        "X": 54.589205999999997,
        "Y": 24.421483569900001,
        "name": "محطة شارع شجاع بن وهب / مسجد صغير خلف بن خديه القبيسي",
        "zones": "مدينة خليفة",
        "direction": "أ",
        "description": "شارع شجاع بن وهب / مسجد صغير خلف بن خديه القبيسي",
        "stationType": 3,
        "regionCode": "AE-ABU-DHABI",
        "OBJECTID": 1290,
        "landmark": ""
      }
    },
    {
      "type": "Feature",
      "id": 1290,
      "geometry": {
        "type": "Point",
        "coordinates": [
          54.579819246000056,
          24.420548368000027,
          0
        ]
      },
      "properties": {
        "FID": 1290,
        "X": 54.579819000000001,
        "Y": 24.4205483685,
        "name": "محطة شارع المساع / معهد المدينة لتحفيظ القران الكريم",
        "zones": "مدينة خليفة",
        "direction": "أ",
        "description": "شارع المساع / معهد المدينة لتحفيظ القران الكريم",
        "stationType": 3,
        "regionCode": "AE-ABU-DHABI",
        "OBJECTID": 1291,
        "landmark": ""
      }
    },
    {
      "type": "Feature",
      "id": 1291,
      "geometry": {
        "type": "Point",
        "coordinates": [
          54.579314583000041,
          24.41858155400007,
          0
        ]
      },
      "properties": {
        "FID": 1291,
        "X": 54.579315000000001,
        "Y": 24.418581553500001,
        "name": "محطة شارع البلوط / معهد المدينة لتحفيظ القران الكريم",
        "zones": "مدينة خليفة",
        "direction": "أ",
        "description": "شارع البلوط / معهد المدينة لتحفيظ القران الكريم",
        "stationType": 3,
        "regionCode": "AE-ABU-DHABI",
        "OBJECTID": 1292,
        "landmark": ""
      }
    },
    {
      "type": "Feature",
      "id": 1292,
      "geometry": {
        "type": "Point",
        "coordinates": [
          54.572354498000038,
          24.419110895000074,
          0
        ]
      },
      "properties": {
        "FID": 1292,
        "X": 54.572353999999997,
        "Y": 24.419110894700001,
        "name": "محطة شارع الصواري / مسجد عبد الله بن عمر",
        "zones": "مدينة خليفة",
        "direction": "أ",
        "description": "شارع الصواري / مسجد عبد الله بن عمر",
        "stationType": 3,
        "regionCode": "AE-ABU-DHABI",
        "OBJECTID": 1293,
        "landmark": ""
      }
    },
    {
      "type": "Feature",
      "id": 1293,
      "geometry": {
        "type": "Point",
        "coordinates": [
          54.570793579000053,
          24.417226395000057,
          0
        ]
      },
      "properties": {
        "FID": 1293,
        "X": 54.570793999999999,
        "Y": 24.4172263954,
        "name": "محطة شارع التنمية / مسجد عبد الله بن عمر",
        "zones": "مدينة خليفة",
        "direction": "أ",
        "description": "شارع التنمية / مسجد عبد الله بن عمر",
        "stationType": 3,
        "regionCode": "AE-ABU-DHABI",
        "OBJECTID": 1294,
        "landmark": ""
      }
    },
    {
      "type": "Feature",
      "id": 1294,
      "geometry": {
        "type": "Point",
        "coordinates": [
          54.594326531000036,
          24.41764758100004,
          0
        ]
      },
      "properties": {
        "FID": 1294,
        "X": 54.594327,
        "Y": 24.417647581099999,
        "name": "محطة شارع الترت\u0650يل",
        "zones": "مدينة خليفة",
        "direction": "أ",
        "description": "شارع الترت\u0650يل",
        "stationType": 3,
        "regionCode": "AE-ABU-DHABI",
        "OBJECTID": 1295,
        "landmark": ""
      }
    },
    {
      "type": "Feature",
      "id": 1295,
      "geometry": {
        "type": "Point",
        "coordinates": [
          54.588205868000045,
          24.415510139000048,
          0
        ]
      },
      "properties": {
        "FID": 1295,
        "X": 54.588206,
        "Y": 24.4155101387,
        "name": "محطة شارع الأرصاد / حديقة الجوري",
        "zones": "مدينة خليفة",
        "direction": "أ",
        "description": "شارع الأرصاد / حديقة الجوري",
        "stationType": 3,
        "regionCode": "AE-ABU-DHABI",
        "OBJECTID": 1296,
        "landmark": ""
      }
    },
    {
      "type": "Feature",
      "id": 1296,
      "geometry": {
        "type": "Point",
        "coordinates": [
          54.590677655000036,
          24.41616332500007,
          0
        ]
      },
      "properties": {
        "FID": 1296,
        "X": 54.590677999999997,
        "Y": 24.416163324900001,
        "name": "محطة شارع التين / حديقة الجوري",
        "zones": "مدينة خليفة",
        "direction": "أ",
        "description": "شارع التين / حديقة الجوري",
        "stationType": 3,
        "regionCode": "AE-ABU-DHABI",
        "OBJECTID": 1297,
        "landmark": ""
      }
    },
    {
      "type": "Feature",
      "id": 1297,
      "geometry": {
        "type": "Point",
        "coordinates": [
          54.582684214000039,
          24.414022911000075,
          0
        ]
      },
      "properties": {
        "FID": 1297,
        "X": 54.582684,
        "Y": 24.414022911299998,
        "name": "محطة شارع العواين / حديقة هيما",
        "zones": "مدينة خليفة",
        "direction": "أ",
        "description": "شارع العواين / حديقة هيما",
        "stationType": 3,
        "regionCode": "AE-ABU-DHABI",
        "OBJECTID": 1298,
        "landmark": ""
      }
    },
    {
      "type": "Feature",
      "id": 1298,
      "geometry": {
        "type": "Point",
        "coordinates": [
          54.579081624000082,
          24.415292197000042,
          0
        ]
      },
      "properties": {
        "FID": 1298,
        "X": 54.579082,
        "Y": 24.415292197100001,
        "name": "محطة شارع الب\u064Eيز\u064Eرة / حديقة هيما",
        "zones": "مدينة خليفة",
        "direction": "أ",
        "description": "شارع الب\u064Eيز\u064Eرة / حديقة هيما",
        "stationType": 3,
        "regionCode": "AE-ABU-DHABI",
        "OBJECTID": 1299,
        "landmark": ""
      }
    },
    {
      "type": "Feature",
      "id": 1299,
      "geometry": {
        "type": "Point",
        "coordinates": [
          54.572406541000078,
          24.411240688000078,
          0
        ]
      },
      "properties": {
        "FID": 1299,
        "X": 54.572406999999998,
        "Y": 24.411240688100001,
        "name": "محطة شارع المسعف / ستشفى إن إم سي رويال مدينة خليفة",
        "zones": "مدينة خليفة",
        "direction": "أ",
        "description": "محطة شارع المسعف / ستشفى إن إم سي رويال مدينة خليفة",
        "stationType": 3,
        "regionCode": "AE-ABU-DHABI",
        "OBJECTID": 1300,
        "landmark": ""
      }
    },
    {
      "type": "Feature",
      "id": 1300,
      "geometry": {
        "type": "Point",
        "coordinates": [
          54.574206731000061,
          24.414013596000075,
          0
        ]
      },
      "properties": {
        "FID": 1300,
        "X": 54.574207000000001,
        "Y": 24.4140135958,
        "name": "محطة شارع المندة / شارع التدبير",
        "zones": "مدينة خليفة",
        "direction": "أ",
        "description": "شارع المندة / شارع التدبير",
        "stationType": 3,
        "regionCode": "AE-ABU-DHABI",
        "OBJECTID": 1301,
        "landmark": ""
      }
    },
    {
      "type": "Feature",
      "id": 1301,
      "geometry": {
        "type": "Point",
        "coordinates": [
          54.573805054000047,
          24.407697677000044,
          0
        ]
      },
      "properties": {
        "FID": 1301,
        "X": 54.573805,
        "Y": 24.4076976773,
        "name": "محطة شارع ف\u064Eرض ل\u0650يوا / شارع التوعية",
        "zones": "مدينة خليفة",
        "direction": "أ",
        "description": "شارع ف\u064Eرض ل\u0650يوا / شارع التوعية",
        "stationType": 3,
        "regionCode": "AE-ABU-DHABI",
        "OBJECTID": 1302,
        "landmark": ""
      }
    },
    {
      "type": "Feature",
      "id": 1302,
      "geometry": {
        "type": "Point",
        "coordinates": [
          54.576751435000062,
          24.407230380000044,
          0
        ]
      },
      "properties": {
        "FID": 1302,
        "X": 54.576751000000002,
        "Y": 24.407230380400001,
        "name": "محطة شارع سيف محمد القبيسي / حديقة الشهيد",
        "zones": "مدينة خليفة",
        "direction": "أ",
        "description": "شارع سيف محمد القبيسي / حديقة الشهيد",
        "stationType": 3,
        "regionCode": "AE-ABU-DHABI",
        "OBJECTID": 1303,
        "landmark": ""
      }
    },
    {
      "type": "Feature",
      "id": 1303,
      "geometry": {
        "type": "Point",
        "coordinates": [
          54.581443325000066,
          24.409823826000036,
          0
        ]
      },
      "properties": {
        "FID": 1303,
        "X": 54.581443,
        "Y": 24.409823825699998,
        "name": "محطة شارع النباهة / حديقة الصبيح",
        "zones": "مدينة خليفة",
        "direction": "أ",
        "description": "شارع النباهة / حديقة الصبيح",
        "stationType": 3,
        "regionCode": "AE-ABU-DHABI",
        "OBJECTID": 1304,
        "landmark": ""
      }
    },
    {
      "type": "Feature",
      "id": 1304,
      "geometry": {
        "type": "Point",
        "coordinates": [
          54.583768576000068,
          24.410917072000075,
          0
        ]
      },
      "properties": {
        "FID": 1304,
        "X": 54.583768999999997,
        "Y": 24.410917071699998,
        "name": "محطة شارع النفيس / حديقة الصبيح",
        "zones": "مدينة خليفة",
        "direction": "أ",
        "description": "شارع النفيس / حديقة الصبيح",
        "stationType": 3,
        "regionCode": "AE-ABU-DHABI",
        "OBJECTID": 1305,
        "landmark": ""
      }
    },
    {
      "type": "Feature",
      "id": 1305,
      "geometry": {
        "type": "Point",
        "coordinates": [
          54.589525523000077,
          24.410909602000061,
          0
        ]
      },
      "properties": {
        "FID": 1305,
        "X": 54.589525999999999,
        "Y": 24.4109096016,
        "name": "محطة شارع المتفاني / سنترال مول",
        "zones": "مدينة خليفة",
        "direction": "أ",
        "description": "شارع المتفاني / سنترال مول",
        "stationType": 3,
        "regionCode": "AE-ABU-DHABI",
        "OBJECTID": 1306,
        "landmark": ""
      }
    },
    {
      "type": "Feature",
      "id": 1306,
      "geometry": {
        "type": "Point",
        "coordinates": [
          54.591396710000026,
          24.413078682000048,
          0
        ]
      },
      "properties": {
        "FID": 1306,
        "X": 54.591397000000001,
        "Y": 24.413078682199998,
        "name": "محطة شارع نمير / شارع الغيوم",
        "zones": "مدينة خليفة",
        "direction": "أ",
        "description": "شارع نمير / شارع الغيوم و سنترال مول",
        "stationType": 3,
        "regionCode": "AE-ABU-DHABI",
        "OBJECTID": 1307,
        "landmark": ""
      }
    },
    {
      "type": "Feature",
      "id": 1307,
      "geometry": {
        "type": "Point",
        "coordinates": [
          54.596967448000044,
          24.414060889000041,
          0
        ]
      },
      "properties": {
        "FID": 1307,
        "X": 54.596966999999999,
        "Y": 24.4140608885,
        "name": "محطة مسجد الرحمة / حديقة السديم",
        "zones": "مدينة خليفة",
        "direction": "أ",
        "description": "مسجد الرحمة / حديقة السديم",
        "stationType": 3,
        "regionCode": "AE-ABU-DHABI",
        "OBJECTID": 1308,
        "landmark": ""
      }
    },
    {
      "type": "Feature",
      "id": 1308,
      "geometry": {
        "type": "Point",
        "coordinates": [
          54.600501516000065,
          24.413277509000068,
          0
        ]
      },
      "properties": {
        "FID": 1308,
        "X": 54.600501999999999,
        "Y": 24.4132775094,
        "name": "محطة شارع الرحب / شارع المنظوم",
        "zones": "مدينة خليفة",
        "direction": "أ",
        "description": "شارع الرحب / شارع المنظوم",
        "stationType": 3,
        "regionCode": "AE-ABU-DHABI",
        "OBJECTID": 1309,
        "landmark": ""
      }
    },
    {
      "type": "Feature",
      "id": 1309,
      "geometry": {
        "type": "Point",
        "coordinates": [
          54.565459391000047,
          24.409062023000047,
          0
        ]
      },
      "properties": {
        "FID": 1309,
        "X": 54.565458999999997,
        "Y": 24.409062023099999,
        "name": "محطة لولو هايبرماركت /  فرسان سنترال مول",
        "zones": "مدينة خليفة",
        "direction": "أ",
        "description": "لولو هايبرماركت /  فرسان سنترال مول",
        "stationType": 3,
        "regionCode": "AE-ABU-DHABI",
        "OBJECTID": 1310,
        "landmark": ""
      }
    },
    {
      "type": "Feature",
      "id": 1310,
      "geometry": {
        "type": "Point",
        "coordinates": [
          54.561637416000053,
          24.410462757000062,
          0
        ]
      },
      "properties": {
        "FID": 1310,
        "X": 54.561636999999997,
        "Y": 24.410462757099999,
        "name": "محطة شارع الجداول / شارع اليمام",
        "zones": "مدينة خليفة",
        "direction": "أ",
        "description": "شارع الجداول / شارع اليمام",
        "stationType": 3,
        "regionCode": "AE-ABU-DHABI",
        "OBJECTID": 1311,
        "landmark": ""
      }
    },
    {
      "type": "Feature",
      "id": 1311,
      "geometry": {
        "type": "Point",
        "coordinates": [
          54.562400469000067,
          24.408200403000023,
          0
        ]
      },
      "properties": {
        "FID": 1311,
        "X": 54.562399999999997,
        "Y": 24.408200402599999,
        "name": "محطة شارع الح\u064Eد\u0652ر\u064Eة / شارع الجداول",
        "zones": "مدينة خليفة",
        "direction": "أ",
        "description": "شارع الح\u064Eد\u0652ر\u064Eة / شارع الجداول",
        "stationType": 3,
        "regionCode": "AE-ABU-DHABI",
        "OBJECTID": 1312,
        "landmark": ""
      }
    },
    {
      "type": "Feature",
      "id": 1312,
      "geometry": {
        "type": "Point",
        "coordinates": [
          54.558574994000082,
          24.420026452000059,
          0
        ]
      },
      "properties": {
        "FID": 1312,
        "X": 54.558574999999998,
        "Y": 24.420026451599998,
        "name": "محطة مسجد غريسة بنت محمد بلهول السويدي / حديقة الرنيم",
        "zones": "مدينة خليفة",
        "direction": "أ",
        "description": "مسجد غريسة بنت محمد بلهول السويدي / حديقة الرنيم",
        "stationType": 3,
        "regionCode": "AE-ABU-DHABI",
        "OBJECTID": 1313,
        "landmark": ""
      }
    },
    {
      "type": "Feature",
      "id": 1313,
      "geometry": {
        "type": "Point",
        "coordinates": [
          54.561574786000051,
          24.419361755000068,
          0
        ]
      },
      "properties": {
        "FID": 1313,
        "X": 54.561574999999998,
        "Y": 24.419361754800001,
        "name": "محطة شارع المرضاب / شارع وادي معيشيق",
        "zones": "مدينة خليفة",
        "direction": "أ",
        "description": "شارع المرضاب / شارع وادي معيشيق",
        "stationType": 3,
        "regionCode": "AE-ABU-DHABI",
        "OBJECTID": 1314,
        "landmark": ""
      }
    },
    {
      "type": "Feature",
      "id": 1314,
      "geometry": {
        "type": "Point",
        "coordinates": [
          54.562695052000038,
          24.414929804000053,
          0
        ]
      },
      "properties": {
        "FID": 1314,
        "X": 54.562694999999998,
        "Y": 24.414929804100002,
        "name": "محطة شارع الهتون / مسجد سعيد محمد خلف المزروعي",
        "zones": "مدينة خليفة",
        "direction": "أ",
        "description": "شارع الهتون / مسجد سعيد محمد خلف المزروعي",
        "stationType": 3,
        "regionCode": "AE-ABU-DHABI",
        "OBJECTID": 1315,
        "landmark": ""
      }
    },
    {
      "type": "Feature",
      "id": 1315,
      "geometry": {
        "type": "Point",
        "coordinates": [
          54.559794305000082,
          24.415063572000065,
          0
        ]
      },
      "properties": {
        "FID": 1315,
        "X": 54.559793999999997,
        "Y": 24.415063572299999,
        "name": "محطة شارع الديماس / حديقة الأرجوان",
        "zones": "مدينة خليفة",
        "direction": "أ",
        "description": "شارع الديماس / حديقة الأرجوان",
        "stationType": 3,
        "regionCode": "AE-ABU-DHABI",
        "OBJECTID": 1316,
        "landmark": ""
      }
    }
  ]
}